mode,k_theory,k_FD,error_pct
1,1.57079633,1.57063926,0.009999
2,4.71238898,4.71191761,0.010003
3,7.85398163,7.85319551,0.010009
4,10.99557429,10.99447263,0.010019
5,14.13716694,14.13574866,0.010032
6,17.27875959,17.27702330,0.010049
7,20.42035225,20.41829623,0.010068
8,23.56194490,23.55956715,0.010091
