0 1
0 2
0 3
0 4
0 5
0 6
0 7
0 8
0 9
0 10
0 11
0 12
1 2
1 3
1 4
1 5
1 6
1 13
1 14
1 15
1 16
1 19
1 33
2 3
2 4
2 7
2 8
2 13
2 14
2 17
2 18
2 20
2 34
3 5
3 7
3 9
3 13
3 15
3 17
3 21
3 23
3 35
4 6
4 8
4 10
4 14
4 16
4 18
4 22
4 24
4 36
5 6
5 9
5 11
5 15
5 19
5 21
5 25
5 27
5 37
6 10
6 11
6 16
6 19
6 22
6 25
6 28
6 38
7 8
7 9
7 12
7 17
7 20
7 23
7 26
7 29
7 39
8 10
8 12
8 18
8 20
8 24
8 26
8 30
8 40
9 11
9 12
9 21
9 23
9 27
9 29
9 31
9 41
10 11
10 12
10 22
10 24
10 28
10 30
10 32
10 42
11 12
11 25
11 27
11 28
11 31
11 32
11 43
12 26
12 29
12 30
12 31
12 32
12 44
13 14
13 15
13 17
13 33
13 34
13 35
13 45
13 46
13 48
14 16
14 18
14 33
14 34
14 36
14 45
14 47
14 49
15 19
15 21
15 33
15 35
15 37
15 46
15 50
15 54
16 19
16 22
16 33
16 36
16 38
16 47
16 51
16 55
17 20
17 23
17 34
17 35
17 39
17 48
17 52
17 56
18 20
18 24
18 34
18 36
18 40
18 49
18 53
18 57
19 25
19 33
19 37
19 38
19 50
19 51
19 58
20 26
20 34
20 39
20 40
20 52
20 53
20 61
21 23
21 27
21 35
21 37
21 41
21 54
21 59
21 62
22 24
22 28
22 36
22 38
22 42
22 55
22 60
22 63
23 29
23 35
23 39
23 41
23 56
23 59
23 64
24 30
24 36
24 40
24 42
24 57
24 60
24 65
25 27
25 28
25 37
25 38
25 43
25 58
25 66
25 67
26 29
26 30
26 39
26 40
26 44
26 61
26 68
26 69
27 31
27 37
27 41
27 43
27 62
27 66
27 70
28 32
28 38
28 42
28 43
28 63
28 67
28 71
29 31
29 39
29 41
29 44
29 64
29 68
29 72
30 32
30 40
30 42
30 44
30 65
30 69
30 73
31 32
31 41
31 43
31 44
31 70
31 72
31 74
32 42
32 43
32 44
32 71
32 73
32 74
33 45
33 46
33 47
33 50
33 51
33 75
34 45
34 48
34 49
34 52
34 53
34 76
35 46
35 48
35 54
35 56
35 59
35 77
36 47
36 49
36 55
36 57
36 60
36 78
37 50
37 54
37 58
37 62
37 66
37 79
38 51
38 55
38 58
38 63
38 67
38 80
39 52
39 56
39 61
39 64
39 68
39 81
40 53
40 57
40 61
40 65
40 69
40 82
41 59
41 62
41 64
41 70
41 72
41 83
42 60
42 63
42 65
42 71
42 73
42 84
43 66
43 67
43 70
43 71
43 74
43 85
44 68
44 69
44 72
44 73
44 74
44 86
45 46
45 47
45 48
45 49
45 75
45 76
45 87
45 88
46 48
46 50
46 54
46 75
46 77
46 87
46 89
47 49
47 51
47 55
47 75
47 78
47 88
47 90
48 52
48 56
48 76
48 77
48 87
48 91
49 53
49 57
49 76
49 78
49 88
49 92
50 51
50 54
50 58
50 75
50 79
50 89
50 93
51 55
51 58
51 75
51 80
51 90
51 93
52 53
52 56
52 61
52 76
52 81
52 91
52 94
53 57
53 61
53 76
53 82
53 92
53 94
54 59
54 62
54 77
54 79
54 89
54 95
55 60
55 63
55 78
55 80
55 90
55 96
56 59
56 64
56 77
56 81
56 91
56 97
57 60
57 65
57 78
57 82
57 92
57 98
58 66
58 67
58 79
58 80
58 93
58 99
59 62
59 64
59 77
59 83
59 95
59 97
60 63
60 65
60 78
60 84
60 96
60 98
61 68
61 69
61 81
61 82
61 94
61 100
62 66
62 70
62 79
62 83
62 95
62 101
63 67
63 71
63 80
63 84
63 96
63 102
64 68
64 72
64 81
64 83
64 97
64 103
65 69
65 73
65 82
65 84
65 98
65 104
66 67
66 70
66 79
66 85
66 99
66 101
67 71
67 80
67 85
67 99
67 102
68 69
68 72
68 81
68 86
68 100
68 103
69 73
69 82
69 86
69 100
69 104
70 72
70 74
70 83
70 85
70 101
70 105
71 73
71 74
71 84
71 85
71 102
71 106
72 74
72 83
72 86
72 103
72 105
73 74
73 84
73 86
73 104
73 106
74 85
74 86
74 105
74 106
75 87
75 88
75 89
75 90
75 93
75 107
76 87
76 88
76 91
76 92
76 94
76 108
77 87
77 89
77 91
77 95
77 97
77 109
78 88
78 90
78 92
78 96
78 98
78 110
79 89
79 93
79 95
79 99
79 101
79 111
80 90
80 93
80 96
80 99
80 102
80 112
81 91
81 94
81 97
81 100
81 103
81 113
82 92
82 94
82 98
82 100
82 104
82 114
83 95
83 97
83 101
83 103
83 105
83 115
84 96
84 98
84 102
84 104
84 106
84 116
85 99
85 101
85 102
85 105
85 106
85 117
86 100
86 103
86 104
86 105
86 106
86 118
87 88
87 89
87 91
87 107
87 108
87 109
88 90
88 92
88 107
88 108
88 110
89 93
89 95
89 107
89 109
89 111
90 93
90 96
90 107
90 110
90 112
91 94
91 97
91 108
91 109
91 113
92 94
92 98
92 108
92 110
92 114
93 99
93 107
93 111
93 112
94 100
94 108
94 113
94 114
95 97
95 101
95 109
95 111
95 115
96 98
96 102
96 110
96 112
96 116
97 103
97 109
97 113
97 115
98 104
98 110
98 114
98 116
99 101
99 102
99 111
99 112
99 117
100 103
100 104
100 113
100 114
100 118
101 105
101 111
101 115
101 117
102 106
102 112
102 116
102 117
103 105
103 113
103 115
103 118
104 106
104 114
104 116
104 118
105 106
105 115
105 117
105 118
106 116
106 117
106 118
107 108
107 109
107 110
107 111
107 112
107 119
108 109
108 110
108 113
108 114
108 119
109 111
109 113
109 115
109 119
110 112
110 114
110 116
110 119
111 112
111 115
111 117
111 119
112 116
112 117
112 119
113 114
113 115
113 118
113 119
114 116
114 118
114 119
115 117
115 118
115 119
116 117
116 118
116 119
117 118
117 119
118 119
120 121
120 122
120 123
120 124
120 125
120 126
120 127
120 128
120 129
120 130
120 131
120 132
121 122
121 123
121 124
121 125
121 126
121 133
121 134
121 135
121 136
121 139
121 153
122 123
122 124
122 127
122 128
122 133
122 134
122 137
122 138
122 140
122 154
123 125
123 127
123 129
123 133
123 135
123 137
123 141
123 143
123 155
124 126
124 128
124 130
124 134
124 136
124 138
124 142
124 144
124 156
125 126
125 129
125 131
125 135
125 139
125 141
125 145
125 147
125 157
126 130
126 131
126 136
126 139
126 142
126 145
126 148
126 158
127 128
127 129
127 132
127 137
127 140
127 143
127 146
127 149
127 159
128 130
128 132
128 138
128 140
128 144
128 146
128 150
128 160
129 131
129 132
129 141
129 143
129 147
129 149
129 151
129 161
130 131
130 132
130 142
130 144
130 148
130 150
130 152
130 162
131 132
131 145
131 147
131 148
131 151
131 152
131 163
132 146
132 149
132 150
132 151
132 152
132 164
133 134
133 135
133 137
133 153
133 154
133 155
133 165
133 166
133 168
134 136
134 138
134 153
134 154
134 156
134 165
134 167
134 169
135 139
135 141
135 153
135 155
135 157
135 166
135 170
135 174
136 139
136 142
136 153
136 156
136 158
136 167
136 171
136 175
137 140
137 143
137 154
137 155
137 159
137 168
137 172
137 176
138 140
138 144
138 154
138 156
138 160
138 169
138 173
138 177
139 145
139 153
139 157
139 158
139 170
139 171
139 178
140 146
140 154
140 159
140 160
140 172
140 173
140 181
141 143
141 147
141 155
141 157
141 161
141 174
141 179
141 182
142 144
142 148
142 156
142 158
142 162
142 175
142 180
142 183
143 149
143 155
143 159
143 161
143 176
143 179
143 184
144 150
144 156
144 160
144 162
144 177
144 180
144 185
145 147
145 148
145 157
145 158
145 163
145 178
145 186
145 187
146 149
146 150
146 159
146 160
146 164
146 181
146 188
146 189
147 151
147 157
147 161
147 163
147 182
147 186
147 190
148 152
148 158
148 162
148 163
148 183
148 187
148 191
149 151
149 159
149 161
149 164
149 184
149 188
149 192
150 152
150 160
150 162
150 164
150 185
150 189
150 193
151 152
151 161
151 163
151 164
151 190
151 192
151 194
152 162
152 163
152 164
152 191
152 193
152 194
153 165
153 166
153 167
153 170
153 171
153 195
154 165
154 168
154 169
154 172
154 173
154 196
155 166
155 168
155 174
155 176
155 179
155 197
156 167
156 169
156 175
156 177
156 180
156 198
157 170
157 174
157 178
157 182
157 186
157 199
158 171
158 175
158 178
158 183
158 187
158 200
159 172
159 176
159 181
159 184
159 188
159 201
160 173
160 177
160 181
160 185
160 189
160 202
161 179
161 182
161 184
161 190
161 192
161 203
162 180
162 183
162 185
162 191
162 193
162 204
163 186
163 187
163 190
163 191
163 194
163 205
164 188
164 189
164 192
164 193
164 194
164 206
165 166
165 167
165 168
165 169
165 195
165 196
165 207
165 208
166 168
166 170
166 174
166 195
166 197
166 207
166 209
167 169
167 171
167 175
167 195
167 198
167 208
167 210
168 172
168 176
168 196
168 197
168 207
168 211
169 173
169 177
169 196
169 198
169 208
169 212
170 171
170 174
170 178
170 195
170 199
170 209
170 213
171 175
171 178
171 195
171 200
171 210
171 213
172 173
172 176
172 181
172 196
172 201
172 211
172 214
173 177
173 181
173 196
173 202
173 212
173 214
174 179
174 182
174 197
174 199
174 209
174 215
175 180
175 183
175 198
175 200
175 210
175 216
176 179
176 184
176 197
176 201
176 211
176 217
177 180
177 185
177 198
177 202
177 212
177 218
178 186
178 187
178 199
178 200
178 213
178 219
179 182
179 184
179 197
179 203
179 215
179 217
180 183
180 185
180 198
180 204
180 216
180 218
181 188
181 189
181 201
181 202
181 214
181 220
182 186
182 190
182 199
182 203
182 215
182 221
183 187
183 191
183 200
183 204
183 216
183 222
184 188
184 192
184 201
184 203
184 217
184 223
185 189
185 193
185 202
185 204
185 218
185 224
186 187
186 190
186 199
186 205
186 219
186 221
187 191
187 200
187 205
187 219
187 222
188 189
188 192
188 201
188 206
188 220
188 223
189 193
189 202
189 206
189 220
189 224
190 192
190 194
190 203
190 205
190 221
190 225
191 193
191 194
191 204
191 205
191 222
191 226
192 194
192 203
192 206
192 223
192 225
193 194
193 204
193 206
193 224
193 226
194 205
194 206
194 225
194 226
195 207
195 208
195 209
195 210
195 213
195 227
196 207
196 208
196 211
196 212
196 214
196 228
197 207
197 209
197 211
197 215
197 217
197 229
198 208
198 210
198 212
198 216
198 218
198 230
199 209
199 213
199 215
199 219
199 221
199 231
200 210
200 213
200 216
200 219
200 222
200 232
201 211
201 214
201 217
201 220
201 223
201 233
202 212
202 214
202 218
202 220
202 224
202 234
203 215
203 217
203 221
203 223
203 225
203 235
204 216
204 218
204 222
204 224
204 226
204 236
205 219
205 221
205 222
205 225
205 226
205 237
206 220
206 223
206 224
206 225
206 226
206 238
207 208
207 209
207 211
207 227
207 228
207 229
208 210
208 212
208 227
208 228
208 230
209 213
209 215
209 227
209 229
209 231
210 213
210 216
210 227
210 230
210 232
211 214
211 217
211 228
211 229
211 233
212 214
212 218
212 228
212 230
212 234
213 219
213 227
213 231
213 232
214 220
214 228
214 233
214 234
215 217
215 221
215 229
215 231
215 235
216 218
216 222
216 230
216 232
216 236
217 223
217 229
217 233
217 235
218 224
218 230
218 234
218 236
219 221
219 222
219 231
219 232
219 237
220 223
220 224
220 233
220 234
220 238
221 225
221 231
221 235
221 237
222 226
222 232
222 236
222 237
223 225
223 233
223 235
223 238
224 226
224 234
224 236
224 238
225 226
225 235
225 237
225 238
226 236
226 237
226 238
227 228
227 229
227 230
227 231
227 232
227 239
228 229
228 230
228 233
228 234
228 239
229 231
229 233
229 235
229 239
230 232
230 234
230 236
230 239
231 232
231 235
231 237
231 239
232 236
232 237
232 239
233 234
233 235
233 238
233 239
234 236
234 238
234 239
235 237
235 238
235 239
236 237
236 238
236 239
237 238
237 239
238 239
240 241
240 242
240 243
240 244
240 245
240 246
240 247
240 248
240 249
240 250
240 251
240 252
241 242
241 243
241 244
241 245
241 246
241 253
241 254
241 255
241 256
241 259
241 273
242 243
242 244
242 247
242 248
242 253
242 254
242 257
242 258
242 260
242 274
243 245
243 247
243 249
243 253
243 255
243 257
243 261
243 263
243 275
244 246
244 248
244 250
244 254
244 256
244 258
244 262
244 264
244 276
245 246
245 249
245 251
245 255
245 259
245 261
245 265
245 267
245 277
246 250
246 251
246 256
246 259
246 262
246 265
246 268
246 278
247 248
247 249
247 252
247 257
247 260
247 263
247 266
247 269
247 279
248 250
248 252
248 258
248 260
248 264
248 266
248 270
248 280
249 251
249 252
249 261
249 263
249 267
249 269
249 271
249 281
250 251
250 252
250 262
250 264
250 268
250 270
250 272
250 282
251 252
251 265
251 267
251 268
251 271
251 272
251 283
252 266
252 269
252 270
252 271
252 272
252 284
253 254
253 255
253 257
253 273
253 274
253 275
253 285
253 286
253 288
254 256
254 258
254 273
254 274
254 276
254 285
254 287
254 289
255 259
255 261
255 273
255 275
255 277
255 286
255 290
255 294
256 259
256 262
256 273
256 276
256 278
256 287
256 291
256 295
257 260
257 263
257 274
257 275
257 279
257 288
257 292
257 296
258 260
258 264
258 274
258 276
258 280
258 289
258 293
258 297
259 265
259 273
259 277
259 278
259 290
259 291
259 298
260 266
260 274
260 279
260 280
260 292
260 293
260 301
261 263
261 267
261 275
261 277
261 281
261 294
261 299
261 302
262 264
262 268
262 276
262 278
262 282
262 295
262 300
262 303
263 269
263 275
263 279
263 281
263 296
263 299
263 304
264 270
264 276
264 280
264 282
264 297
264 300
264 305
265 267
265 268
265 277
265 278
265 283
265 298
265 306
265 307
266 269
266 270
266 279
266 280
266 284
266 301
266 308
266 309
267 271
267 277
267 281
267 283
267 302
267 306
267 310
268 272
268 278
268 282
268 283
268 303
268 307
268 311
269 271
269 279
269 281
269 284
269 304
269 308
269 312
270 272
270 280
270 282
270 284
270 305
270 309
270 313
271 272
271 281
271 283
271 284
271 310
271 312
271 314
272 282
272 283
272 284
272 311
272 313
272 314
273 285
273 286
273 287
273 290
273 291
273 315
274 285
274 288
274 289
274 292
274 293
274 316
275 286
275 288
275 294
275 296
275 299
275 317
276 287
276 289
276 295
276 297
276 300
276 318
277 290
277 294
277 298
277 302
277 306
277 319
278 291
278 295
278 298
278 303
278 307
278 320
279 292
279 296
279 301
279 304
279 308
279 321
280 293
280 297
280 301
280 305
280 309
280 322
281 299
281 302
281 304
281 310
281 312
281 323
282 300
282 303
282 305
282 311
282 313
282 324
283 306
283 307
283 310
283 311
283 314
283 325
284 308
284 309
284 312
284 313
284 314
284 326
285 286
285 287
285 288
285 289
285 315
285 316
285 327
285 328
286 288
286 290
286 294
286 315
286 317
286 327
286 329
287 289
287 291
287 295
287 315
287 318
287 328
287 330
288 292
288 296
288 316
288 317
288 327
288 331
289 293
289 297
289 316
289 318
289 328
289 332
290 291
290 294
290 298
290 315
290 319
290 329
290 333
291 295
291 298
291 315
291 320
291 330
291 333
292 293
292 296
292 301
292 316
292 321
292 331
292 334
293 297
293 301
293 316
293 322
293 332
293 334
294 299
294 302
294 317
294 319
294 329
294 335
295 300
295 303
295 318
295 320
295 330
295 336
296 299
296 304
296 317
296 321
296 331
296 337
297 300
297 305
297 318
297 322
297 332
297 338
298 306
298 307
298 319
298 320
298 333
298 339
299 302
299 304
299 317
299 323
299 335
299 337
300 303
300 305
300 318
300 324
300 336
300 338
301 308
301 309
301 321
301 322
301 334
301 340
302 306
302 310
302 319
302 323
302 335
302 341
303 307
303 311
303 320
303 324
303 336
303 342
304 308
304 312
304 321
304 323
304 337
304 343
305 309
305 313
305 322
305 324
305 338
305 344
306 307
306 310
306 319
306 325
306 339
306 341
307 311
307 320
307 325
307 339
307 342
308 309
308 312
308 321
308 326
308 340
308 343
309 313
309 322
309 326
309 340
309 344
310 312
310 314
310 323
310 325
310 341
310 345
311 313
311 314
311 324
311 325
311 342
311 346
312 314
312 323
312 326
312 343
312 345
313 314
313 324
313 326
313 344
313 346
314 325
314 326
314 345
314 346
315 327
315 328
315 329
315 330
315 333
315 347
316 327
316 328
316 331
316 332
316 334
316 348
317 327
317 329
317 331
317 335
317 337
317 349
318 328
318 330
318 332
318 336
318 338
318 350
319 329
319 333
319 335
319 339
319 341
319 351
320 330
320 333
320 336
320 339
320 342
320 352
321 331
321 334
321 337
321 340
321 343
321 353
322 332
322 334
322 338
322 340
322 344
322 354
323 335
323 337
323 341
323 343
323 345
323 355
324 336
324 338
324 342
324 344
324 346
324 356
325 339
325 341
325 342
325 345
325 346
325 357
326 340
326 343
326 344
326 345
326 346
326 358
327 328
327 329
327 331
327 347
327 348
327 349
328 330
328 332
328 347
328 348
328 350
329 333
329 335
329 347
329 349
329 351
330 333
330 336
330 347
330 350
330 352
331 334
331 337
331 348
331 349
331 353
332 334
332 338
332 348
332 350
332 354
333 339
333 347
333 351
333 352
334 340
334 348
334 353
334 354
335 337
335 341
335 349
335 351
335 355
336 338
336 342
336 350
336 352
336 356
337 343
337 349
337 353
337 355
338 344
338 350
338 354
338 356
339 341
339 342
339 351
339 352
339 357
340 343
340 344
340 353
340 354
340 358
341 345
341 351
341 355
341 357
342 346
342 352
342 356
342 357
343 345
343 353
343 355
343 358
344 346
344 354
344 356
344 358
345 346
345 355
345 357
345 358
346 356
346 357
346 358
347 348
347 349
347 350
347 351
347 352
347 359
348 349
348 350
348 353
348 354
348 359
349 351
349 353
349 355
349 359
350 352
350 354
350 356
350 359
351 352
351 355
351 357
351 359
352 356
352 357
352 359
353 354
353 355
353 358
353 359
354 356
354 358
354 359
355 357
355 358
355 359
356 357
356 358
356 359
357 358
357 359
358 359
360 361
360 362
360 363
360 364
360 365
360 366
360 367
360 368
360 369
360 370
360 371
360 372
361 362
361 363
361 364
361 365
361 366
361 373
361 374
361 375
361 376
361 379
361 393
362 363
362 364
362 367
362 368
362 373
362 374
362 377
362 378
362 380
362 394
363 365
363 367
363 369
363 373
363 375
363 377
363 381
363 383
363 395
364 366
364 368
364 370
364 374
364 376
364 378
364 382
364 384
364 396
365 366
365 369
365 371
365 375
365 379
365 381
365 385
365 387
365 397
366 370
366 371
366 376
366 379
366 382
366 385
366 388
366 398
367 368
367 369
367 372
367 377
367 380
367 383
367 386
367 389
367 399
368 370
368 372
368 378
368 380
368 384
368 386
368 390
368 400
369 371
369 372
369 381
369 383
369 387
369 389
369 391
369 401
370 371
370 372
370 382
370 384
370 388
370 390
370 392
370 402
371 372
371 385
371 387
371 388
371 391
371 392
371 403
372 386
372 389
372 390
372 391
372 392
372 404
373 374
373 375
373 377
373 393
373 394
373 395
373 405
373 406
373 408
374 376
374 378
374 393
374 394
374 396
374 405
374 407
374 409
375 379
375 381
375 393
375 395
375 397
375 406
375 410
375 414
376 379
376 382
376 393
376 396
376 398
376 407
376 411
376 415
377 380
377 383
377 394
377 395
377 399
377 408
377 412
377 416
378 380
378 384
378 394
378 396
378 400
378 409
378 413
378 417
379 385
379 393
379 397
379 398
379 410
379 411
379 418
380 386
380 394
380 399
380 400
380 412
380 413
380 421
381 383
381 387
381 395
381 397
381 401
381 414
381 419
381 422
382 384
382 388
382 396
382 398
382 402
382 415
382 420
382 423
383 389
383 395
383 399
383 401
383 416
383 419
383 424
384 390
384 396
384 400
384 402
384 417
384 420
384 425
385 387
385 388
385 397
385 398
385 403
385 418
385 426
385 427
386 389
386 390
386 399
386 400
386 404
386 421
386 428
386 429
387 391
387 397
387 401
387 403
387 422
387 426
387 430
388 392
388 398
388 402
388 403
388 423
388 427
388 431
389 391
389 399
389 401
389 404
389 424
389 428
389 432
390 392
390 400
390 402
390 404
390 425
390 429
390 433
391 392
391 401
391 403
391 404
391 430
391 432
391 434
392 402
392 403
392 404
392 431
392 433
392 434
393 405
393 406
393 407
393 410
393 411
393 435
394 405
394 408
394 409
394 412
394 413
394 436
395 406
395 408
395 414
395 416
395 419
395 437
396 407
396 409
396 415
396 417
396 420
396 438
397 410
397 414
397 418
397 422
397 426
397 439
398 411
398 415
398 418
398 423
398 427
398 440
399 412
399 416
399 421
399 424
399 428
399 441
400 413
400 417
400 421
400 425
400 429
400 442
401 419
401 422
401 424
401 430
401 432
401 443
402 420
402 423
402 425
402 431
402 433
402 444
403 426
403 427
403 430
403 431
403 434
403 445
404 428
404 429
404 432
404 433
404 434
404 446
405 406
405 407
405 408
405 409
405 435
405 436
405 447
405 448
406 408
406 410
406 414
406 435
406 437
406 447
406 449
407 409
407 411
407 415
407 435
407 438
407 448
407 450
408 412
408 416
408 436
408 437
408 447
408 451
409 413
409 417
409 436
409 438
409 448
409 452
410 411
410 414
410 418
410 435
410 439
410 449
410 453
411 415
411 418
411 435
411 440
411 450
411 453
412 413
412 416
412 421
412 436
412 441
412 451
412 454
413 417
413 421
413 436
413 442
413 452
413 454
414 419
414 422
414 437
414 439
414 449
414 455
415 420
415 423
415 438
415 440
415 450
415 456
416 419
416 424
416 437
416 441
416 451
416 457
417 420
417 425
417 438
417 442
417 452
417 458
418 426
418 427
418 439
418 440
418 453
418 459
419 422
419 424
419 437
419 443
419 455
419 457
420 423
420 425
420 438
420 444
420 456
420 458
421 428
421 429
421 441
421 442
421 454
421 460
422 426
422 430
422 439
422 443
422 455
422 461
423 427
423 431
423 440
423 444
423 456
423 462
424 428
424 432
424 441
424 443
424 457
424 463
425 429
425 433
425 442
425 444
425 458
425 464
426 427
426 430
426 439
426 445
426 459
426 461
427 431
427 440
427 445
427 459
427 462
428 429
428 432
428 441
428 446
428 460
428 463
429 433
429 442
429 446
429 460
429 464
430 432
430 434
430 443
430 445
430 461
430 465
431 433
431 434
431 444
431 445
431 462
431 466
432 434
432 443
432 446
432 463
432 465
433 434
433 444
433 446
433 464
433 466
434 445
434 446
434 465
434 466
435 447
435 448
435 449
435 450
435 453
435 467
436 447
436 448
436 451
436 452
436 454
436 468
437 447
437 449
437 451
437 455
437 457
437 469
438 448
438 450
438 452
438 456
438 458
438 470
439 449
439 453
439 455
439 459
439 461
439 471
440 450
440 453
440 456
440 459
440 462
440 472
441 451
441 454
441 457
441 460
441 463
441 473
442 452
442 454
442 458
442 460
442 464
442 474
443 455
443 457
443 461
443 463
443 465
443 475
444 456
444 458
444 462
444 464
444 466
444 476
445 459
445 461
445 462
445 465
445 466
445 477
446 460
446 463
446 464
446 465
446 466
446 478
447 448
447 449
447 451
447 467
447 468
447 469
448 450
448 452
448 467
448 468
448 470
449 453
449 455
449 467
449 469
449 471
450 453
450 456
450 467
450 470
450 472
451 454
451 457
451 468
451 469
451 473
452 454
452 458
452 468
452 470
452 474
453 459
453 467
453 471
453 472
454 460
454 468
454 473
454 474
455 457
455 461
455 469
455 471
455 475
456 458
456 462
456 470
456 472
456 476
457 463
457 469
457 473
457 475
458 464
458 470
458 474
458 476
459 461
459 462
459 471
459 472
459 477
460 463
460 464
460 473
460 474
460 478
461 465
461 471
461 475
461 477
462 466
462 472
462 476
462 477
463 465
463 473
463 475
463 478
464 466
464 474
464 476
464 478
465 466
465 475
465 477
465 478
466 476
466 477
466 478
467 468
467 469
467 470
467 471
467 472
467 479
468 469
468 470
468 473
468 474
468 479
469 471
469 473
469 475
469 479
470 472
470 474
470 476
470 479
471 472
471 475
471 477
471 479
472 476
472 477
472 479
473 474
473 475
473 478
473 479
474 476
474 478
474 479
475 477
475 478
475 479
476 477
476 478
476 479
477 478
477 479
478 479
480 481
480 482
480 483
480 484
480 485
480 486
480 487
480 488
480 489
480 490
480 491
480 492
481 482
481 483
481 484
481 485
481 486
481 493
481 494
481 495
481 496
481 499
481 513
482 483
482 484
482 487
482 488
482 493
482 494
482 497
482 498
482 500
482 514
483 485
483 487
483 489
483 493
483 495
483 497
483 501
483 503
483 515
484 486
484 488
484 490
484 494
484 496
484 498
484 502
484 504
484 516
485 486
485 489
485 491
485 495
485 499
485 501
485 505
485 507
485 517
486 490
486 491
486 496
486 499
486 502
486 505
486 508
486 518
487 488
487 489
487 492
487 497
487 500
487 503
487 506
487 509
487 519
488 490
488 492
488 498
488 500
488 504
488 506
488 510
488 520
489 491
489 492
489 501
489 503
489 507
489 509
489 511
489 521
490 491
490 492
490 502
490 504
490 508
490 510
490 512
490 522
491 492
491 505
491 507
491 508
491 511
491 512
491 523
492 506
492 509
492 510
492 511
492 512
492 524
493 494
493 495
493 497
493 513
493 514
493 515
493 525
493 526
493 528
494 496
494 498
494 513
494 514
494 516
494 525
494 527
494 529
495 499
495 501
495 513
495 515
495 517
495 526
495 530
495 534
496 499
496 502
496 513
496 516
496 518
496 527
496 531
496 535
497 500
497 503
497 514
497 515
497 519
497 528
497 532
497 536
498 500
498 504
498 514
498 516
498 520
498 529
498 533
498 537
499 505
499 513
499 517
499 518
499 530
499 531
499 538
500 506
500 514
500 519
500 520
500 532
500 533
500 541
501 503
501 507
501 515
501 517
501 521
501 534
501 539
501 542
502 504
502 508
502 516
502 518
502 522
502 535
502 540
502 543
503 509
503 515
503 519
503 521
503 536
503 539
503 544
504 510
504 516
504 520
504 522
504 537
504 540
504 545
505 507
505 508
505 517
505 518
505 523
505 538
505 546
505 547
506 509
506 510
506 519
506 520
506 524
506 541
506 548
506 549
507 511
507 517
507 521
507 523
507 542
507 546
507 550
508 512
508 518
508 522
508 523
508 543
508 547
508 551
509 511
509 519
509 521
509 524
509 544
509 548
509 552
510 512
510 520
510 522
510 524
510 545
510 549
510 553
511 512
511 521
511 523
511 524
511 550
511 552
511 554
512 522
512 523
512 524
512 551
512 553
512 554
513 525
513 526
513 527
513 530
513 531
513 555
514 525
514 528
514 529
514 532
514 533
514 556
515 526
515 528
515 534
515 536
515 539
515 557
516 527
516 529
516 535
516 537
516 540
516 558
517 530
517 534
517 538
517 542
517 546
517 559
518 531
518 535
518 538
518 543
518 547
518 560
519 532
519 536
519 541
519 544
519 548
519 561
520 533
520 537
520 541
520 545
520 549
520 562
521 539
521 542
521 544
521 550
521 552
521 563
522 540
522 543
522 545
522 551
522 553
522 564
523 546
523 547
523 550
523 551
523 554
523 565
524 548
524 549
524 552
524 553
524 554
524 566
525 526
525 527
525 528
525 529
525 555
525 556
525 567
525 568
526 528
526 530
526 534
526 555
526 557
526 567
526 569
527 529
527 531
527 535
527 555
527 558
527 568
527 570
528 532
528 536
528 556
528 557
528 567
528 571
529 533
529 537
529 556
529 558
529 568
529 572
530 531
530 534
530 538
530 555
530 559
530 569
530 573
531 535
531 538
531 555
531 560
531 570
531 573
532 533
532 536
532 541
532 556
532 561
532 571
532 574
533 537
533 541
533 556
533 562
533 572
533 574
534 539
534 542
534 557
534 559
534 569
534 575
535 540
535 543
535 558
535 560
535 570
535 576
536 539
536 544
536 557
536 561
536 571
536 577
537 540
537 545
537 558
537 562
537 572
537 578
538 546
538 547
538 559
538 560
538 573
538 579
539 542
539 544
539 557
539 563
539 575
539 577
540 543
540 545
540 558
540 564
540 576
540 578
541 548
541 549
541 561
541 562
541 574
541 580
542 546
542 550
542 559
542 563
542 575
542 581
543 547
543 551
543 560
543 564
543 576
543 582
544 548
544 552
544 561
544 563
544 577
544 583
545 549
545 553
545 562
545 564
545 578
545 584
546 547
546 550
546 559
546 565
546 579
546 581
547 551
547 560
547 565
547 579
547 582
548 549
548 552
548 561
548 566
548 580
548 583
549 553
549 562
549 566
549 580
549 584
550 552
550 554
550 563
550 565
550 581
550 585
551 553
551 554
551 564
551 565
551 582
551 586
552 554
552 563
552 566
552 583
552 585
553 554
553 564
553 566
553 584
553 586
554 565
554 566
554 585
554 586
555 567
555 568
555 569
555 570
555 573
555 587
556 567
556 568
556 571
556 572
556 574
556 588
557 567
557 569
557 571
557 575
557 577
557 589
558 568
558 570
558 572
558 576
558 578
558 590
559 569
559 573
559 575
559 579
559 581
559 591
560 570
560 573
560 576
560 579
560 582
560 592
561 571
561 574
561 577
561 580
561 583
561 593
562 572
562 574
562 578
562 580
562 584
562 594
563 575
563 577
563 581
563 583
563 585
563 595
564 576
564 578
564 582
564 584
564 586
564 596
565 579
565 581
565 582
565 585
565 586
565 597
566 580
566 583
566 584
566 585
566 586
566 598
567 568
567 569
567 571
567 587
567 588
567 589
568 570
568 572
568 587
568 588
568 590
569 573
569 575
569 587
569 589
569 591
570 573
570 576
570 587
570 590
570 592
571 574
571 577
571 588
571 589
571 593
572 574
572 578
572 588
572 590
572 594
573 579
573 587
573 591
573 592
574 580
574 588
574 593
574 594
575 577
575 581
575 589
575 591
575 595
576 578
576 582
576 590
576 592
576 596
577 583
577 589
577 593
577 595
578 584
578 590
578 594
578 596
579 581
579 582
579 591
579 592
579 597
580 583
580 584
580 593
580 594
580 598
581 585
581 591
581 595
581 597
582 586
582 592
582 596
582 597
583 585
583 593
583 595
583 598
584 586
584 594
584 596
584 598
585 586
585 595
585 597
585 598
586 596
586 597
586 598
587 588
587 589
587 590
587 591
587 592
587 599
588 589
588 590
588 593
588 594
588 599
589 591
589 593
589 595
589 599
590 592
590 594
590 596
590 599
591 592
591 595
591 597
591 599
592 596
592 597
592 599
593 594
593 595
593 598
593 599
594 596
594 598
594 599
595 597
595 598
595 599
596 597
596 598
596 599
597 598
597 599
598 599
600 601
600 602
600 603
600 604
600 605
600 606
600 607
600 608
600 609
600 610
600 611
600 612
601 602
601 603
601 604
601 605
601 606
601 613
601 614
601 615
601 616
601 619
601 633
602 603
602 604
602 607
602 608
602 613
602 614
602 617
602 618
602 620
602 634
603 605
603 607
603 609
603 613
603 615
603 617
603 621
603 623
603 635
604 606
604 608
604 610
604 614
604 616
604 618
604 622
604 624
604 636
605 606
605 609
605 611
605 615
605 619
605 621
605 625
605 627
605 637
606 610
606 611
606 616
606 619
606 622
606 625
606 628
606 638
607 608
607 609
607 612
607 617
607 620
607 623
607 626
607 629
607 639
608 610
608 612
608 618
608 620
608 624
608 626
608 630
608 640
609 611
609 612
609 621
609 623
609 627
609 629
609 631
609 641
610 611
610 612
610 622
610 624
610 628
610 630
610 632
610 642
611 612
611 625
611 627
611 628
611 631
611 632
611 643
612 626
612 629
612 630
612 631
612 632
612 644
613 614
613 615
613 617
613 633
613 634
613 635
613 645
613 646
613 648
614 616
614 618
614 633
614 634
614 636
614 645
614 647
614 649
615 619
615 621
615 633
615 635
615 637
615 646
615 650
615 654
616 619
616 622
616 633
616 636
616 638
616 647
616 651
616 655
617 620
617 623
617 634
617 635
617 639
617 648
617 652
617 656
618 620
618 624
618 634
618 636
618 640
618 649
618 653
618 657
619 625
619 633
619 637
619 638
619 650
619 651
619 658
620 626
620 634
620 639
620 640
620 652
620 653
620 661
621 623
621 627
621 635
621 637
621 641
621 654
621 659
621 662
622 624
622 628
622 636
622 638
622 642
622 655
622 660
622 663
623 629
623 635
623 639
623 641
623 656
623 659
623 664
624 630
624 636
624 640
624 642
624 657
624 660
624 665
625 627
625 628
625 637
625 638
625 643
625 658
625 666
625 667
626 629
626 630
626 639
626 640
626 644
626 661
626 668
626 669
627 631
627 637
627 641
627 643
627 662
627 666
627 670
628 632
628 638
628 642
628 643
628 663
628 667
628 671
629 631
629 639
629 641
629 644
629 664
629 668
629 672
630 632
630 640
630 642
630 644
630 665
630 669
630 673
631 632
631 641
631 643
631 644
631 670
631 672
631 674
632 642
632 643
632 644
632 671
632 673
632 674
633 645
633 646
633 647
633 650
633 651
633 675
634 645
634 648
634 649
634 652
634 653
634 676
635 646
635 648
635 654
635 656
635 659
635 677
636 647
636 649
636 655
636 657
636 660
636 678
637 650
637 654
637 658
637 662
637 666
637 679
638 651
638 655
638 658
638 663
638 667
638 680
639 652
639 656
639 661
639 664
639 668
639 681
640 653
640 657
640 661
640 665
640 669
640 682
641 659
641 662
641 664
641 670
641 672
641 683
642 660
642 663
642 665
642 671
642 673
642 684
643 666
643 667
643 670
643 671
643 674
643 685
644 668
644 669
644 672
644 673
644 674
644 686
645 646
645 647
645 648
645 649
645 675
645 676
645 687
645 688
646 648
646 650
646 654
646 675
646 677
646 687
646 689
647 649
647 651
647 655
647 675
647 678
647 688
647 690
648 652
648 656
648 676
648 677
648 687
648 691
649 653
649 657
649 676
649 678
649 688
649 692
650 651
650 654
650 658
650 675
650 679
650 689
650 693
651 655
651 658
651 675
651 680
651 690
651 693
652 653
652 656
652 661
652 676
652 681
652 691
652 694
653 657
653 661
653 676
653 682
653 692
653 694
654 659
654 662
654 677
654 679
654 689
654 695
655 660
655 663
655 678
655 680
655 690
655 696
656 659
656 664
656 677
656 681
656 691
656 697
657 660
657 665
657 678
657 682
657 692
657 698
658 666
658 667
658 679
658 680
658 693
658 699
659 662
659 664
659 677
659 683
659 695
659 697
660 663
660 665
660 678
660 684
660 696
660 698
661 668
661 669
661 681
661 682
661 694
661 700
662 666
662 670
662 679
662 683
662 695
662 701
663 667
663 671
663 680
663 684
663 696
663 702
664 668
664 672
664 681
664 683
664 697
664 703
665 669
665 673
665 682
665 684
665 698
665 704
666 667
666 670
666 679
666 685
666 699
666 701
667 671
667 680
667 685
667 699
667 702
668 669
668 672
668 681
668 686
668 700
668 703
669 673
669 682
669 686
669 700
669 704
670 672
670 674
670 683
670 685
670 701
670 705
671 673
671 674
671 684
671 685
671 702
671 706
672 674
672 683
672 686
672 703
672 705
673 674
673 684
673 686
673 704
673 706
674 685
674 686
674 705
674 706
675 687
675 688
675 689
675 690
675 693
675 707
676 687
676 688
676 691
676 692
676 694
676 708
677 687
677 689
677 691
677 695
677 697
677 709
678 688
678 690
678 692
678 696
678 698
678 710
679 689
679 693
679 695
679 699
679 701
679 711
680 690
680 693
680 696
680 699
680 702
680 712
681 691
681 694
681 697
681 700
681 703
681 713
682 692
682 694
682 698
682 700
682 704
682 714
683 695
683 697
683 701
683 703
683 705
683 715
684 696
684 698
684 702
684 704
684 706
684 716
685 699
685 701
685 702
685 705
685 706
685 717
686 700
686 703
686 704
686 705
686 706
686 718
687 688
687 689
687 691
687 707
687 708
687 709
688 690
688 692
688 707
688 708
688 710
689 693
689 695
689 707
689 709
689 711
690 693
690 696
690 707
690 710
690 712
691 694
691 697
691 708
691 709
691 713
692 694
692 698
692 708
692 710
692 714
693 699
693 707
693 711
693 712
694 700
694 708
694 713
694 714
695 697
695 701
695 709
695 711
695 715
696 698
696 702
696 710
696 712
696 716
697 703
697 709
697 713
697 715
698 704
698 710
698 714
698 716
699 701
699 702
699 711
699 712
699 717
700 703
700 704
700 713
700 714
700 718
701 705
701 711
701 715
701 717
702 706
702 712
702 716
702 717
703 705
703 713
703 715
703 718
704 706
704 714
704 716
704 718
705 706
705 715
705 717
705 718
706 716
706 717
706 718
707 708
707 709
707 710
707 711
707 712
707 719
708 709
708 710
708 713
708 714
708 719
709 711
709 713
709 715
709 719
710 712
710 714
710 716
710 719
711 712
711 715
711 717
711 719
712 716
712 717
712 719
713 714
713 715
713 718
713 719
714 716
714 718
714 719
715 717
715 718
715 719
716 717
716 718
716 719
717 718
717 719
718 719
720 721
720 722
720 723
720 724
720 725
720 726
720 727
720 728
720 729
720 730
720 731
720 732
721 722
721 723
721 724
721 725
721 726
721 733
721 734
721 735
721 736
721 739
721 753
722 723
722 724
722 727
722 728
722 733
722 734
722 737
722 738
722 740
722 754
723 725
723 727
723 729
723 733
723 735
723 737
723 741
723 743
723 755
724 726
724 728
724 730
724 734
724 736
724 738
724 742
724 744
724 756
725 726
725 729
725 731
725 735
725 739
725 741
725 745
725 747
725 757
726 730
726 731
726 736
726 739
726 742
726 745
726 748
726 758
727 728
727 729
727 732
727 737
727 740
727 743
727 746
727 749
727 759
728 730
728 732
728 738
728 740
728 744
728 746
728 750
728 760
729 731
729 732
729 741
729 743
729 747
729 749
729 751
729 761
730 731
730 732
730 742
730 744
730 748
730 750
730 752
730 762
731 732
731 745
731 747
731 748
731 751
731 752
731 763
732 746
732 749
732 750
732 751
732 752
732 764
733 734
733 735
733 737
733 753
733 754
733 755
733 765
733 766
733 768
734 736
734 738
734 753
734 754
734 756
734 765
734 767
734 769
735 739
735 741
735 753
735 755
735 757
735 766
735 770
735 774
736 739
736 742
736 753
736 756
736 758
736 767
736 771
736 775
737 740
737 743
737 754
737 755
737 759
737 768
737 772
737 776
738 740
738 744
738 754
738 756
738 760
738 769
738 773
738 777
739 745
739 753
739 757
739 758
739 770
739 771
739 778
740 746
740 754
740 759
740 760
740 772
740 773
740 781
741 743
741 747
741 755
741 757
741 761
741 774
741 779
741 782
742 744
742 748
742 756
742 758
742 762
742 775
742 780
742 783
743 749
743 755
743 759
743 761
743 776
743 779
743 784
744 750
744 756
744 760
744 762
744 777
744 780
744 785
745 747
745 748
745 757
745 758
745 763
745 778
745 786
745 787
746 749
746 750
746 759
746 760
746 764
746 781
746 788
746 789
747 751
747 757
747 761
747 763
747 782
747 786
747 790
748 752
748 758
748 762
748 763
748 783
748 787
748 791
749 751
749 759
749 761
749 764
749 784
749 788
749 792
750 752
750 760
750 762
750 764
750 785
750 789
750 793
751 752
751 761
751 763
751 764
751 790
751 792
751 794
752 762
752 763
752 764
752 791
752 793
752 794
753 765
753 766
753 767
753 770
753 771
753 795
754 765
754 768
754 769
754 772
754 773
754 796
755 766
755 768
755 774
755 776
755 779
755 797
756 767
756 769
756 775
756 777
756 780
756 798
757 770
757 774
757 778
757 782
757 786
757 799
758 771
758 775
758 778
758 783
758 787
758 800
759 772
759 776
759 781
759 784
759 788
759 801
760 773
760 777
760 781
760 785
760 789
760 802
761 779
761 782
761 784
761 790
761 792
761 803
762 780
762 783
762 785
762 791
762 793
762 804
763 786
763 787
763 790
763 791
763 794
763 805
764 788
764 789
764 792
764 793
764 794
764 806
765 766
765 767
765 768
765 769
765 795
765 796
765 807
765 808
766 768
766 770
766 774
766 795
766 797
766 807
766 809
767 769
767 771
767 775
767 795
767 798
767 808
767 810
768 772
768 776
768 796
768 797
768 807
768 811
769 773
769 777
769 796
769 798
769 808
769 812
770 771
770 774
770 778
770 795
770 799
770 809
770 813
771 775
771 778
771 795
771 800
771 810
771 813
772 773
772 776
772 781
772 796
772 801
772 811
772 814
773 777
773 781
773 796
773 802
773 812
773 814
774 779
774 782
774 797
774 799
774 809
774 815
775 780
775 783
775 798
775 800
775 810
775 816
776 779
776 784
776 797
776 801
776 811
776 817
777 780
777 785
777 798
777 802
777 812
777 818
778 786
778 787
778 799
778 800
778 813
778 819
779 782
779 784
779 797
779 803
779 815
779 817
780 783
780 785
780 798
780 804
780 816
780 818
781 788
781 789
781 801
781 802
781 814
781 820
782 786
782 790
782 799
782 803
782 815
782 821
783 787
783 791
783 800
783 804
783 816
783 822
784 788
784 792
784 801
784 803
784 817
784 823
785 789
785 793
785 802
785 804
785 818
785 824
786 787
786 790
786 799
786 805
786 819
786 821
787 791
787 800
787 805
787 819
787 822
788 789
788 792
788 801
788 806
788 820
788 823
789 793
789 802
789 806
789 820
789 824
790 792
790 794
790 803
790 805
790 821
790 825
791 793
791 794
791 804
791 805
791 822
791 826
792 794
792 803
792 806
792 823
792 825
793 794
793 804
793 806
793 824
793 826
794 805
794 806
794 825
794 826
795 807
795 808
795 809
795 810
795 813
795 827
796 807
796 808
796 811
796 812
796 814
796 828
797 807
797 809
797 811
797 815
797 817
797 829
798 808
798 810
798 812
798 816
798 818
798 830
799 809
799 813
799 815
799 819
799 821
799 831
800 810
800 813
800 816
800 819
800 822
800 832
801 811
801 814
801 817
801 820
801 823
801 833
802 812
802 814
802 818
802 820
802 824
802 834
803 815
803 817
803 821
803 823
803 825
803 835
804 816
804 818
804 822
804 824
804 826
804 836
805 819
805 821
805 822
805 825
805 826
805 837
806 820
806 823
806 824
806 825
806 826
806 838
807 808
807 809
807 811
807 827
807 828
807 829
808 810
808 812
808 827
808 828
808 830
809 813
809 815
809 827
809 829
809 831
810 813
810 816
810 827
810 830
810 832
811 814
811 817
811 828
811 829
811 833
812 814
812 818
812 828
812 830
812 834
813 819
813 827
813 831
813 832
814 820
814 828
814 833
814 834
815 817
815 821
815 829
815 831
815 835
816 818
816 822
816 830
816 832
816 836
817 823
817 829
817 833
817 835
818 824
818 830
818 834
818 836
819 821
819 822
819 831
819 832
819 837
820 823
820 824
820 833
820 834
820 838
821 825
821 831
821 835
821 837
822 826
822 832
822 836
822 837
823 825
823 833
823 835
823 838
824 826
824 834
824 836
824 838
825 826
825 835
825 837
825 838
826 836
826 837
826 838
827 828
827 829
827 830
827 831
827 832
827 839
828 829
828 830
828 833
828 834
828 839
829 831
829 833
829 835
829 839
830 832
830 834
830 836
830 839
831 832
831 835
831 837
831 839
832 836
832 837
832 839
833 834
833 835
833 838
833 839
834 836
834 838
834 839
835 837
835 838
835 839
836 837
836 838
836 839
837 838
837 839
838 839
840 841
840 842
840 843
840 844
840 845
840 846
840 847
840 848
840 849
840 850
840 851
840 852
841 842
841 843
841 844
841 845
841 846
841 853
841 854
841 855
841 856
841 859
841 873
842 843
842 844
842 847
842 848
842 853
842 854
842 857
842 858
842 860
842 874
843 845
843 847
843 849
843 853
843 855
843 857
843 861
843 863
843 875
844 846
844 848
844 850
844 854
844 856
844 858
844 862
844 864
844 876
845 846
845 849
845 851
845 855
845 859
845 861
845 865
845 867
845 877
846 850
846 851
846 856
846 859
846 862
846 865
846 868
846 878
847 848
847 849
847 852
847 857
847 860
847 863
847 866
847 869
847 879
848 850
848 852
848 858
848 860
848 864
848 866
848 870
848 880
849 851
849 852
849 861
849 863
849 867
849 869
849 871
849 881
850 851
850 852
850 862
850 864
850 868
850 870
850 872
850 882
851 852
851 865
851 867
851 868
851 871
851 872
851 883
852 866
852 869
852 870
852 871
852 872
852 884
853 854
853 855
853 857
853 873
853 874
853 875
853 885
853 886
853 888
854 856
854 858
854 873
854 874
854 876
854 885
854 887
854 889
855 859
855 861
855 873
855 875
855 877
855 886
855 890
855 894
856 859
856 862
856 873
856 876
856 878
856 887
856 891
856 895
857 860
857 863
857 874
857 875
857 879
857 888
857 892
857 896
858 860
858 864
858 874
858 876
858 880
858 889
858 893
858 897
859 865
859 873
859 877
859 878
859 890
859 891
859 898
860 866
860 874
860 879
860 880
860 892
860 893
860 901
861 863
861 867
861 875
861 877
861 881
861 894
861 899
861 902
862 864
862 868
862 876
862 878
862 882
862 895
862 900
862 903
863 869
863 875
863 879
863 881
863 896
863 899
863 904
864 870
864 876
864 880
864 882
864 897
864 900
864 905
865 867
865 868
865 877
865 878
865 883
865 898
865 906
865 907
866 869
866 870
866 879
866 880
866 884
866 901
866 908
866 909
867 871
867 877
867 881
867 883
867 902
867 906
867 910
868 872
868 878
868 882
868 883
868 903
868 907
868 911
869 871
869 879
869 881
869 884
869 904
869 908
869 912
870 872
870 880
870 882
870 884
870 905
870 909
870 913
871 872
871 881
871 883
871 884
871 910
871 912
871 914
872 882
872 883
872 884
872 911
872 913
872 914
873 885
873 886
873 887
873 890
873 891
873 915
874 885
874 888
874 889
874 892
874 893
874 916
875 886
875 888
875 894
875 896
875 899
875 917
876 887
876 889
876 895
876 897
876 900
876 918
877 890
877 894
877 898
877 902
877 906
877 919
878 891
878 895
878 898
878 903
878 907
878 920
879 892
879 896
879 901
879 904
879 908
879 921
880 893
880 897
880 901
880 905
880 909
880 922
881 899
881 902
881 904
881 910
881 912
881 923
882 900
882 903
882 905
882 911
882 913
882 924
883 906
883 907
883 910
883 911
883 914
883 925
884 908
884 909
884 912
884 913
884 914
884 926
885 886
885 887
885 888
885 889
885 915
885 916
885 927
885 928
886 888
886 890
886 894
886 915
886 917
886 927
886 929
887 889
887 891
887 895
887 915
887 918
887 928
887 930
888 892
888 896
888 916
888 917
888 927
888 931
889 893
889 897
889 916
889 918
889 928
889 932
890 891
890 894
890 898
890 915
890 919
890 929
890 933
891 895
891 898
891 915
891 920
891 930
891 933
892 893
892 896
892 901
892 916
892 921
892 931
892 934
893 897
893 901
893 916
893 922
893 932
893 934
894 899
894 902
894 917
894 919
894 929
894 935
895 900
895 903
895 918
895 920
895 930
895 936
896 899
896 904
896 917
896 921
896 931
896 937
897 900
897 905
897 918
897 922
897 932
897 938
898 906
898 907
898 919
898 920
898 933
898 939
899 902
899 904
899 917
899 923
899 935
899 937
900 903
900 905
900 918
900 924
900 936
900 938
901 908
901 909
901 921
901 922
901 934
901 940
902 906
902 910
902 919
902 923
902 935
902 941
903 907
903 911
903 920
903 924
903 936
903 942
904 908
904 912
904 921
904 923
904 937
904 943
905 909
905 913
905 922
905 924
905 938
905 944
906 907
906 910
906 919
906 925
906 939
906 941
907 911
907 920
907 925
907 939
907 942
908 909
908 912
908 921
908 926
908 940
908 943
909 913
909 922
909 926
909 940
909 944
910 912
910 914
910 923
910 925
910 941
910 945
911 913
911 914
911 924
911 925
911 942
911 946
912 914
912 923
912 926
912 943
912 945
913 914
913 924
913 926
913 944
913 946
914 925
914 926
914 945
914 946
915 927
915 928
915 929
915 930
915 933
915 947
916 927
916 928
916 931
916 932
916 934
916 948
917 927
917 929
917 931
917 935
917 937
917 949
918 928
918 930
918 932
918 936
918 938
918 950
919 929
919 933
919 935
919 939
919 941
919 951
920 930
920 933
920 936
920 939
920 942
920 952
921 931
921 934
921 937
921 940
921 943
921 953
922 932
922 934
922 938
922 940
922 944
922 954
923 935
923 937
923 941
923 943
923 945
923 955
924 936
924 938
924 942
924 944
924 946
924 956
925 939
925 941
925 942
925 945
925 946
925 957
926 940
926 943
926 944
926 945
926 946
926 958
927 928
927 929
927 931
927 947
927 948
927 949
928 930
928 932
928 947
928 948
928 950
929 933
929 935
929 947
929 949
929 951
930 933
930 936
930 947
930 950
930 952
931 934
931 937
931 948
931 949
931 953
932 934
932 938
932 948
932 950
932 954
933 939
933 947
933 951
933 952
934 940
934 948
934 953
934 954
935 937
935 941
935 949
935 951
935 955
936 938
936 942
936 950
936 952
936 956
937 943
937 949
937 953
937 955
938 944
938 950
938 954
938 956
939 941
939 942
939 951
939 952
939 957
940 943
940 944
940 953
940 954
940 958
941 945
941 951
941 955
941 957
942 946
942 952
942 956
942 957
943 945
943 953
943 955
943 958
944 946
944 954
944 956
944 958
945 946
945 955
945 957
945 958
946 956
946 957
946 958
947 948
947 949
947 950
947 951
947 952
947 959
948 949
948 950
948 953
948 954
948 959
949 951
949 953
949 955
949 959
950 952
950 954
950 956
950 959
951 952
951 955
951 957
951 959
952 956
952 957
952 959
953 954
953 955
953 958
953 959
954 956
954 958
954 959
955 957
955 958
955 959
956 957
956 958
956 959
957 958
957 959
958 959
960 961
960 962
960 963
960 964
960 965
960 966
960 967
960 968
960 969
960 970
960 971
960 972
961 962
961 963
961 964
961 965
961 966
961 973
961 974
961 975
961 976
961 979
961 993
962 963
962 964
962 967
962 968
962 973
962 974
962 977
962 978
962 980
962 994
963 965
963 967
963 969
963 973
963 975
963 977
963 981
963 983
963 995
964 966
964 968
964 970
964 974
964 976
964 978
964 982
964 984
964 996
965 966
965 969
965 971
965 975
965 979
965 981
965 985
965 987
965 997
966 970
966 971
966 976
966 979
966 982
966 985
966 988
966 998
967 968
967 969
967 972
967 977
967 980
967 983
967 986
967 989
967 999
968 970
968 972
968 978
968 980
968 984
968 986
968 990
968 1000
969 971
969 972
969 981
969 983
969 987
969 989
969 991
969 1001
970 971
970 972
970 982
970 984
970 988
970 990
970 992
970 1002
971 972
971 985
971 987
971 988
971 991
971 992
971 1003
972 986
972 989
972 990
972 991
972 992
972 1004
973 974
973 975
973 977
973 993
973 994
973 995
973 1005
973 1006
973 1008
974 976
974 978
974 993
974 994
974 996
974 1005
974 1007
974 1009
975 979
975 981
975 993
975 995
975 997
975 1006
975 1010
975 1014
976 979
976 982
976 993
976 996
976 998
976 1007
976 1011
976 1015
977 980
977 983
977 994
977 995
977 999
977 1008
977 1012
977 1016
978 980
978 984
978 994
978 996
978 1000
978 1009
978 1013
978 1017
979 985
979 993
979 997
979 998
979 1010
979 1011
979 1018
980 986
980 994
980 999
980 1000
980 1012
980 1013
980 1021
981 983
981 987
981 995
981 997
981 1001
981 1014
981 1019
981 1022
982 984
982 988
982 996
982 998
982 1002
982 1015
982 1020
982 1023
983 989
983 995
983 999
983 1001
983 1016
983 1019
983 1024
984 990
984 996
984 1000
984 1002
984 1017
984 1020
984 1025
985 987
985 988
985 997
985 998
985 1003
985 1018
985 1026
985 1027
986 989
986 990
986 999
986 1000
986 1004
986 1021
986 1028
986 1029
987 991
987 997
987 1001
987 1003
987 1022
987 1026
987 1030
988 992
988 998
988 1002
988 1003
988 1023
988 1027
988 1031
989 991
989 999
989 1001
989 1004
989 1024
989 1028
989 1032
990 992
990 1000
990 1002
990 1004
990 1025
990 1029
990 1033
991 992
991 1001
991 1003
991 1004
991 1030
991 1032
991 1034
992 1002
992 1003
992 1004
992 1031
992 1033
992 1034
993 1005
993 1006
993 1007
993 1010
993 1011
993 1035
994 1005
994 1008
994 1009
994 1012
994 1013
994 1036
995 1006
995 1008
995 1014
995 1016
995 1019
995 1037
996 1007
996 1009
996 1015
996 1017
996 1020
996 1038
997 1010
997 1014
997 1018
997 1022
997 1026
997 1039
998 1011
998 1015
998 1018
998 1023
998 1027
998 1040
999 1012
999 1016
999 1021
999 1024
999 1028
999 1041
1000 1013
1000 1017
1000 1021
1000 1025
1000 1029
1000 1042
1001 1019
1001 1022
1001 1024
1001 1030
1001 1032
1001 1043
1002 1020
1002 1023
1002 1025
1002 1031
1002 1033
1002 1044
1003 1026
1003 1027
1003 1030
1003 1031
1003 1034
1003 1045
1004 1028
1004 1029
1004 1032
1004 1033
1004 1034
1004 1046
1005 1006
1005 1007
1005 1008
1005 1009
1005 1035
1005 1036
1005 1047
1005 1048
1006 1008
1006 1010
1006 1014
1006 1035
1006 1037
1006 1047
1006 1049
1007 1009
1007 1011
1007 1015
1007 1035
1007 1038
1007 1048
1007 1050
1008 1012
1008 1016
1008 1036
1008 1037
1008 1047
1008 1051
1009 1013
1009 1017
1009 1036
1009 1038
1009 1048
1009 1052
1010 1011
1010 1014
1010 1018
1010 1035
1010 1039
1010 1049
1010 1053
1011 1015
1011 1018
1011 1035
1011 1040
1011 1050
1011 1053
1012 1013
1012 1016
1012 1021
1012 1036
1012 1041
1012 1051
1012 1054
1013 1017
1013 1021
1013 1036
1013 1042
1013 1052
1013 1054
1014 1019
1014 1022
1014 1037
1014 1039
1014 1049
1014 1055
1015 1020
1015 1023
1015 1038
1015 1040
1015 1050
1015 1056
1016 1019
1016 1024
1016 1037
1016 1041
1016 1051
1016 1057
1017 1020
1017 1025
1017 1038
1017 1042
1017 1052
1017 1058
1018 1026
1018 1027
1018 1039
1018 1040
1018 1053
1018 1059
1019 1022
1019 1024
1019 1037
1019 1043
1019 1055
1019 1057
1020 1023
1020 1025
1020 1038
1020 1044
1020 1056
1020 1058
1021 1028
1021 1029
1021 1041
1021 1042
1021 1054
1021 1060
1022 1026
1022 1030
1022 1039
1022 1043
1022 1055
1022 1061
1023 1027
1023 1031
1023 1040
1023 1044
1023 1056
1023 1062
1024 1028
1024 1032
1024 1041
1024 1043
1024 1057
1024 1063
1025 1029
1025 1033
1025 1042
1025 1044
1025 1058
1025 1064
1026 1027
1026 1030
1026 1039
1026 1045
1026 1059
1026 1061
1027 1031
1027 1040
1027 1045
1027 1059
1027 1062
1028 1029
1028 1032
1028 1041
1028 1046
1028 1060
1028 1063
1029 1033
1029 1042
1029 1046
1029 1060
1029 1064
1030 1032
1030 1034
1030 1043
1030 1045
1030 1061
1030 1065
1031 1033
1031 1034
1031 1044
1031 1045
1031 1062
1031 1066
1032 1034
1032 1043
1032 1046
1032 1063
1032 1065
1033 1034
1033 1044
1033 1046
1033 1064
1033 1066
1034 1045
1034 1046
1034 1065
1034 1066
1035 1047
1035 1048
1035 1049
1035 1050
1035 1053
1035 1067
1036 1047
1036 1048
1036 1051
1036 1052
1036 1054
1036 1068
1037 1047
1037 1049
1037 1051
1037 1055
1037 1057
1037 1069
1038 1048
1038 1050
1038 1052
1038 1056
1038 1058
1038 1070
1039 1049
1039 1053
1039 1055
1039 1059
1039 1061
1039 1071
1040 1050
1040 1053
1040 1056
1040 1059
1040 1062
1040 1072
1041 1051
1041 1054
1041 1057
1041 1060
1041 1063
1041 1073
1042 1052
1042 1054
1042 1058
1042 1060
1042 1064
1042 1074
1043 1055
1043 1057
1043 1061
1043 1063
1043 1065
1043 1075
1044 1056
1044 1058
1044 1062
1044 1064
1044 1066
1044 1076
1045 1059
1045 1061
1045 1062
1045 1065
1045 1066
1045 1077
1046 1060
1046 1063
1046 1064
1046 1065
1046 1066
1046 1078
1047 1048
1047 1049
1047 1051
1047 1067
1047 1068
1047 1069
1048 1050
1048 1052
1048 1067
1048 1068
1048 1070
1049 1053
1049 1055
1049 1067
1049 1069
1049 1071
1050 1053
1050 1056
1050 1067
1050 1070
1050 1072
1051 1054
1051 1057
1051 1068
1051 1069
1051 1073
1052 1054
1052 1058
1052 1068
1052 1070
1052 1074
1053 1059
1053 1067
1053 1071
1053 1072
1054 1060
1054 1068
1054 1073
1054 1074
1055 1057
1055 1061
1055 1069
1055 1071
1055 1075
1056 1058
1056 1062
1056 1070
1056 1072
1056 1076
1057 1063
1057 1069
1057 1073
1057 1075
1058 1064
1058 1070
1058 1074
1058 1076
1059 1061
1059 1062
1059 1071
1059 1072
1059 1077
1060 1063
1060 1064
1060 1073
1060 1074
1060 1078
1061 1065
1061 1071
1061 1075
1061 1077
1062 1066
1062 1072
1062 1076
1062 1077
1063 1065
1063 1073
1063 1075
1063 1078
1064 1066
1064 1074
1064 1076
1064 1078
1065 1066
1065 1075
1065 1077
1065 1078
1066 1076
1066 1077
1066 1078
1067 1068
1067 1069
1067 1070
1067 1071
1067 1072
1067 1079
1068 1069
1068 1070
1068 1073
1068 1074
1068 1079
1069 1071
1069 1073
1069 1075
1069 1079
1070 1072
1070 1074
1070 1076
1070 1079
1071 1072
1071 1075
1071 1077
1071 1079
1072 1076
1072 1077
1072 1079
1073 1074
1073 1075
1073 1078
1073 1079
1074 1076
1074 1078
1074 1079
1075 1077
1075 1078
1075 1079
1076 1077
1076 1078
1076 1079
1077 1078
1077 1079
1078 1079
1080 1081
1080 1082
1080 1083
1080 1084
1080 1085
1080 1086
1080 1087
1080 1088
1080 1089
1080 1090
1080 1091
1080 1092
1081 1082
1081 1083
1081 1084
1081 1085
1081 1086
1081 1093
1081 1094
1081 1095
1081 1096
1081 1099
1081 1113
1082 1083
1082 1084
1082 1087
1082 1088
1082 1093
1082 1094
1082 1097
1082 1098
1082 1100
1082 1114
1083 1085
1083 1087
1083 1089
1083 1093
1083 1095
1083 1097
1083 1101
1083 1103
1083 1115
1084 1086
1084 1088
1084 1090
1084 1094
1084 1096
1084 1098
1084 1102
1084 1104
1084 1116
1085 1086
1085 1089
1085 1091
1085 1095
1085 1099
1085 1101
1085 1105
1085 1107
1085 1117
1086 1090
1086 1091
1086 1096
1086 1099
1086 1102
1086 1105
1086 1108
1086 1118
1087 1088
1087 1089
1087 1092
1087 1097
1087 1100
1087 1103
1087 1106
1087 1109
1087 1119
1088 1090
1088 1092
1088 1098
1088 1100
1088 1104
1088 1106
1088 1110
1088 1120
1089 1091
1089 1092
1089 1101
1089 1103
1089 1107
1089 1109
1089 1111
1089 1121
1090 1091
1090 1092
1090 1102
1090 1104
1090 1108
1090 1110
1090 1112
1090 1122
1091 1092
1091 1105
1091 1107
1091 1108
1091 1111
1091 1112
1091 1123
1092 1106
1092 1109
1092 1110
1092 1111
1092 1112
1092 1124
1093 1094
1093 1095
1093 1097
1093 1113
1093 1114
1093 1115
1093 1125
1093 1126
1093 1128
1094 1096
1094 1098
1094 1113
1094 1114
1094 1116
1094 1125
1094 1127
1094 1129
1095 1099
1095 1101
1095 1113
1095 1115
1095 1117
1095 1126
1095 1130
1095 1134
1096 1099
1096 1102
1096 1113
1096 1116
1096 1118
1096 1127
1096 1131
1096 1135
1097 1100
1097 1103
1097 1114
1097 1115
1097 1119
1097 1128
1097 1132
1097 1136
1098 1100
1098 1104
1098 1114
1098 1116
1098 1120
1098 1129
1098 1133
1098 1137
1099 1105
1099 1113
1099 1117
1099 1118
1099 1130
1099 1131
1099 1138
1100 1106
1100 1114
1100 1119
1100 1120
1100 1132
1100 1133
1100 1141
1101 1103
1101 1107
1101 1115
1101 1117
1101 1121
1101 1134
1101 1139
1101 1142
1102 1104
1102 1108
1102 1116
1102 1118
1102 1122
1102 1135
1102 1140
1102 1143
1103 1109
1103 1115
1103 1119
1103 1121
1103 1136
1103 1139
1103 1144
1104 1110
1104 1116
1104 1120
1104 1122
1104 1137
1104 1140
1104 1145
1105 1107
1105 1108
1105 1117
1105 1118
1105 1123
1105 1138
1105 1146
1105 1147
1106 1109
1106 1110
1106 1119
1106 1120
1106 1124
1106 1141
1106 1148
1106 1149
1107 1111
1107 1117
1107 1121
1107 1123
1107 1142
1107 1146
1107 1150
1108 1112
1108 1118
1108 1122
1108 1123
1108 1143
1108 1147
1108 1151
1109 1111
1109 1119
1109 1121
1109 1124
1109 1144
1109 1148
1109 1152
1110 1112
1110 1120
1110 1122
1110 1124
1110 1145
1110 1149
1110 1153
1111 1112
1111 1121
1111 1123
1111 1124
1111 1150
1111 1152
1111 1154
1112 1122
1112 1123
1112 1124
1112 1151
1112 1153
1112 1154
1113 1125
1113 1126
1113 1127
1113 1130
1113 1131
1113 1155
1114 1125
1114 1128
1114 1129
1114 1132
1114 1133
1114 1156
1115 1126
1115 1128
1115 1134
1115 1136
1115 1139
1115 1157
1116 1127
1116 1129
1116 1135
1116 1137
1116 1140
1116 1158
1117 1130
1117 1134
1117 1138
1117 1142
1117 1146
1117 1159
1118 1131
1118 1135
1118 1138
1118 1143
1118 1147
1118 1160
1119 1132
1119 1136
1119 1141
1119 1144
1119 1148
1119 1161
1120 1133
1120 1137
1120 1141
1120 1145
1120 1149
1120 1162
1121 1139
1121 1142
1121 1144
1121 1150
1121 1152
1121 1163
1122 1140
1122 1143
1122 1145
1122 1151
1122 1153
1122 1164
1123 1146
1123 1147
1123 1150
1123 1151
1123 1154
1123 1165
1124 1148
1124 1149
1124 1152
1124 1153
1124 1154
1124 1166
1125 1126
1125 1127
1125 1128
1125 1129
1125 1155
1125 1156
1125 1167
1125 1168
1126 1128
1126 1130
1126 1134
1126 1155
1126 1157
1126 1167
1126 1169
1127 1129
1127 1131
1127 1135
1127 1155
1127 1158
1127 1168
1127 1170
1128 1132
1128 1136
1128 1156
1128 1157
1128 1167
1128 1171
1129 1133
1129 1137
1129 1156
1129 1158
1129 1168
1129 1172
1130 1131
1130 1134
1130 1138
1130 1155
1130 1159
1130 1169
1130 1173
1131 1135
1131 1138
1131 1155
1131 1160
1131 1170
1131 1173
1132 1133
1132 1136
1132 1141
1132 1156
1132 1161
1132 1171
1132 1174
1133 1137
1133 1141
1133 1156
1133 1162
1133 1172
1133 1174
1134 1139
1134 1142
1134 1157
1134 1159
1134 1169
1134 1175
1135 1140
1135 1143
1135 1158
1135 1160
1135 1170
1135 1176
1136 1139
1136 1144
1136 1157
1136 1161
1136 1171
1136 1177
1137 1140
1137 1145
1137 1158
1137 1162
1137 1172
1137 1178
1138 1146
1138 1147
1138 1159
1138 1160
1138 1173
1138 1179
1139 1142
1139 1144
1139 1157
1139 1163
1139 1175
1139 1177
1140 1143
1140 1145
1140 1158
1140 1164
1140 1176
1140 1178
1141 1148
1141 1149
1141 1161
1141 1162
1141 1174
1141 1180
1142 1146
1142 1150
1142 1159
1142 1163
1142 1175
1142 1181
1143 1147
1143 1151
1143 1160
1143 1164
1143 1176
1143 1182
1144 1148
1144 1152
1144 1161
1144 1163
1144 1177
1144 1183
1145 1149
1145 1153
1145 1162
1145 1164
1145 1178
1145 1184
1146 1147
1146 1150
1146 1159
1146 1165
1146 1179
1146 1181
1147 1151
1147 1160
1147 1165
1147 1179
1147 1182
1148 1149
1148 1152
1148 1161
1148 1166
1148 1180
1148 1183
1149 1153
1149 1162
1149 1166
1149 1180
1149 1184
1150 1152
1150 1154
1150 1163
1150 1165
1150 1181
1150 1185
1151 1153
1151 1154
1151 1164
1151 1165
1151 1182
1151 1186
1152 1154
1152 1163
1152 1166
1152 1183
1152 1185
1153 1154
1153 1164
1153 1166
1153 1184
1153 1186
1154 1165
1154 1166
1154 1185
1154 1186
1155 1167
1155 1168
1155 1169
1155 1170
1155 1173
1155 1187
1156 1167
1156 1168
1156 1171
1156 1172
1156 1174
1156 1188
1157 1167
1157 1169
1157 1171
1157 1175
1157 1177
1157 1189
1158 1168
1158 1170
1158 1172
1158 1176
1158 1178
1158 1190
1159 1169
1159 1173
1159 1175
1159 1179
1159 1181
1159 1191
1160 1170
1160 1173
1160 1176
1160 1179
1160 1182
1160 1192
1161 1171
1161 1174
1161 1177
1161 1180
1161 1183
1161 1193
1162 1172
1162 1174
1162 1178
1162 1180
1162 1184
1162 1194
1163 1175
1163 1177
1163 1181
1163 1183
1163 1185
1163 1195
1164 1176
1164 1178
1164 1182
1164 1184
1164 1186
1164 1196
1165 1179
1165 1181
1165 1182
1165 1185
1165 1186
1165 1197
1166 1180
1166 1183
1166 1184
1166 1185
1166 1186
1166 1198
1167 1168
1167 1169
1167 1171
1167 1187
1167 1188
1167 1189
1168 1170
1168 1172
1168 1187
1168 1188
1168 1190
1169 1173
1169 1175
1169 1187
1169 1189
1169 1191
1170 1173
1170 1176
1170 1187
1170 1190
1170 1192
1171 1174
1171 1177
1171 1188
1171 1189
1171 1193
1172 1174
1172 1178
1172 1188
1172 1190
1172 1194
1173 1179
1173 1187
1173 1191
1173 1192
1174 1180
1174 1188
1174 1193
1174 1194
1175 1177
1175 1181
1175 1189
1175 1191
1175 1195
1176 1178
1176 1182
1176 1190
1176 1192
1176 1196
1177 1183
1177 1189
1177 1193
1177 1195
1178 1184
1178 1190
1178 1194
1178 1196
1179 1181
1179 1182
1179 1191
1179 1192
1179 1197
1180 1183
1180 1184
1180 1193
1180 1194
1180 1198
1181 1185
1181 1191
1181 1195
1181 1197
1182 1186
1182 1192
1182 1196
1182 1197
1183 1185
1183 1193
1183 1195
1183 1198
1184 1186
1184 1194
1184 1196
1184 1198
1185 1186
1185 1195
1185 1197
1185 1198
1186 1196
1186 1197
1186 1198
1187 1188
1187 1189
1187 1190
1187 1191
1187 1192
1187 1199
1188 1189
1188 1190
1188 1193
1188 1194
1188 1199
1189 1191
1189 1193
1189 1195
1189 1199
1190 1192
1190 1194
1190 1196
1190 1199
1191 1192
1191 1195
1191 1197
1191 1199
1192 1196
1192 1197
1192 1199
1193 1194
1193 1195
1193 1198
1193 1199
1194 1196
1194 1198
1194 1199
1195 1197
1195 1198
1195 1199
1196 1197
1196 1198
1196 1199
1197 1198
1197 1199
1198 1199
1200 1201
1200 1202
1200 1203
1200 1204
1200 1205
1200 1206
1200 1207
1200 1208
1200 1209
1200 1210
1200 1211
1200 1212
1201 1202
1201 1203
1201 1204
1201 1205
1201 1206
1201 1213
1201 1214
1201 1215
1201 1216
1201 1219
1201 1233
1202 1203
1202 1204
1202 1207
1202 1208
1202 1213
1202 1214
1202 1217
1202 1218
1202 1220
1202 1234
1203 1205
1203 1207
1203 1209
1203 1213
1203 1215
1203 1217
1203 1221
1203 1223
1203 1235
1204 1206
1204 1208
1204 1210
1204 1214
1204 1216
1204 1218
1204 1222
1204 1224
1204 1236
1205 1206
1205 1209
1205 1211
1205 1215
1205 1219
1205 1221
1205 1225
1205 1227
1205 1237
1206 1210
1206 1211
1206 1216
1206 1219
1206 1222
1206 1225
1206 1228
1206 1238
1207 1208
1207 1209
1207 1212
1207 1217
1207 1220
1207 1223
1207 1226
1207 1229
1207 1239
1208 1210
1208 1212
1208 1218
1208 1220
1208 1224
1208 1226
1208 1230
1208 1240
1209 1211
1209 1212
1209 1221
1209 1223
1209 1227
1209 1229
1209 1231
1209 1241
1210 1211
1210 1212
1210 1222
1210 1224
1210 1228
1210 1230
1210 1232
1210 1242
1211 1212
1211 1225
1211 1227
1211 1228
1211 1231
1211 1232
1211 1243
1212 1226
1212 1229
1212 1230
1212 1231
1212 1232
1212 1244
1213 1214
1213 1215
1213 1217
1213 1233
1213 1234
1213 1235
1213 1245
1213 1246
1213 1248
1214 1216
1214 1218
1214 1233
1214 1234
1214 1236
1214 1245
1214 1247
1214 1249
1215 1219
1215 1221
1215 1233
1215 1235
1215 1237
1215 1246
1215 1250
1215 1254
1216 1219
1216 1222
1216 1233
1216 1236
1216 1238
1216 1247
1216 1251
1216 1255
1217 1220
1217 1223
1217 1234
1217 1235
1217 1239
1217 1248
1217 1252
1217 1256
1218 1220
1218 1224
1218 1234
1218 1236
1218 1240
1218 1249
1218 1253
1218 1257
1219 1225
1219 1233
1219 1237
1219 1238
1219 1250
1219 1251
1219 1258
1220 1226
1220 1234
1220 1239
1220 1240
1220 1252
1220 1253
1220 1261
1221 1223
1221 1227
1221 1235
1221 1237
1221 1241
1221 1254
1221 1259
1221 1262
1222 1224
1222 1228
1222 1236
1222 1238
1222 1242
1222 1255
1222 1260
1222 1263
1223 1229
1223 1235
1223 1239
1223 1241
1223 1256
1223 1259
1223 1264
1224 1230
1224 1236
1224 1240
1224 1242
1224 1257
1224 1260
1224 1265
1225 1227
1225 1228
1225 1237
1225 1238
1225 1243
1225 1258
1225 1266
1225 1267
1226 1229
1226 1230
1226 1239
1226 1240
1226 1244
1226 1261
1226 1268
1226 1269
1227 1231
1227 1237
1227 1241
1227 1243
1227 1262
1227 1266
1227 1270
1228 1232
1228 1238
1228 1242
1228 1243
1228 1263
1228 1267
1228 1271
1229 1231
1229 1239
1229 1241
1229 1244
1229 1264
1229 1268
1229 1272
1230 1232
1230 1240
1230 1242
1230 1244
1230 1265
1230 1269
1230 1273
1231 1232
1231 1241
1231 1243
1231 1244
1231 1270
1231 1272
1231 1274
1232 1242
1232 1243
1232 1244
1232 1271
1232 1273
1232 1274
1233 1245
1233 1246
1233 1247
1233 1250
1233 1251
1233 1275
1234 1245
1234 1248
1234 1249
1234 1252
1234 1253
1234 1276
1235 1246
1235 1248
1235 1254
1235 1256
1235 1259
1235 1277
1236 1247
1236 1249
1236 1255
1236 1257
1236 1260
1236 1278
1237 1250
1237 1254
1237 1258
1237 1262
1237 1266
1237 1279
1238 1251
1238 1255
1238 1258
1238 1263
1238 1267
1238 1280
1239 1252
1239 1256
1239 1261
1239 1264
1239 1268
1239 1281
1240 1253
1240 1257
1240 1261
1240 1265
1240 1269
1240 1282
1241 1259
1241 1262
1241 1264
1241 1270
1241 1272
1241 1283
1242 1260
1242 1263
1242 1265
1242 1271
1242 1273
1242 1284
1243 1266
1243 1267
1243 1270
1243 1271
1243 1274
1243 1285
1244 1268
1244 1269
1244 1272
1244 1273
1244 1274
1244 1286
1245 1246
1245 1247
1245 1248
1245 1249
1245 1275
1245 1276
1245 1287
1245 1288
1246 1248
1246 1250
1246 1254
1246 1275
1246 1277
1246 1287
1246 1289
1247 1249
1247 1251
1247 1255
1247 1275
1247 1278
1247 1288
1247 1290
1248 1252
1248 1256
1248 1276
1248 1277
1248 1287
1248 1291
1249 1253
1249 1257
1249 1276
1249 1278
1249 1288
1249 1292
1250 1251
1250 1254
1250 1258
1250 1275
1250 1279
1250 1289
1250 1293
1251 1255
1251 1258
1251 1275
1251 1280
1251 1290
1251 1293
1252 1253
1252 1256
1252 1261
1252 1276
1252 1281
1252 1291
1252 1294
1253 1257
1253 1261
1253 1276
1253 1282
1253 1292
1253 1294
1254 1259
1254 1262
1254 1277
1254 1279
1254 1289
1254 1295
1255 1260
1255 1263
1255 1278
1255 1280
1255 1290
1255 1296
1256 1259
1256 1264
1256 1277
1256 1281
1256 1291
1256 1297
1257 1260
1257 1265
1257 1278
1257 1282
1257 1292
1257 1298
1258 1266
1258 1267
1258 1279
1258 1280
1258 1293
1258 1299
1259 1262
1259 1264
1259 1277
1259 1283
1259 1295
1259 1297
1260 1263
1260 1265
1260 1278
1260 1284
1260 1296
1260 1298
1261 1268
1261 1269
1261 1281
1261 1282
1261 1294
1261 1300
1262 1266
1262 1270
1262 1279
1262 1283
1262 1295
1262 1301
1263 1267
1263 1271
1263 1280
1263 1284
1263 1296
1263 1302
1264 1268
1264 1272
1264 1281
1264 1283
1264 1297
1264 1303
1265 1269
1265 1273
1265 1282
1265 1284
1265 1298
1265 1304
1266 1267
1266 1270
1266 1279
1266 1285
1266 1299
1266 1301
1267 1271
1267 1280
1267 1285
1267 1299
1267 1302
1268 1269
1268 1272
1268 1281
1268 1286
1268 1300
1268 1303
1269 1273
1269 1282
1269 1286
1269 1300
1269 1304
1270 1272
1270 1274
1270 1283
1270 1285
1270 1301
1270 1305
1271 1273
1271 1274
1271 1284
1271 1285
1271 1302
1271 1306
1272 1274
1272 1283
1272 1286
1272 1303
1272 1305
1273 1274
1273 1284
1273 1286
1273 1304
1273 1306
1274 1285
1274 1286
1274 1305
1274 1306
1275 1287
1275 1288
1275 1289
1275 1290
1275 1293
1275 1307
1276 1287
1276 1288
1276 1291
1276 1292
1276 1294
1276 1308
1277 1287
1277 1289
1277 1291
1277 1295
1277 1297
1277 1309
1278 1288
1278 1290
1278 1292
1278 1296
1278 1298
1278 1310
1279 1289
1279 1293
1279 1295
1279 1299
1279 1301
1279 1311
1280 1290
1280 1293
1280 1296
1280 1299
1280 1302
1280 1312
1281 1291
1281 1294
1281 1297
1281 1300
1281 1303
1281 1313
1282 1292
1282 1294
1282 1298
1282 1300
1282 1304
1282 1314
1283 1295
1283 1297
1283 1301
1283 1303
1283 1305
1283 1315
1284 1296
1284 1298
1284 1302
1284 1304
1284 1306
1284 1316
1285 1299
1285 1301
1285 1302
1285 1305
1285 1306
1285 1317
1286 1300
1286 1303
1286 1304
1286 1305
1286 1306
1286 1318
1287 1288
1287 1289
1287 1291
1287 1307
1287 1308
1287 1309
1288 1290
1288 1292
1288 1307
1288 1308
1288 1310
1289 1293
1289 1295
1289 1307
1289 1309
1289 1311
1290 1293
1290 1296
1290 1307
1290 1310
1290 1312
1291 1294
1291 1297
1291 1308
1291 1309
1291 1313
1292 1294
1292 1298
1292 1308
1292 1310
1292 1314
1293 1299
1293 1307
1293 1311
1293 1312
1294 1300
1294 1308
1294 1313
1294 1314
1295 1297
1295 1301
1295 1309
1295 1311
1295 1315
1296 1298
1296 1302
1296 1310
1296 1312
1296 1316
1297 1303
1297 1309
1297 1313
1297 1315
1298 1304
1298 1310
1298 1314
1298 1316
1299 1301
1299 1302
1299 1311
1299 1312
1299 1317
1300 1303
1300 1304
1300 1313
1300 1314
1300 1318
1301 1305
1301 1311
1301 1315
1301 1317
1302 1306
1302 1312
1302 1316
1302 1317
1303 1305
1303 1313
1303 1315
1303 1318
1304 1306
1304 1314
1304 1316
1304 1318
1305 1306
1305 1315
1305 1317
1305 1318
1306 1316
1306 1317
1306 1318
1307 1308
1307 1309
1307 1310
1307 1311
1307 1312
1307 1319
1308 1309
1308 1310
1308 1313
1308 1314
1308 1319
1309 1311
1309 1313
1309 1315
1309 1319
1310 1312
1310 1314
1310 1316
1310 1319
1311 1312
1311 1315
1311 1317
1311 1319
1312 1316
1312 1317
1312 1319
1313 1314
1313 1315
1313 1318
1313 1319
1314 1316
1314 1318
1314 1319
1315 1317
1315 1318
1315 1319
1316 1317
1316 1318
1316 1319
1317 1318
1317 1319
1318 1319
1320 1321
1320 1322
1320 1323
1320 1324
1320 1325
1320 1326
1320 1327
1320 1328
1320 1329
1320 1330
1320 1331
1320 1332
1321 1322
1321 1323
1321 1324
1321 1325
1321 1326
1321 1333
1321 1334
1321 1335
1321 1336
1321 1339
1321 1353
1322 1323
1322 1324
1322 1327
1322 1328
1322 1333
1322 1334
1322 1337
1322 1338
1322 1340
1322 1354
1323 1325
1323 1327
1323 1329
1323 1333
1323 1335
1323 1337
1323 1341
1323 1343
1323 1355
1324 1326
1324 1328
1324 1330
1324 1334
1324 1336
1324 1338
1324 1342
1324 1344
1324 1356
1325 1326
1325 1329
1325 1331
1325 1335
1325 1339
1325 1341
1325 1345
1325 1347
1325 1357
1326 1330
1326 1331
1326 1336
1326 1339
1326 1342
1326 1345
1326 1348
1326 1358
1327 1328
1327 1329
1327 1332
1327 1337
1327 1340
1327 1343
1327 1346
1327 1349
1327 1359
1328 1330
1328 1332
1328 1338
1328 1340
1328 1344
1328 1346
1328 1350
1328 1360
1329 1331
1329 1332
1329 1341
1329 1343
1329 1347
1329 1349
1329 1351
1329 1361
1330 1331
1330 1332
1330 1342
1330 1344
1330 1348
1330 1350
1330 1352
1330 1362
1331 1332
1331 1345
1331 1347
1331 1348
1331 1351
1331 1352
1331 1363
1332 1346
1332 1349
1332 1350
1332 1351
1332 1352
1332 1364
1333 1334
1333 1335
1333 1337
1333 1353
1333 1354
1333 1355
1333 1365
1333 1366
1333 1368
1334 1336
1334 1338
1334 1353
1334 1354
1334 1356
1334 1365
1334 1367
1334 1369
1335 1339
1335 1341
1335 1353
1335 1355
1335 1357
1335 1366
1335 1370
1335 1374
1336 1339
1336 1342
1336 1353
1336 1356
1336 1358
1336 1367
1336 1371
1336 1375
1337 1340
1337 1343
1337 1354
1337 1355
1337 1359
1337 1368
1337 1372
1337 1376
1338 1340
1338 1344
1338 1354
1338 1356
1338 1360
1338 1369
1338 1373
1338 1377
1339 1345
1339 1353
1339 1357
1339 1358
1339 1370
1339 1371
1339 1378
1340 1346
1340 1354
1340 1359
1340 1360
1340 1372
1340 1373
1340 1381
1341 1343
1341 1347
1341 1355
1341 1357
1341 1361
1341 1374
1341 1379
1341 1382
1342 1344
1342 1348
1342 1356
1342 1358
1342 1362
1342 1375
1342 1380
1342 1383
1343 1349
1343 1355
1343 1359
1343 1361
1343 1376
1343 1379
1343 1384
1344 1350
1344 1356
1344 1360
1344 1362
1344 1377
1344 1380
1344 1385
1345 1347
1345 1348
1345 1357
1345 1358
1345 1363
1345 1378
1345 1386
1345 1387
1346 1349
1346 1350
1346 1359
1346 1360
1346 1364
1346 1381
1346 1388
1346 1389
1347 1351
1347 1357
1347 1361
1347 1363
1347 1382
1347 1386
1347 1390
1348 1352
1348 1358
1348 1362
1348 1363
1348 1383
1348 1387
1348 1391
1349 1351
1349 1359
1349 1361
1349 1364
1349 1384
1349 1388
1349 1392
1350 1352
1350 1360
1350 1362
1350 1364
1350 1385
1350 1389
1350 1393
1351 1352
1351 1361
1351 1363
1351 1364
1351 1390
1351 1392
1351 1394
1352 1362
1352 1363
1352 1364
1352 1391
1352 1393
1352 1394
1353 1365
1353 1366
1353 1367
1353 1370
1353 1371
1353 1395
1354 1365
1354 1368
1354 1369
1354 1372
1354 1373
1354 1396
1355 1366
1355 1368
1355 1374
1355 1376
1355 1379
1355 1397
1356 1367
1356 1369
1356 1375
1356 1377
1356 1380
1356 1398
1357 1370
1357 1374
1357 1378
1357 1382
1357 1386
1357 1399
1358 1371
1358 1375
1358 1378
1358 1383
1358 1387
1358 1400
1359 1372
1359 1376
1359 1381
1359 1384
1359 1388
1359 1401
1360 1373
1360 1377
1360 1381
1360 1385
1360 1389
1360 1402
1361 1379
1361 1382
1361 1384
1361 1390
1361 1392
1361 1403
1362 1380
1362 1383
1362 1385
1362 1391
1362 1393
1362 1404
1363 1386
1363 1387
1363 1390
1363 1391
1363 1394
1363 1405
1364 1388
1364 1389
1364 1392
1364 1393
1364 1394
1364 1406
1365 1366
1365 1367
1365 1368
1365 1369
1365 1395
1365 1396
1365 1407
1365 1408
1366 1368
1366 1370
1366 1374
1366 1395
1366 1397
1366 1407
1366 1409
1367 1369
1367 1371
1367 1375
1367 1395
1367 1398
1367 1408
1367 1410
1368 1372
1368 1376
1368 1396
1368 1397
1368 1407
1368 1411
1369 1373
1369 1377
1369 1396
1369 1398
1369 1408
1369 1412
1370 1371
1370 1374
1370 1378
1370 1395
1370 1399
1370 1409
1370 1413
1371 1375
1371 1378
1371 1395
1371 1400
1371 1410
1371 1413
1372 1373
1372 1376
1372 1381
1372 1396
1372 1401
1372 1411
1372 1414
1373 1377
1373 1381
1373 1396
1373 1402
1373 1412
1373 1414
1374 1379
1374 1382
1374 1397
1374 1399
1374 1409
1374 1415
1375 1380
1375 1383
1375 1398
1375 1400
1375 1410
1375 1416
1376 1379
1376 1384
1376 1397
1376 1401
1376 1411
1376 1417
1377 1380
1377 1385
1377 1398
1377 1402
1377 1412
1377 1418
1378 1386
1378 1387
1378 1399
1378 1400
1378 1413
1378 1419
1379 1382
1379 1384
1379 1397
1379 1403
1379 1415
1379 1417
1380 1383
1380 1385
1380 1398
1380 1404
1380 1416
1380 1418
1381 1388
1381 1389
1381 1401
1381 1402
1381 1414
1381 1420
1382 1386
1382 1390
1382 1399
1382 1403
1382 1415
1382 1421
1383 1387
1383 1391
1383 1400
1383 1404
1383 1416
1383 1422
1384 1388
1384 1392
1384 1401
1384 1403
1384 1417
1384 1423
1385 1389
1385 1393
1385 1402
1385 1404
1385 1418
1385 1424
1386 1387
1386 1390
1386 1399
1386 1405
1386 1419
1386 1421
1387 1391
1387 1400
1387 1405
1387 1419
1387 1422
1388 1389
1388 1392
1388 1401
1388 1406
1388 1420
1388 1423
1389 1393
1389 1402
1389 1406
1389 1420
1389 1424
1390 1392
1390 1394
1390 1403
1390 1405
1390 1421
1390 1425
1391 1393
1391 1394
1391 1404
1391 1405
1391 1422
1391 1426
1392 1394
1392 1403
1392 1406
1392 1423
1392 1425
1393 1394
1393 1404
1393 1406
1393 1424
1393 1426
1394 1405
1394 1406
1394 1425
1394 1426
1395 1407
1395 1408
1395 1409
1395 1410
1395 1413
1395 1427
1396 1407
1396 1408
1396 1411
1396 1412
1396 1414
1396 1428
1397 1407
1397 1409
1397 1411
1397 1415
1397 1417
1397 1429
1398 1408
1398 1410
1398 1412
1398 1416
1398 1418
1398 1430
1399 1409
1399 1413
1399 1415
1399 1419
1399 1421
1399 1431
1400 1410
1400 1413
1400 1416
1400 1419
1400 1422
1400 1432
1401 1411
1401 1414
1401 1417
1401 1420
1401 1423
1401 1433
1402 1412
1402 1414
1402 1418
1402 1420
1402 1424
1402 1434
1403 1415
1403 1417
1403 1421
1403 1423
1403 1425
1403 1435
1404 1416
1404 1418
1404 1422
1404 1424
1404 1426
1404 1436
1405 1419
1405 1421
1405 1422
1405 1425
1405 1426
1405 1437
1406 1420
1406 1423
1406 1424
1406 1425
1406 1426
1406 1438
1407 1408
1407 1409
1407 1411
1407 1427
1407 1428
1407 1429
1408 1410
1408 1412
1408 1427
1408 1428
1408 1430
1409 1413
1409 1415
1409 1427
1409 1429
1409 1431
1410 1413
1410 1416
1410 1427
1410 1430
1410 1432
1411 1414
1411 1417
1411 1428
1411 1429
1411 1433
1412 1414
1412 1418
1412 1428
1412 1430
1412 1434
1413 1419
1413 1427
1413 1431
1413 1432
1414 1420
1414 1428
1414 1433
1414 1434
1415 1417
1415 1421
1415 1429
1415 1431
1415 1435
1416 1418
1416 1422
1416 1430
1416 1432
1416 1436
1417 1423
1417 1429
1417 1433
1417 1435
1418 1424
1418 1430
1418 1434
1418 1436
1419 1421
1419 1422
1419 1431
1419 1432
1419 1437
1420 1423
1420 1424
1420 1433
1420 1434
1420 1438
1421 1425
1421 1431
1421 1435
1421 1437
1422 1426
1422 1432
1422 1436
1422 1437
1423 1425
1423 1433
1423 1435
1423 1438
1424 1426
1424 1434
1424 1436
1424 1438
1425 1426
1425 1435
1425 1437
1425 1438
1426 1436
1426 1437
1426 1438
1427 1428
1427 1429
1427 1430
1427 1431
1427 1432
1427 1439
1428 1429
1428 1430
1428 1433
1428 1434
1428 1439
1429 1431
1429 1433
1429 1435
1429 1439
1430 1432
1430 1434
1430 1436
1430 1439
1431 1432
1431 1435
1431 1437
1431 1439
1432 1436
1432 1437
1432 1439
1433 1434
1433 1435
1433 1438
1433 1439
1434 1436
1434 1438
1434 1439
1435 1437
1435 1438
1435 1439
1436 1437
1436 1438
1436 1439
1437 1438
1437 1439
1438 1439
1440 1441
1440 1442
1440 1443
1440 1444
1440 1445
1440 1446
1440 1447
1440 1448
1440 1449
1440 1450
1440 1451
1440 1452
1441 1442
1441 1443
1441 1444
1441 1445
1441 1446
1441 1453
1441 1454
1441 1455
1441 1456
1441 1459
1441 1473
1442 1443
1442 1444
1442 1447
1442 1448
1442 1453
1442 1454
1442 1457
1442 1458
1442 1460
1442 1474
1443 1445
1443 1447
1443 1449
1443 1453
1443 1455
1443 1457
1443 1461
1443 1463
1443 1475
1444 1446
1444 1448
1444 1450
1444 1454
1444 1456
1444 1458
1444 1462
1444 1464
1444 1476
1445 1446
1445 1449
1445 1451
1445 1455
1445 1459
1445 1461
1445 1465
1445 1467
1445 1477
1446 1450
1446 1451
1446 1456
1446 1459
1446 1462
1446 1465
1446 1468
1446 1478
1447 1448
1447 1449
1447 1452
1447 1457
1447 1460
1447 1463
1447 1466
1447 1469
1447 1479
1448 1450
1448 1452
1448 1458
1448 1460
1448 1464
1448 1466
1448 1470
1448 1480
1449 1451
1449 1452
1449 1461
1449 1463
1449 1467
1449 1469
1449 1471
1449 1481
1450 1451
1450 1452
1450 1462
1450 1464
1450 1468
1450 1470
1450 1472
1450 1482
1451 1452
1451 1465
1451 1467
1451 1468
1451 1471
1451 1472
1451 1483
1452 1466
1452 1469
1452 1470
1452 1471
1452 1472
1452 1484
1453 1454
1453 1455
1453 1457
1453 1473
1453 1474
1453 1475
1453 1485
1453 1486
1453 1488
1454 1456
1454 1458
1454 1473
1454 1474
1454 1476
1454 1485
1454 1487
1454 1489
1455 1459
1455 1461
1455 1473
1455 1475
1455 1477
1455 1486
1455 1490
1455 1494
1456 1459
1456 1462
1456 1473
1456 1476
1456 1478
1456 1487
1456 1491
1456 1495
1457 1460
1457 1463
1457 1474
1457 1475
1457 1479
1457 1488
1457 1492
1457 1496
1458 1460
1458 1464
1458 1474
1458 1476
1458 1480
1458 1489
1458 1493
1458 1497
1459 1465
1459 1473
1459 1477
1459 1478
1459 1490
1459 1491
1459 1498
1460 1466
1460 1474
1460 1479
1460 1480
1460 1492
1460 1493
1460 1501
1461 1463
1461 1467
1461 1475
1461 1477
1461 1481
1461 1494
1461 1499
1461 1502
1462 1464
1462 1468
1462 1476
1462 1478
1462 1482
1462 1495
1462 1500
1462 1503
1463 1469
1463 1475
1463 1479
1463 1481
1463 1496
1463 1499
1463 1504
1464 1470
1464 1476
1464 1480
1464 1482
1464 1497
1464 1500
1464 1505
1465 1467
1465 1468
1465 1477
1465 1478
1465 1483
1465 1498
1465 1506
1465 1507
1466 1469
1466 1470
1466 1479
1466 1480
1466 1484
1466 1501
1466 1508
1466 1509
1467 1471
1467 1477
1467 1481
1467 1483
1467 1502
1467 1506
1467 1510
1468 1472
1468 1478
1468 1482
1468 1483
1468 1503
1468 1507
1468 1511
1469 1471
1469 1479
1469 1481
1469 1484
1469 1504
1469 1508
1469 1512
1470 1472
1470 1480
1470 1482
1470 1484
1470 1505
1470 1509
1470 1513
1471 1472
1471 1481
1471 1483
1471 1484
1471 1510
1471 1512
1471 1514
1472 1482
1472 1483
1472 1484
1472 1511
1472 1513
1472 1514
1473 1485
1473 1486
1473 1487
1473 1490
1473 1491
1473 1515
1474 1485
1474 1488
1474 1489
1474 1492
1474 1493
1474 1516
1475 1486
1475 1488
1475 1494
1475 1496
1475 1499
1475 1517
1476 1487
1476 1489
1476 1495
1476 1497
1476 1500
1476 1518
1477 1490
1477 1494
1477 1498
1477 1502
1477 1506
1477 1519
1478 1491
1478 1495
1478 1498
1478 1503
1478 1507
1478 1520
1479 1492
1479 1496
1479 1501
1479 1504
1479 1508
1479 1521
1480 1493
1480 1497
1480 1501
1480 1505
1480 1509
1480 1522
1481 1499
1481 1502
1481 1504
1481 1510
1481 1512
1481 1523
1482 1500
1482 1503
1482 1505
1482 1511
1482 1513
1482 1524
1483 1506
1483 1507
1483 1510
1483 1511
1483 1514
1483 1525
1484 1508
1484 1509
1484 1512
1484 1513
1484 1514
1484 1526
1485 1486
1485 1487
1485 1488
1485 1489
1485 1515
1485 1516
1485 1527
1485 1528
1486 1488
1486 1490
1486 1494
1486 1515
1486 1517
1486 1527
1486 1529
1487 1489
1487 1491
1487 1495
1487 1515
1487 1518
1487 1528
1487 1530
1488 1492
1488 1496
1488 1516
1488 1517
1488 1527
1488 1531
1489 1493
1489 1497
1489 1516
1489 1518
1489 1528
1489 1532
1490 1491
1490 1494
1490 1498
1490 1515
1490 1519
1490 1529
1490 1533
1491 1495
1491 1498
1491 1515
1491 1520
1491 1530
1491 1533
1492 1493
1492 1496
1492 1501
1492 1516
1492 1521
1492 1531
1492 1534
1493 1497
1493 1501
1493 1516
1493 1522
1493 1532
1493 1534
1494 1499
1494 1502
1494 1517
1494 1519
1494 1529
1494 1535
1495 1500
1495 1503
1495 1518
1495 1520
1495 1530
1495 1536
1496 1499
1496 1504
1496 1517
1496 1521
1496 1531
1496 1537
1497 1500
1497 1505
1497 1518
1497 1522
1497 1532
1497 1538
1498 1506
1498 1507
1498 1519
1498 1520
1498 1533
1498 1539
1499 1502
1499 1504
1499 1517
1499 1523
1499 1535
1499 1537
1500 1503
1500 1505
1500 1518
1500 1524
1500 1536
1500 1538
1501 1508
1501 1509
1501 1521
1501 1522
1501 1534
1501 1540
1502 1506
1502 1510
1502 1519
1502 1523
1502 1535
1502 1541
1503 1507
1503 1511
1503 1520
1503 1524
1503 1536
1503 1542
1504 1508
1504 1512
1504 1521
1504 1523
1504 1537
1504 1543
1505 1509
1505 1513
1505 1522
1505 1524
1505 1538
1505 1544
1506 1507
1506 1510
1506 1519
1506 1525
1506 1539
1506 1541
1507 1511
1507 1520
1507 1525
1507 1539
1507 1542
1508 1509
1508 1512
1508 1521
1508 1526
1508 1540
1508 1543
1509 1513
1509 1522
1509 1526
1509 1540
1509 1544
1510 1512
1510 1514
1510 1523
1510 1525
1510 1541
1510 1545
1511 1513
1511 1514
1511 1524
1511 1525
1511 1542
1511 1546
1512 1514
1512 1523
1512 1526
1512 1543
1512 1545
1513 1514
1513 1524
1513 1526
1513 1544
1513 1546
1514 1525
1514 1526
1514 1545
1514 1546
1515 1527
1515 1528
1515 1529
1515 1530
1515 1533
1515 1547
1516 1527
1516 1528
1516 1531
1516 1532
1516 1534
1516 1548
1517 1527
1517 1529
1517 1531
1517 1535
1517 1537
1517 1549
1518 1528
1518 1530
1518 1532
1518 1536
1518 1538
1518 1550
1519 1529
1519 1533
1519 1535
1519 1539
1519 1541
1519 1551
1520 1530
1520 1533
1520 1536
1520 1539
1520 1542
1520 1552
1521 1531
1521 1534
1521 1537
1521 1540
1521 1543
1521 1553
1522 1532
1522 1534
1522 1538
1522 1540
1522 1544
1522 1554
1523 1535
1523 1537
1523 1541
1523 1543
1523 1545
1523 1555
1524 1536
1524 1538
1524 1542
1524 1544
1524 1546
1524 1556
1525 1539
1525 1541
1525 1542
1525 1545
1525 1546
1525 1557
1526 1540
1526 1543
1526 1544
1526 1545
1526 1546
1526 1558
1527 1528
1527 1529
1527 1531
1527 1547
1527 1548
1527 1549
1528 1530
1528 1532
1528 1547
1528 1548
1528 1550
1529 1533
1529 1535
1529 1547
1529 1549
1529 1551
1530 1533
1530 1536
1530 1547
1530 1550
1530 1552
1531 1534
1531 1537
1531 1548
1531 1549
1531 1553
1532 1534
1532 1538
1532 1548
1532 1550
1532 1554
1533 1539
1533 1547
1533 1551
1533 1552
1534 1540
1534 1548
1534 1553
1534 1554
1535 1537
1535 1541
1535 1549
1535 1551
1535 1555
1536 1538
1536 1542
1536 1550
1536 1552
1536 1556
1537 1543
1537 1549
1537 1553
1537 1555
1538 1544
1538 1550
1538 1554
1538 1556
1539 1541
1539 1542
1539 1551
1539 1552
1539 1557
1540 1543
1540 1544
1540 1553
1540 1554
1540 1558
1541 1545
1541 1551
1541 1555
1541 1557
1542 1546
1542 1552
1542 1556
1542 1557
1543 1545
1543 1553
1543 1555
1543 1558
1544 1546
1544 1554
1544 1556
1544 1558
1545 1546
1545 1555
1545 1557
1545 1558
1546 1556
1546 1557
1546 1558
1547 1548
1547 1549
1547 1550
1547 1551
1547 1552
1547 1559
1548 1549
1548 1550
1548 1553
1548 1554
1548 1559
1549 1551
1549 1553
1549 1555
1549 1559
1550 1552
1550 1554
1550 1556
1550 1559
1551 1552
1551 1555
1551 1557
1551 1559
1552 1556
1552 1557
1552 1559
1553 1554
1553 1555
1553 1558
1553 1559
1554 1556
1554 1558
1554 1559
1555 1557
1555 1558
1555 1559
1556 1557
1556 1558
1556 1559
1557 1558
1557 1559
1558 1559
1560 1561
1560 1562
1560 1563
1560 1564
1560 1565
1560 1566
1560 1567
1560 1568
1560 1569
1560 1570
1560 1571
1560 1572
1561 1562
1561 1563
1561 1564
1561 1565
1561 1566
1561 1573
1561 1574
1561 1575
1561 1576
1561 1579
1561 1593
1562 1563
1562 1564
1562 1567
1562 1568
1562 1573
1562 1574
1562 1577
1562 1578
1562 1580
1562 1594
1563 1565
1563 1567
1563 1569
1563 1573
1563 1575
1563 1577
1563 1581
1563 1583
1563 1595
1564 1566
1564 1568
1564 1570
1564 1574
1564 1576
1564 1578
1564 1582
1564 1584
1564 1596
1565 1566
1565 1569
1565 1571
1565 1575
1565 1579
1565 1581
1565 1585
1565 1587
1565 1597
1566 1570
1566 1571
1566 1576
1566 1579
1566 1582
1566 1585
1566 1588
1566 1598
1567 1568
1567 1569
1567 1572
1567 1577
1567 1580
1567 1583
1567 1586
1567 1589
1567 1599
1568 1570
1568 1572
1568 1578
1568 1580
1568 1584
1568 1586
1568 1590
1568 1600
1569 1571
1569 1572
1569 1581
1569 1583
1569 1587
1569 1589
1569 1591
1569 1601
1570 1571
1570 1572
1570 1582
1570 1584
1570 1588
1570 1590
1570 1592
1570 1602
1571 1572
1571 1585
1571 1587
1571 1588
1571 1591
1571 1592
1571 1603
1572 1586
1572 1589
1572 1590
1572 1591
1572 1592
1572 1604
1573 1574
1573 1575
1573 1577
1573 1593
1573 1594
1573 1595
1573 1605
1573 1606
1573 1608
1574 1576
1574 1578
1574 1593
1574 1594
1574 1596
1574 1605
1574 1607
1574 1609
1575 1579
1575 1581
1575 1593
1575 1595
1575 1597
1575 1606
1575 1610
1575 1614
1576 1579
1576 1582
1576 1593
1576 1596
1576 1598
1576 1607
1576 1611
1576 1615
1577 1580
1577 1583
1577 1594
1577 1595
1577 1599
1577 1608
1577 1612
1577 1616
1578 1580
1578 1584
1578 1594
1578 1596
1578 1600
1578 1609
1578 1613
1578 1617
1579 1585
1579 1593
1579 1597
1579 1598
1579 1610
1579 1611
1579 1618
1580 1586
1580 1594
1580 1599
1580 1600
1580 1612
1580 1613
1580 1621
1581 1583
1581 1587
1581 1595
1581 1597
1581 1601
1581 1614
1581 1619
1581 1622
1582 1584
1582 1588
1582 1596
1582 1598
1582 1602
1582 1615
1582 1620
1582 1623
1583 1589
1583 1595
1583 1599
1583 1601
1583 1616
1583 1619
1583 1624
1584 1590
1584 1596
1584 1600
1584 1602
1584 1617
1584 1620
1584 1625
1585 1587
1585 1588
1585 1597
1585 1598
1585 1603
1585 1618
1585 1626
1585 1627
1586 1589
1586 1590
1586 1599
1586 1600
1586 1604
1586 1621
1586 1628
1586 1629
1587 1591
1587 1597
1587 1601
1587 1603
1587 1622
1587 1626
1587 1630
1588 1592
1588 1598
1588 1602
1588 1603
1588 1623
1588 1627
1588 1631
1589 1591
1589 1599
1589 1601
1589 1604
1589 1624
1589 1628
1589 1632
1590 1592
1590 1600
1590 1602
1590 1604
1590 1625
1590 1629
1590 1633
1591 1592
1591 1601
1591 1603
1591 1604
1591 1630
1591 1632
1591 1634
1592 1602
1592 1603
1592 1604
1592 1631
1592 1633
1592 1634
1593 1605
1593 1606
1593 1607
1593 1610
1593 1611
1593 1635
1594 1605
1594 1608
1594 1609
1594 1612
1594 1613
1594 1636
1595 1606
1595 1608
1595 1614
1595 1616
1595 1619
1595 1637
1596 1607
1596 1609
1596 1615
1596 1617
1596 1620
1596 1638
1597 1610
1597 1614
1597 1618
1597 1622
1597 1626
1597 1639
1598 1611
1598 1615
1598 1618
1598 1623
1598 1627
1598 1640
1599 1612
1599 1616
1599 1621
1599 1624
1599 1628
1599 1641
1600 1613
1600 1617
1600 1621
1600 1625
1600 1629
1600 1642
1601 1619
1601 1622
1601 1624
1601 1630
1601 1632
1601 1643
1602 1620
1602 1623
1602 1625
1602 1631
1602 1633
1602 1644
1603 1626
1603 1627
1603 1630
1603 1631
1603 1634
1603 1645
1604 1628
1604 1629
1604 1632
1604 1633
1604 1634
1604 1646
1605 1606
1605 1607
1605 1608
1605 1609
1605 1635
1605 1636
1605 1647
1605 1648
1606 1608
1606 1610
1606 1614
1606 1635
1606 1637
1606 1647
1606 1649
1607 1609
1607 1611
1607 1615
1607 1635
1607 1638
1607 1648
1607 1650
1608 1612
1608 1616
1608 1636
1608 1637
1608 1647
1608 1651
1609 1613
1609 1617
1609 1636
1609 1638
1609 1648
1609 1652
1610 1611
1610 1614
1610 1618
1610 1635
1610 1639
1610 1649
1610 1653
1611 1615
1611 1618
1611 1635
1611 1640
1611 1650
1611 1653
1612 1613
1612 1616
1612 1621
1612 1636
1612 1641
1612 1651
1612 1654
1613 1617
1613 1621
1613 1636
1613 1642
1613 1652
1613 1654
1614 1619
1614 1622
1614 1637
1614 1639
1614 1649
1614 1655
1615 1620
1615 1623
1615 1638
1615 1640
1615 1650
1615 1656
1616 1619
1616 1624
1616 1637
1616 1641
1616 1651
1616 1657
1617 1620
1617 1625
1617 1638
1617 1642
1617 1652
1617 1658
1618 1626
1618 1627
1618 1639
1618 1640
1618 1653
1618 1659
1619 1622
1619 1624
1619 1637
1619 1643
1619 1655
1619 1657
1620 1623
1620 1625
1620 1638
1620 1644
1620 1656
1620 1658
1621 1628
1621 1629
1621 1641
1621 1642
1621 1654
1621 1660
1622 1626
1622 1630
1622 1639
1622 1643
1622 1655
1622 1661
1623 1627
1623 1631
1623 1640
1623 1644
1623 1656
1623 1662
1624 1628
1624 1632
1624 1641
1624 1643
1624 1657
1624 1663
1625 1629
1625 1633
1625 1642
1625 1644
1625 1658
1625 1664
1626 1627
1626 1630
1626 1639
1626 1645
1626 1659
1626 1661
1627 1631
1627 1640
1627 1645
1627 1659
1627 1662
1628 1629
1628 1632
1628 1641
1628 1646
1628 1660
1628 1663
1629 1633
1629 1642
1629 1646
1629 1660
1629 1664
1630 1632
1630 1634
1630 1643
1630 1645
1630 1661
1630 1665
1631 1633
1631 1634
1631 1644
1631 1645
1631 1662
1631 1666
1632 1634
1632 1643
1632 1646
1632 1663
1632 1665
1633 1634
1633 1644
1633 1646
1633 1664
1633 1666
1634 1645
1634 1646
1634 1665
1634 1666
1635 1647
1635 1648
1635 1649
1635 1650
1635 1653
1635 1667
1636 1647
1636 1648
1636 1651
1636 1652
1636 1654
1636 1668
1637 1647
1637 1649
1637 1651
1637 1655
1637 1657
1637 1669
1638 1648
1638 1650
1638 1652
1638 1656
1638 1658
1638 1670
1639 1649
1639 1653
1639 1655
1639 1659
1639 1661
1639 1671
1640 1650
1640 1653
1640 1656
1640 1659
1640 1662
1640 1672
1641 1651
1641 1654
1641 1657
1641 1660
1641 1663
1641 1673
1642 1652
1642 1654
1642 1658
1642 1660
1642 1664
1642 1674
1643 1655
1643 1657
1643 1661
1643 1663
1643 1665
1643 1675
1644 1656
1644 1658
1644 1662
1644 1664
1644 1666
1644 1676
1645 1659
1645 1661
1645 1662
1645 1665
1645 1666
1645 1677
1646 1660
1646 1663
1646 1664
1646 1665
1646 1666
1646 1678
1647 1648
1647 1649
1647 1651
1647 1667
1647 1668
1647 1669
1648 1650
1648 1652
1648 1667
1648 1668
1648 1670
1649 1653
1649 1655
1649 1667
1649 1669
1649 1671
1650 1653
1650 1656
1650 1667
1650 1670
1650 1672
1651 1654
1651 1657
1651 1668
1651 1669
1651 1673
1652 1654
1652 1658
1652 1668
1652 1670
1652 1674
1653 1659
1653 1667
1653 1671
1653 1672
1654 1660
1654 1668
1654 1673
1654 1674
1655 1657
1655 1661
1655 1669
1655 1671
1655 1675
1656 1658
1656 1662
1656 1670
1656 1672
1656 1676
1657 1663
1657 1669
1657 1673
1657 1675
1658 1664
1658 1670
1658 1674
1658 1676
1659 1661
1659 1662
1659 1671
1659 1672
1659 1677
1660 1663
1660 1664
1660 1673
1660 1674
1660 1678
1661 1665
1661 1671
1661 1675
1661 1677
1662 1666
1662 1672
1662 1676
1662 1677
1663 1665
1663 1673
1663 1675
1663 1678
1664 1666
1664 1674
1664 1676
1664 1678
1665 1666
1665 1675
1665 1677
1665 1678
1666 1676
1666 1677
1666 1678
1667 1668
1667 1669
1667 1670
1667 1671
1667 1672
1667 1679
1668 1669
1668 1670
1668 1673
1668 1674
1668 1679
1669 1671
1669 1673
1669 1675
1669 1679
1670 1672
1670 1674
1670 1676
1670 1679
1671 1672
1671 1675
1671 1677
1671 1679
1672 1676
1672 1677
1672 1679
1673 1674
1673 1675
1673 1678
1673 1679
1674 1676
1674 1678
1674 1679
1675 1677
1675 1678
1675 1679
1676 1677
1676 1678
1676 1679
1677 1678
1677 1679
1678 1679
1680 1681
1680 1682
1680 1683
1680 1684
1680 1685
1680 1686
1680 1687
1680 1688
1680 1689
1680 1690
1680 1691
1680 1692
1681 1682
1681 1683
1681 1684
1681 1685
1681 1686
1681 1693
1681 1694
1681 1695
1681 1696
1681 1699
1681 1713
1682 1683
1682 1684
1682 1687
1682 1688
1682 1693
1682 1694
1682 1697
1682 1698
1682 1700
1682 1714
1683 1685
1683 1687
1683 1689
1683 1693
1683 1695
1683 1697
1683 1701
1683 1703
1683 1715
1684 1686
1684 1688
1684 1690
1684 1694
1684 1696
1684 1698
1684 1702
1684 1704
1684 1716
1685 1686
1685 1689
1685 1691
1685 1695
1685 1699
1685 1701
1685 1705
1685 1707
1685 1717
1686 1690
1686 1691
1686 1696
1686 1699
1686 1702
1686 1705
1686 1708
1686 1718
1687 1688
1687 1689
1687 1692
1687 1697
1687 1700
1687 1703
1687 1706
1687 1709
1687 1719
1688 1690
1688 1692
1688 1698
1688 1700
1688 1704
1688 1706
1688 1710
1688 1720
1689 1691
1689 1692
1689 1701
1689 1703
1689 1707
1689 1709
1689 1711
1689 1721
1690 1691
1690 1692
1690 1702
1690 1704
1690 1708
1690 1710
1690 1712
1690 1722
1691 1692
1691 1705
1691 1707
1691 1708
1691 1711
1691 1712
1691 1723
1692 1706
1692 1709
1692 1710
1692 1711
1692 1712
1692 1724
1693 1694
1693 1695
1693 1697
1693 1713
1693 1714
1693 1715
1693 1725
1693 1726
1693 1728
1694 1696
1694 1698
1694 1713
1694 1714
1694 1716
1694 1725
1694 1727
1694 1729
1695 1699
1695 1701
1695 1713
1695 1715
1695 1717
1695 1726
1695 1730
1695 1734
1696 1699
1696 1702
1696 1713
1696 1716
1696 1718
1696 1727
1696 1731
1696 1735
1697 1700
1697 1703
1697 1714
1697 1715
1697 1719
1697 1728
1697 1732
1697 1736
1698 1700
1698 1704
1698 1714
1698 1716
1698 1720
1698 1729
1698 1733
1698 1737
1699 1705
1699 1713
1699 1717
1699 1718
1699 1730
1699 1731
1699 1738
1700 1706
1700 1714
1700 1719
1700 1720
1700 1732
1700 1733
1700 1741
1701 1703
1701 1707
1701 1715
1701 1717
1701 1721
1701 1734
1701 1739
1701 1742
1702 1704
1702 1708
1702 1716
1702 1718
1702 1722
1702 1735
1702 1740
1702 1743
1703 1709
1703 1715
1703 1719
1703 1721
1703 1736
1703 1739
1703 1744
1704 1710
1704 1716
1704 1720
1704 1722
1704 1737
1704 1740
1704 1745
1705 1707
1705 1708
1705 1717
1705 1718
1705 1723
1705 1738
1705 1746
1705 1747
1706 1709
1706 1710
1706 1719
1706 1720
1706 1724
1706 1741
1706 1748
1706 1749
1707 1711
1707 1717
1707 1721
1707 1723
1707 1742
1707 1746
1707 1750
1708 1712
1708 1718
1708 1722
1708 1723
1708 1743
1708 1747
1708 1751
1709 1711
1709 1719
1709 1721
1709 1724
1709 1744
1709 1748
1709 1752
1710 1712
1710 1720
1710 1722
1710 1724
1710 1745
1710 1749
1710 1753
1711 1712
1711 1721
1711 1723
1711 1724
1711 1750
1711 1752
1711 1754
1712 1722
1712 1723
1712 1724
1712 1751
1712 1753
1712 1754
1713 1725
1713 1726
1713 1727
1713 1730
1713 1731
1713 1755
1714 1725
1714 1728
1714 1729
1714 1732
1714 1733
1714 1756
1715 1726
1715 1728
1715 1734
1715 1736
1715 1739
1715 1757
1716 1727
1716 1729
1716 1735
1716 1737
1716 1740
1716 1758
1717 1730
1717 1734
1717 1738
1717 1742
1717 1746
1717 1759
1718 1731
1718 1735
1718 1738
1718 1743
1718 1747
1718 1760
1719 1732
1719 1736
1719 1741
1719 1744
1719 1748
1719 1761
1720 1733
1720 1737
1720 1741
1720 1745
1720 1749
1720 1762
1721 1739
1721 1742
1721 1744
1721 1750
1721 1752
1721 1763
1722 1740
1722 1743
1722 1745
1722 1751
1722 1753
1722 1764
1723 1746
1723 1747
1723 1750
1723 1751
1723 1754
1723 1765
1724 1748
1724 1749
1724 1752
1724 1753
1724 1754
1724 1766
1725 1726
1725 1727
1725 1728
1725 1729
1725 1755
1725 1756
1725 1767
1725 1768
1726 1728
1726 1730
1726 1734
1726 1755
1726 1757
1726 1767
1726 1769
1727 1729
1727 1731
1727 1735
1727 1755
1727 1758
1727 1768
1727 1770
1728 1732
1728 1736
1728 1756
1728 1757
1728 1767
1728 1771
1729 1733
1729 1737
1729 1756
1729 1758
1729 1768
1729 1772
1730 1731
1730 1734
1730 1738
1730 1755
1730 1759
1730 1769
1730 1773
1731 1735
1731 1738
1731 1755
1731 1760
1731 1770
1731 1773
1732 1733
1732 1736
1732 1741
1732 1756
1732 1761
1732 1771
1732 1774
1733 1737
1733 1741
1733 1756
1733 1762
1733 1772
1733 1774
1734 1739
1734 1742
1734 1757
1734 1759
1734 1769
1734 1775
1735 1740
1735 1743
1735 1758
1735 1760
1735 1770
1735 1776
1736 1739
1736 1744
1736 1757
1736 1761
1736 1771
1736 1777
1737 1740
1737 1745
1737 1758
1737 1762
1737 1772
1737 1778
1738 1746
1738 1747
1738 1759
1738 1760
1738 1773
1738 1779
1739 1742
1739 1744
1739 1757
1739 1763
1739 1775
1739 1777
1740 1743
1740 1745
1740 1758
1740 1764
1740 1776
1740 1778
1741 1748
1741 1749
1741 1761
1741 1762
1741 1774
1741 1780
1742 1746
1742 1750
1742 1759
1742 1763
1742 1775
1742 1781
1743 1747
1743 1751
1743 1760
1743 1764
1743 1776
1743 1782
1744 1748
1744 1752
1744 1761
1744 1763
1744 1777
1744 1783
1745 1749
1745 1753
1745 1762
1745 1764
1745 1778
1745 1784
1746 1747
1746 1750
1746 1759
1746 1765
1746 1779
1746 1781
1747 1751
1747 1760
1747 1765
1747 1779
1747 1782
1748 1749
1748 1752
1748 1761
1748 1766
1748 1780
1748 1783
1749 1753
1749 1762
1749 1766
1749 1780
1749 1784
1750 1752
1750 1754
1750 1763
1750 1765
1750 1781
1750 1785
1751 1753
1751 1754
1751 1764
1751 1765
1751 1782
1751 1786
1752 1754
1752 1763
1752 1766
1752 1783
1752 1785
1753 1754
1753 1764
1753 1766
1753 1784
1753 1786
1754 1765
1754 1766
1754 1785
1754 1786
1755 1767
1755 1768
1755 1769
1755 1770
1755 1773
1755 1787
1756 1767
1756 1768
1756 1771
1756 1772
1756 1774
1756 1788
1757 1767
1757 1769
1757 1771
1757 1775
1757 1777
1757 1789
1758 1768
1758 1770
1758 1772
1758 1776
1758 1778
1758 1790
1759 1769
1759 1773
1759 1775
1759 1779
1759 1781
1759 1791
1760 1770
1760 1773
1760 1776
1760 1779
1760 1782
1760 1792
1761 1771
1761 1774
1761 1777
1761 1780
1761 1783
1761 1793
1762 1772
1762 1774
1762 1778
1762 1780
1762 1784
1762 1794
1763 1775
1763 1777
1763 1781
1763 1783
1763 1785
1763 1795
1764 1776
1764 1778
1764 1782
1764 1784
1764 1786
1764 1796
1765 1779
1765 1781
1765 1782
1765 1785
1765 1786
1765 1797
1766 1780
1766 1783
1766 1784
1766 1785
1766 1786
1766 1798
1767 1768
1767 1769
1767 1771
1767 1787
1767 1788
1767 1789
1768 1770
1768 1772
1768 1787
1768 1788
1768 1790
1769 1773
1769 1775
1769 1787
1769 1789
1769 1791
1770 1773
1770 1776
1770 1787
1770 1790
1770 1792
1771 1774
1771 1777
1771 1788
1771 1789
1771 1793
1772 1774
1772 1778
1772 1788
1772 1790
1772 1794
1773 1779
1773 1787
1773 1791
1773 1792
1774 1780
1774 1788
1774 1793
1774 1794
1775 1777
1775 1781
1775 1789
1775 1791
1775 1795
1776 1778
1776 1782
1776 1790
1776 1792
1776 1796
1777 1783
1777 1789
1777 1793
1777 1795
1778 1784
1778 1790
1778 1794
1778 1796
1779 1781
1779 1782
1779 1791
1779 1792
1779 1797
1780 1783
1780 1784
1780 1793
1780 1794
1780 1798
1781 1785
1781 1791
1781 1795
1781 1797
1782 1786
1782 1792
1782 1796
1782 1797
1783 1785
1783 1793
1783 1795
1783 1798
1784 1786
1784 1794
1784 1796
1784 1798
1785 1786
1785 1795
1785 1797
1785 1798
1786 1796
1786 1797
1786 1798
1787 1788
1787 1789
1787 1790
1787 1791
1787 1792
1787 1799
1788 1789
1788 1790
1788 1793
1788 1794
1788 1799
1789 1791
1789 1793
1789 1795
1789 1799
1790 1792
1790 1794
1790 1796
1790 1799
1791 1792
1791 1795
1791 1797
1791 1799
1792 1796
1792 1797
1792 1799
1793 1794
1793 1795
1793 1798
1793 1799
1794 1796
1794 1798
1794 1799
1795 1797
1795 1798
1795 1799
1796 1797
1796 1798
1796 1799
1797 1798
1797 1799
1798 1799
1800 1801
1800 1802
1800 1803
1800 1804
1800 1805
1800 1806
1800 1807
1800 1808
1800 1809
1800 1810
1800 1811
1800 1812
1801 1802
1801 1803
1801 1804
1801 1805
1801 1806
1801 1813
1801 1814
1801 1815
1801 1816
1801 1819
1801 1833
1802 1803
1802 1804
1802 1807
1802 1808
1802 1813
1802 1814
1802 1817
1802 1818
1802 1820
1802 1834
1803 1805
1803 1807
1803 1809
1803 1813
1803 1815
1803 1817
1803 1821
1803 1823
1803 1835
1804 1806
1804 1808
1804 1810
1804 1814
1804 1816
1804 1818
1804 1822
1804 1824
1804 1836
1805 1806
1805 1809
1805 1811
1805 1815
1805 1819
1805 1821
1805 1825
1805 1827
1805 1837
1806 1810
1806 1811
1806 1816
1806 1819
1806 1822
1806 1825
1806 1828
1806 1838
1807 1808
1807 1809
1807 1812
1807 1817
1807 1820
1807 1823
1807 1826
1807 1829
1807 1839
1808 1810
1808 1812
1808 1818
1808 1820
1808 1824
1808 1826
1808 1830
1808 1840
1809 1811
1809 1812
1809 1821
1809 1823
1809 1827
1809 1829
1809 1831
1809 1841
1810 1811
1810 1812
1810 1822
1810 1824
1810 1828
1810 1830
1810 1832
1810 1842
1811 1812
1811 1825
1811 1827
1811 1828
1811 1831
1811 1832
1811 1843
1812 1826
1812 1829
1812 1830
1812 1831
1812 1832
1812 1844
1813 1814
1813 1815
1813 1817
1813 1833
1813 1834
1813 1835
1813 1845
1813 1846
1813 1848
1814 1816
1814 1818
1814 1833
1814 1834
1814 1836
1814 1845
1814 1847
1814 1849
1815 1819
1815 1821
1815 1833
1815 1835
1815 1837
1815 1846
1815 1850
1815 1854
1816 1819
1816 1822
1816 1833
1816 1836
1816 1838
1816 1847
1816 1851
1816 1855
1817 1820
1817 1823
1817 1834
1817 1835
1817 1839
1817 1848
1817 1852
1817 1856
1818 1820
1818 1824
1818 1834
1818 1836
1818 1840
1818 1849
1818 1853
1818 1857
1819 1825
1819 1833
1819 1837
1819 1838
1819 1850
1819 1851
1819 1858
1820 1826
1820 1834
1820 1839
1820 1840
1820 1852
1820 1853
1820 1861
1821 1823
1821 1827
1821 1835
1821 1837
1821 1841
1821 1854
1821 1859
1821 1862
1822 1824
1822 1828
1822 1836
1822 1838
1822 1842
1822 1855
1822 1860
1822 1863
1823 1829
1823 1835
1823 1839
1823 1841
1823 1856
1823 1859
1823 1864
1824 1830
1824 1836
1824 1840
1824 1842
1824 1857
1824 1860
1824 1865
1825 1827
1825 1828
1825 1837
1825 1838
1825 1843
1825 1858
1825 1866
1825 1867
1826 1829
1826 1830
1826 1839
1826 1840
1826 1844
1826 1861
1826 1868
1826 1869
1827 1831
1827 1837
1827 1841
1827 1843
1827 1862
1827 1866
1827 1870
1828 1832
1828 1838
1828 1842
1828 1843
1828 1863
1828 1867
1828 1871
1829 1831
1829 1839
1829 1841
1829 1844
1829 1864
1829 1868
1829 1872
1830 1832
1830 1840
1830 1842
1830 1844
1830 1865
1830 1869
1830 1873
1831 1832
1831 1841
1831 1843
1831 1844
1831 1870
1831 1872
1831 1874
1832 1842
1832 1843
1832 1844
1832 1871
1832 1873
1832 1874
1833 1845
1833 1846
1833 1847
1833 1850
1833 1851
1833 1875
1834 1845
1834 1848
1834 1849
1834 1852
1834 1853
1834 1876
1835 1846
1835 1848
1835 1854
1835 1856
1835 1859
1835 1877
1836 1847
1836 1849
1836 1855
1836 1857
1836 1860
1836 1878
1837 1850
1837 1854
1837 1858
1837 1862
1837 1866
1837 1879
1838 1851
1838 1855
1838 1858
1838 1863
1838 1867
1838 1880
1839 1852
1839 1856
1839 1861
1839 1864
1839 1868
1839 1881
1840 1853
1840 1857
1840 1861
1840 1865
1840 1869
1840 1882
1841 1859
1841 1862
1841 1864
1841 1870
1841 1872
1841 1883
1842 1860
1842 1863
1842 1865
1842 1871
1842 1873
1842 1884
1843 1866
1843 1867
1843 1870
1843 1871
1843 1874
1843 1885
1844 1868
1844 1869
1844 1872
1844 1873
1844 1874
1844 1886
1845 1846
1845 1847
1845 1848
1845 1849
1845 1875
1845 1876
1845 1887
1845 1888
1846 1848
1846 1850
1846 1854
1846 1875
1846 1877
1846 1887
1846 1889
1847 1849
1847 1851
1847 1855
1847 1875
1847 1878
1847 1888
1847 1890
1848 1852
1848 1856
1848 1876
1848 1877
1848 1887
1848 1891
1849 1853
1849 1857
1849 1876
1849 1878
1849 1888
1849 1892
1850 1851
1850 1854
1850 1858
1850 1875
1850 1879
1850 1889
1850 1893
1851 1855
1851 1858
1851 1875
1851 1880
1851 1890
1851 1893
1852 1853
1852 1856
1852 1861
1852 1876
1852 1881
1852 1891
1852 1894
1853 1857
1853 1861
1853 1876
1853 1882
1853 1892
1853 1894
1854 1859
1854 1862
1854 1877
1854 1879
1854 1889
1854 1895
1855 1860
1855 1863
1855 1878
1855 1880
1855 1890
1855 1896
1856 1859
1856 1864
1856 1877
1856 1881
1856 1891
1856 1897
1857 1860
1857 1865
1857 1878
1857 1882
1857 1892
1857 1898
1858 1866
1858 1867
1858 1879
1858 1880
1858 1893
1858 1899
1859 1862
1859 1864
1859 1877
1859 1883
1859 1895
1859 1897
1860 1863
1860 1865
1860 1878
1860 1884
1860 1896
1860 1898
1861 1868
1861 1869
1861 1881
1861 1882
1861 1894
1861 1900
1862 1866
1862 1870
1862 1879
1862 1883
1862 1895
1862 1901
1863 1867
1863 1871
1863 1880
1863 1884
1863 1896
1863 1902
1864 1868
1864 1872
1864 1881
1864 1883
1864 1897
1864 1903
1865 1869
1865 1873
1865 1882
1865 1884
1865 1898
1865 1904
1866 1867
1866 1870
1866 1879
1866 1885
1866 1899
1866 1901
1867 1871
1867 1880
1867 1885
1867 1899
1867 1902
1868 1869
1868 1872
1868 1881
1868 1886
1868 1900
1868 1903
1869 1873
1869 1882
1869 1886
1869 1900
1869 1904
1870 1872
1870 1874
1870 1883
1870 1885
1870 1901
1870 1905
1871 1873
1871 1874
1871 1884
1871 1885
1871 1902
1871 1906
1872 1874
1872 1883
1872 1886
1872 1903
1872 1905
1873 1874
1873 1884
1873 1886
1873 1904
1873 1906
1874 1885
1874 1886
1874 1905
1874 1906
1875 1887
1875 1888
1875 1889
1875 1890
1875 1893
1875 1907
1876 1887
1876 1888
1876 1891
1876 1892
1876 1894
1876 1908
1877 1887
1877 1889
1877 1891
1877 1895
1877 1897
1877 1909
1878 1888
1878 1890
1878 1892
1878 1896
1878 1898
1878 1910
1879 1889
1879 1893
1879 1895
1879 1899
1879 1901
1879 1911
1880 1890
1880 1893
1880 1896
1880 1899
1880 1902
1880 1912
1881 1891
1881 1894
1881 1897
1881 1900
1881 1903
1881 1913
1882 1892
1882 1894
1882 1898
1882 1900
1882 1904
1882 1914
1883 1895
1883 1897
1883 1901
1883 1903
1883 1905
1883 1915
1884 1896
1884 1898
1884 1902
1884 1904
1884 1906
1884 1916
1885 1899
1885 1901
1885 1902
1885 1905
1885 1906
1885 1917
1886 1900
1886 1903
1886 1904
1886 1905
1886 1906
1886 1918
1887 1888
1887 1889
1887 1891
1887 1907
1887 1908
1887 1909
1888 1890
1888 1892
1888 1907
1888 1908
1888 1910
1889 1893
1889 1895
1889 1907
1889 1909
1889 1911
1890 1893
1890 1896
1890 1907
1890 1910
1890 1912
1891 1894
1891 1897
1891 1908
1891 1909
1891 1913
1892 1894
1892 1898
1892 1908
1892 1910
1892 1914
1893 1899
1893 1907
1893 1911
1893 1912
1894 1900
1894 1908
1894 1913
1894 1914
1895 1897
1895 1901
1895 1909
1895 1911
1895 1915
1896 1898
1896 1902
1896 1910
1896 1912
1896 1916
1897 1903
1897 1909
1897 1913
1897 1915
1898 1904
1898 1910
1898 1914
1898 1916
1899 1901
1899 1902
1899 1911
1899 1912
1899 1917
1900 1903
1900 1904
1900 1913
1900 1914
1900 1918
1901 1905
1901 1911
1901 1915
1901 1917
1902 1906
1902 1912
1902 1916
1902 1917
1903 1905
1903 1913
1903 1915
1903 1918
1904 1906
1904 1914
1904 1916
1904 1918
1905 1906
1905 1915
1905 1917
1905 1918
1906 1916
1906 1917
1906 1918
1907 1908
1907 1909
1907 1910
1907 1911
1907 1912
1907 1919
1908 1909
1908 1910
1908 1913
1908 1914
1908 1919
1909 1911
1909 1913
1909 1915
1909 1919
1910 1912
1910 1914
1910 1916
1910 1919
1911 1912
1911 1915
1911 1917
1911 1919
1912 1916
1912 1917
1912 1919
1913 1914
1913 1915
1913 1918
1913 1919
1914 1916
1914 1918
1914 1919
1915 1917
1915 1918
1915 1919
1916 1917
1916 1918
1916 1919
1917 1918
1917 1919
1918 1919
1920 1921
1920 1922
1920 1923
1920 1924
1920 1925
1920 1926
1920 1927
1920 1928
1920 1929
1920 1930
1920 1931
1920 1932
1921 1922
1921 1923
1921 1924
1921 1925
1921 1926
1921 1933
1921 1934
1921 1935
1921 1936
1921 1939
1921 1953
1922 1923
1922 1924
1922 1927
1922 1928
1922 1933
1922 1934
1922 1937
1922 1938
1922 1940
1922 1954
1923 1925
1923 1927
1923 1929
1923 1933
1923 1935
1923 1937
1923 1941
1923 1943
1923 1955
1924 1926
1924 1928
1924 1930
1924 1934
1924 1936
1924 1938
1924 1942
1924 1944
1924 1956
1925 1926
1925 1929
1925 1931
1925 1935
1925 1939
1925 1941
1925 1945
1925 1947
1925 1957
1926 1930
1926 1931
1926 1936
1926 1939
1926 1942
1926 1945
1926 1948
1926 1958
1927 1928
1927 1929
1927 1932
1927 1937
1927 1940
1927 1943
1927 1946
1927 1949
1927 1959
1928 1930
1928 1932
1928 1938
1928 1940
1928 1944
1928 1946
1928 1950
1928 1960
1929 1931
1929 1932
1929 1941
1929 1943
1929 1947
1929 1949
1929 1951
1929 1961
1930 1931
1930 1932
1930 1942
1930 1944
1930 1948
1930 1950
1930 1952
1930 1962
1931 1932
1931 1945
1931 1947
1931 1948
1931 1951
1931 1952
1931 1963
1932 1946
1932 1949
1932 1950
1932 1951
1932 1952
1932 1964
1933 1934
1933 1935
1933 1937
1933 1953
1933 1954
1933 1955
1933 1965
1933 1966
1933 1968
1934 1936
1934 1938
1934 1953
1934 1954
1934 1956
1934 1965
1934 1967
1934 1969
1935 1939
1935 1941
1935 1953
1935 1955
1935 1957
1935 1966
1935 1970
1935 1974
1936 1939
1936 1942
1936 1953
1936 1956
1936 1958
1936 1967
1936 1971
1936 1975
1937 1940
1937 1943
1937 1954
1937 1955
1937 1959
1937 1968
1937 1972
1937 1976
1938 1940
1938 1944
1938 1954
1938 1956
1938 1960
1938 1969
1938 1973
1938 1977
1939 1945
1939 1953
1939 1957
1939 1958
1939 1970
1939 1971
1939 1978
1940 1946
1940 1954
1940 1959
1940 1960
1940 1972
1940 1973
1940 1981
1941 1943
1941 1947
1941 1955
1941 1957
1941 1961
1941 1974
1941 1979
1941 1982
1942 1944
1942 1948
1942 1956
1942 1958
1942 1962
1942 1975
1942 1980
1942 1983
1943 1949
1943 1955
1943 1959
1943 1961
1943 1976
1943 1979
1943 1984
1944 1950
1944 1956
1944 1960
1944 1962
1944 1977
1944 1980
1944 1985
1945 1947
1945 1948
1945 1957
1945 1958
1945 1963
1945 1978
1945 1986
1945 1987
1946 1949
1946 1950
1946 1959
1946 1960
1946 1964
1946 1981
1946 1988
1946 1989
1947 1951
1947 1957
1947 1961
1947 1963
1947 1982
1947 1986
1947 1990
1948 1952
1948 1958
1948 1962
1948 1963
1948 1983
1948 1987
1948 1991
1949 1951
1949 1959
1949 1961
1949 1964
1949 1984
1949 1988
1949 1992
1950 1952
1950 1960
1950 1962
1950 1964
1950 1985
1950 1989
1950 1993
1951 1952
1951 1961
1951 1963
1951 1964
1951 1990
1951 1992
1951 1994
1952 1962
1952 1963
1952 1964
1952 1991
1952 1993
1952 1994
1953 1965
1953 1966
1953 1967
1953 1970
1953 1971
1953 1995
1954 1965
1954 1968
1954 1969
1954 1972
1954 1973
1954 1996
1955 1966
1955 1968
1955 1974
1955 1976
1955 1979
1955 1997
1956 1967
1956 1969
1956 1975
1956 1977
1956 1980
1956 1998
1957 1970
1957 1974
1957 1978
1957 1982
1957 1986
1957 1999
1958 1971
1958 1975
1958 1978
1958 1983
1958 1987
1958 2000
1959 1972
1959 1976
1959 1981
1959 1984
1959 1988
1959 2001
1960 1973
1960 1977
1960 1981
1960 1985
1960 1989
1960 2002
1961 1979
1961 1982
1961 1984
1961 1990
1961 1992
1961 2003
1962 1980
1962 1983
1962 1985
1962 1991
1962 1993
1962 2004
1963 1986
1963 1987
1963 1990
1963 1991
1963 1994
1963 2005
1964 1988
1964 1989
1964 1992
1964 1993
1964 1994
1964 2006
1965 1966
1965 1967
1965 1968
1965 1969
1965 1995
1965 1996
1965 2007
1965 2008
1966 1968
1966 1970
1966 1974
1966 1995
1966 1997
1966 2007
1966 2009
1967 1969
1967 1971
1967 1975
1967 1995
1967 1998
1967 2008
1967 2010
1968 1972
1968 1976
1968 1996
1968 1997
1968 2007
1968 2011
1969 1973
1969 1977
1969 1996
1969 1998
1969 2008
1969 2012
1970 1971
1970 1974
1970 1978
1970 1995
1970 1999
1970 2009
1970 2013
1971 1975
1971 1978
1971 1995
1971 2000
1971 2010
1971 2013
1972 1973
1972 1976
1972 1981
1972 1996
1972 2001
1972 2011
1972 2014
1973 1977
1973 1981
1973 1996
1973 2002
1973 2012
1973 2014
1974 1979
1974 1982
1974 1997
1974 1999
1974 2009
1974 2015
1975 1980
1975 1983
1975 1998
1975 2000
1975 2010
1975 2016
1976 1979
1976 1984
1976 1997
1976 2001
1976 2011
1976 2017
1977 1980
1977 1985
1977 1998
1977 2002
1977 2012
1977 2018
1978 1986
1978 1987
1978 1999
1978 2000
1978 2013
1978 2019
1979 1982
1979 1984
1979 1997
1979 2003
1979 2015
1979 2017
1980 1983
1980 1985
1980 1998
1980 2004
1980 2016
1980 2018
1981 1988
1981 1989
1981 2001
1981 2002
1981 2014
1981 2020
1982 1986
1982 1990
1982 1999
1982 2003
1982 2015
1982 2021
1983 1987
1983 1991
1983 2000
1983 2004
1983 2016
1983 2022
1984 1988
1984 1992
1984 2001
1984 2003
1984 2017
1984 2023
1985 1989
1985 1993
1985 2002
1985 2004
1985 2018
1985 2024
1986 1987
1986 1990
1986 1999
1986 2005
1986 2019
1986 2021
1987 1991
1987 2000
1987 2005
1987 2019
1987 2022
1988 1989
1988 1992
1988 2001
1988 2006
1988 2020
1988 2023
1989 1993
1989 2002
1989 2006
1989 2020
1989 2024
1990 1992
1990 1994
1990 2003
1990 2005
1990 2021
1990 2025
1991 1993
1991 1994
1991 2004
1991 2005
1991 2022
1991 2026
1992 1994
1992 2003
1992 2006
1992 2023
1992 2025
1993 1994
1993 2004
1993 2006
1993 2024
1993 2026
1994 2005
1994 2006
1994 2025
1994 2026
1995 2007
1995 2008
1995 2009
1995 2010
1995 2013
1995 2027
1996 2007
1996 2008
1996 2011
1996 2012
1996 2014
1996 2028
1997 2007
1997 2009
1997 2011
1997 2015
1997 2017
1997 2029
1998 2008
1998 2010
1998 2012
1998 2016
1998 2018
1998 2030
1999 2009
1999 2013
1999 2015
1999 2019
1999 2021
1999 2031
2000 2010
2000 2013
2000 2016
2000 2019
2000 2022
2000 2032
2001 2011
2001 2014
2001 2017
2001 2020
2001 2023
2001 2033
2002 2012
2002 2014
2002 2018
2002 2020
2002 2024
2002 2034
2003 2015
2003 2017
2003 2021
2003 2023
2003 2025
2003 2035
2004 2016
2004 2018
2004 2022
2004 2024
2004 2026
2004 2036
2005 2019
2005 2021
2005 2022
2005 2025
2005 2026
2005 2037
2006 2020
2006 2023
2006 2024
2006 2025
2006 2026
2006 2038
2007 2008
2007 2009
2007 2011
2007 2027
2007 2028
2007 2029
2008 2010
2008 2012
2008 2027
2008 2028
2008 2030
2009 2013
2009 2015
2009 2027
2009 2029
2009 2031
2010 2013
2010 2016
2010 2027
2010 2030
2010 2032
2011 2014
2011 2017
2011 2028
2011 2029
2011 2033
2012 2014
2012 2018
2012 2028
2012 2030
2012 2034
2013 2019
2013 2027
2013 2031
2013 2032
2014 2020
2014 2028
2014 2033
2014 2034
2015 2017
2015 2021
2015 2029
2015 2031
2015 2035
2016 2018
2016 2022
2016 2030
2016 2032
2016 2036
2017 2023
2017 2029
2017 2033
2017 2035
2018 2024
2018 2030
2018 2034
2018 2036
2019 2021
2019 2022
2019 2031
2019 2032
2019 2037
2020 2023
2020 2024
2020 2033
2020 2034
2020 2038
2021 2025
2021 2031
2021 2035
2021 2037
2022 2026
2022 2032
2022 2036
2022 2037
2023 2025
2023 2033
2023 2035
2023 2038
2024 2026
2024 2034
2024 2036
2024 2038
2025 2026
2025 2035
2025 2037
2025 2038
2026 2036
2026 2037
2026 2038
2027 2028
2027 2029
2027 2030
2027 2031
2027 2032
2027 2039
2028 2029
2028 2030
2028 2033
2028 2034
2028 2039
2029 2031
2029 2033
2029 2035
2029 2039
2030 2032
2030 2034
2030 2036
2030 2039
2031 2032
2031 2035
2031 2037
2031 2039
2032 2036
2032 2037
2032 2039
2033 2034
2033 2035
2033 2038
2033 2039
2034 2036
2034 2038
2034 2039
2035 2037
2035 2038
2035 2039
2036 2037
2036 2038
2036 2039
2037 2038
2037 2039
2038 2039
2040 2041
2040 2042
2040 2043
2040 2044
2040 2045
2040 2046
2040 2047
2040 2048
2040 2049
2040 2050
2040 2051
2040 2052
2041 2042
2041 2043
2041 2044
2041 2045
2041 2046
2041 2053
2041 2054
2041 2055
2041 2056
2041 2059
2041 2073
2042 2043
2042 2044
2042 2047
2042 2048
2042 2053
2042 2054
2042 2057
2042 2058
2042 2060
2042 2074
2043 2045
2043 2047
2043 2049
2043 2053
2043 2055
2043 2057
2043 2061
2043 2063
2043 2075
2044 2046
2044 2048
2044 2050
2044 2054
2044 2056
2044 2058
2044 2062
2044 2064
2044 2076
2045 2046
2045 2049
2045 2051
2045 2055
2045 2059
2045 2061
2045 2065
2045 2067
2045 2077
2046 2050
2046 2051
2046 2056
2046 2059
2046 2062
2046 2065
2046 2068
2046 2078
2047 2048
2047 2049
2047 2052
2047 2057
2047 2060
2047 2063
2047 2066
2047 2069
2047 2079
2048 2050
2048 2052
2048 2058
2048 2060
2048 2064
2048 2066
2048 2070
2048 2080
2049 2051
2049 2052
2049 2061
2049 2063
2049 2067
2049 2069
2049 2071
2049 2081
2050 2051
2050 2052
2050 2062
2050 2064
2050 2068
2050 2070
2050 2072
2050 2082
2051 2052
2051 2065
2051 2067
2051 2068
2051 2071
2051 2072
2051 2083
2052 2066
2052 2069
2052 2070
2052 2071
2052 2072
2052 2084
2053 2054
2053 2055
2053 2057
2053 2073
2053 2074
2053 2075
2053 2085
2053 2086
2053 2088
2054 2056
2054 2058
2054 2073
2054 2074
2054 2076
2054 2085
2054 2087
2054 2089
2055 2059
2055 2061
2055 2073
2055 2075
2055 2077
2055 2086
2055 2090
2055 2094
2056 2059
2056 2062
2056 2073
2056 2076
2056 2078
2056 2087
2056 2091
2056 2095
2057 2060
2057 2063
2057 2074
2057 2075
2057 2079
2057 2088
2057 2092
2057 2096
2058 2060
2058 2064
2058 2074
2058 2076
2058 2080
2058 2089
2058 2093
2058 2097
2059 2065
2059 2073
2059 2077
2059 2078
2059 2090
2059 2091
2059 2098
2060 2066
2060 2074
2060 2079
2060 2080
2060 2092
2060 2093
2060 2101
2061 2063
2061 2067
2061 2075
2061 2077
2061 2081
2061 2094
2061 2099
2061 2102
2062 2064
2062 2068
2062 2076
2062 2078
2062 2082
2062 2095
2062 2100
2062 2103
2063 2069
2063 2075
2063 2079
2063 2081
2063 2096
2063 2099
2063 2104
2064 2070
2064 2076
2064 2080
2064 2082
2064 2097
2064 2100
2064 2105
2065 2067
2065 2068
2065 2077
2065 2078
2065 2083
2065 2098
2065 2106
2065 2107
2066 2069
2066 2070
2066 2079
2066 2080
2066 2084
2066 2101
2066 2108
2066 2109
2067 2071
2067 2077
2067 2081
2067 2083
2067 2102
2067 2106
2067 2110
2068 2072
2068 2078
2068 2082
2068 2083
2068 2103
2068 2107
2068 2111
2069 2071
2069 2079
2069 2081
2069 2084
2069 2104
2069 2108
2069 2112
2070 2072
2070 2080
2070 2082
2070 2084
2070 2105
2070 2109
2070 2113
2071 2072
2071 2081
2071 2083
2071 2084
2071 2110
2071 2112
2071 2114
2072 2082
2072 2083
2072 2084
2072 2111
2072 2113
2072 2114
2073 2085
2073 2086
2073 2087
2073 2090
2073 2091
2073 2115
2074 2085
2074 2088
2074 2089
2074 2092
2074 2093
2074 2116
2075 2086
2075 2088
2075 2094
2075 2096
2075 2099
2075 2117
2076 2087
2076 2089
2076 2095
2076 2097
2076 2100
2076 2118
2077 2090
2077 2094
2077 2098
2077 2102
2077 2106
2077 2119
2078 2091
2078 2095
2078 2098
2078 2103
2078 2107
2078 2120
2079 2092
2079 2096
2079 2101
2079 2104
2079 2108
2079 2121
2080 2093
2080 2097
2080 2101
2080 2105
2080 2109
2080 2122
2081 2099
2081 2102
2081 2104
2081 2110
2081 2112
2081 2123
2082 2100
2082 2103
2082 2105
2082 2111
2082 2113
2082 2124
2083 2106
2083 2107
2083 2110
2083 2111
2083 2114
2083 2125
2084 2108
2084 2109
2084 2112
2084 2113
2084 2114
2084 2126
2085 2086
2085 2087
2085 2088
2085 2089
2085 2115
2085 2116
2085 2127
2085 2128
2086 2088
2086 2090
2086 2094
2086 2115
2086 2117
2086 2127
2086 2129
2087 2089
2087 2091
2087 2095
2087 2115
2087 2118
2087 2128
2087 2130
2088 2092
2088 2096
2088 2116
2088 2117
2088 2127
2088 2131
2089 2093
2089 2097
2089 2116
2089 2118
2089 2128
2089 2132
2090 2091
2090 2094
2090 2098
2090 2115
2090 2119
2090 2129
2090 2133
2091 2095
2091 2098
2091 2115
2091 2120
2091 2130
2091 2133
2092 2093
2092 2096
2092 2101
2092 2116
2092 2121
2092 2131
2092 2134
2093 2097
2093 2101
2093 2116
2093 2122
2093 2132
2093 2134
2094 2099
2094 2102
2094 2117
2094 2119
2094 2129
2094 2135
2095 2100
2095 2103
2095 2118
2095 2120
2095 2130
2095 2136
2096 2099
2096 2104
2096 2117
2096 2121
2096 2131
2096 2137
2097 2100
2097 2105
2097 2118
2097 2122
2097 2132
2097 2138
2098 2106
2098 2107
2098 2119
2098 2120
2098 2133
2098 2139
2099 2102
2099 2104
2099 2117
2099 2123
2099 2135
2099 2137
2100 2103
2100 2105
2100 2118
2100 2124
2100 2136
2100 2138
2101 2108
2101 2109
2101 2121
2101 2122
2101 2134
2101 2140
2102 2106
2102 2110
2102 2119
2102 2123
2102 2135
2102 2141
2103 2107
2103 2111
2103 2120
2103 2124
2103 2136
2103 2142
2104 2108
2104 2112
2104 2121
2104 2123
2104 2137
2104 2143
2105 2109
2105 2113
2105 2122
2105 2124
2105 2138
2105 2144
2106 2107
2106 2110
2106 2119
2106 2125
2106 2139
2106 2141
2107 2111
2107 2120
2107 2125
2107 2139
2107 2142
2108 2109
2108 2112
2108 2121
2108 2126
2108 2140
2108 2143
2109 2113
2109 2122
2109 2126
2109 2140
2109 2144
2110 2112
2110 2114
2110 2123
2110 2125
2110 2141
2110 2145
2111 2113
2111 2114
2111 2124
2111 2125
2111 2142
2111 2146
2112 2114
2112 2123
2112 2126
2112 2143
2112 2145
2113 2114
2113 2124
2113 2126
2113 2144
2113 2146
2114 2125
2114 2126
2114 2145
2114 2146
2115 2127
2115 2128
2115 2129
2115 2130
2115 2133
2115 2147
2116 2127
2116 2128
2116 2131
2116 2132
2116 2134
2116 2148
2117 2127
2117 2129
2117 2131
2117 2135
2117 2137
2117 2149
2118 2128
2118 2130
2118 2132
2118 2136
2118 2138
2118 2150
2119 2129
2119 2133
2119 2135
2119 2139
2119 2141
2119 2151
2120 2130
2120 2133
2120 2136
2120 2139
2120 2142
2120 2152
2121 2131
2121 2134
2121 2137
2121 2140
2121 2143
2121 2153
2122 2132
2122 2134
2122 2138
2122 2140
2122 2144
2122 2154
2123 2135
2123 2137
2123 2141
2123 2143
2123 2145
2123 2155
2124 2136
2124 2138
2124 2142
2124 2144
2124 2146
2124 2156
2125 2139
2125 2141
2125 2142
2125 2145
2125 2146
2125 2157
2126 2140
2126 2143
2126 2144
2126 2145
2126 2146
2126 2158
2127 2128
2127 2129
2127 2131
2127 2147
2127 2148
2127 2149
2128 2130
2128 2132
2128 2147
2128 2148
2128 2150
2129 2133
2129 2135
2129 2147
2129 2149
2129 2151
2130 2133
2130 2136
2130 2147
2130 2150
2130 2152
2131 2134
2131 2137
2131 2148
2131 2149
2131 2153
2132 2134
2132 2138
2132 2148
2132 2150
2132 2154
2133 2139
2133 2147
2133 2151
2133 2152
2134 2140
2134 2148
2134 2153
2134 2154
2135 2137
2135 2141
2135 2149
2135 2151
2135 2155
2136 2138
2136 2142
2136 2150
2136 2152
2136 2156
2137 2143
2137 2149
2137 2153
2137 2155
2138 2144
2138 2150
2138 2154
2138 2156
2139 2141
2139 2142
2139 2151
2139 2152
2139 2157
2140 2143
2140 2144
2140 2153
2140 2154
2140 2158
2141 2145
2141 2151
2141 2155
2141 2157
2142 2146
2142 2152
2142 2156
2142 2157
2143 2145
2143 2153
2143 2155
2143 2158
2144 2146
2144 2154
2144 2156
2144 2158
2145 2146
2145 2155
2145 2157
2145 2158
2146 2156
2146 2157
2146 2158
2147 2148
2147 2149
2147 2150
2147 2151
2147 2152
2147 2159
2148 2149
2148 2150
2148 2153
2148 2154
2148 2159
2149 2151
2149 2153
2149 2155
2149 2159
2150 2152
2150 2154
2150 2156
2150 2159
2151 2152
2151 2155
2151 2157
2151 2159
2152 2156
2152 2157
2152 2159
2153 2154
2153 2155
2153 2158
2153 2159
2154 2156
2154 2158
2154 2159
2155 2157
2155 2158
2155 2159
2156 2157
2156 2158
2156 2159
2157 2158
2157 2159
2158 2159
2160 2161
2160 2162
2160 2163
2160 2164
2160 2165
2160 2166
2160 2167
2160 2168
2160 2169
2160 2170
2160 2171
2160 2172
2161 2162
2161 2163
2161 2164
2161 2165
2161 2166
2161 2173
2161 2174
2161 2175
2161 2176
2161 2179
2161 2193
2162 2163
2162 2164
2162 2167
2162 2168
2162 2173
2162 2174
2162 2177
2162 2178
2162 2180
2162 2194
2163 2165
2163 2167
2163 2169
2163 2173
2163 2175
2163 2177
2163 2181
2163 2183
2163 2195
2164 2166
2164 2168
2164 2170
2164 2174
2164 2176
2164 2178
2164 2182
2164 2184
2164 2196
2165 2166
2165 2169
2165 2171
2165 2175
2165 2179
2165 2181
2165 2185
2165 2187
2165 2197
2166 2170
2166 2171
2166 2176
2166 2179
2166 2182
2166 2185
2166 2188
2166 2198
2167 2168
2167 2169
2167 2172
2167 2177
2167 2180
2167 2183
2167 2186
2167 2189
2167 2199
2168 2170
2168 2172
2168 2178
2168 2180
2168 2184
2168 2186
2168 2190
2168 2200
2169 2171
2169 2172
2169 2181
2169 2183
2169 2187
2169 2189
2169 2191
2169 2201
2170 2171
2170 2172
2170 2182
2170 2184
2170 2188
2170 2190
2170 2192
2170 2202
2171 2172
2171 2185
2171 2187
2171 2188
2171 2191
2171 2192
2171 2203
2172 2186
2172 2189
2172 2190
2172 2191
2172 2192
2172 2204
2173 2174
2173 2175
2173 2177
2173 2193
2173 2194
2173 2195
2173 2205
2173 2206
2173 2208
2174 2176
2174 2178
2174 2193
2174 2194
2174 2196
2174 2205
2174 2207
2174 2209
2175 2179
2175 2181
2175 2193
2175 2195
2175 2197
2175 2206
2175 2210
2175 2214
2176 2179
2176 2182
2176 2193
2176 2196
2176 2198
2176 2207
2176 2211
2176 2215
2177 2180
2177 2183
2177 2194
2177 2195
2177 2199
2177 2208
2177 2212
2177 2216
2178 2180
2178 2184
2178 2194
2178 2196
2178 2200
2178 2209
2178 2213
2178 2217
2179 2185
2179 2193
2179 2197
2179 2198
2179 2210
2179 2211
2179 2218
2180 2186
2180 2194
2180 2199
2180 2200
2180 2212
2180 2213
2180 2221
2181 2183
2181 2187
2181 2195
2181 2197
2181 2201
2181 2214
2181 2219
2181 2222
2182 2184
2182 2188
2182 2196
2182 2198
2182 2202
2182 2215
2182 2220
2182 2223
2183 2189
2183 2195
2183 2199
2183 2201
2183 2216
2183 2219
2183 2224
2184 2190
2184 2196
2184 2200
2184 2202
2184 2217
2184 2220
2184 2225
2185 2187
2185 2188
2185 2197
2185 2198
2185 2203
2185 2218
2185 2226
2185 2227
2186 2189
2186 2190
2186 2199
2186 2200
2186 2204
2186 2221
2186 2228
2186 2229
2187 2191
2187 2197
2187 2201
2187 2203
2187 2222
2187 2226
2187 2230
2188 2192
2188 2198
2188 2202
2188 2203
2188 2223
2188 2227
2188 2231
2189 2191
2189 2199
2189 2201
2189 2204
2189 2224
2189 2228
2189 2232
2190 2192
2190 2200
2190 2202
2190 2204
2190 2225
2190 2229
2190 2233
2191 2192
2191 2201
2191 2203
2191 2204
2191 2230
2191 2232
2191 2234
2192 2202
2192 2203
2192 2204
2192 2231
2192 2233
2192 2234
2193 2205
2193 2206
2193 2207
2193 2210
2193 2211
2193 2235
2194 2205
2194 2208
2194 2209
2194 2212
2194 2213
2194 2236
2195 2206
2195 2208
2195 2214
2195 2216
2195 2219
2195 2237
2196 2207
2196 2209
2196 2215
2196 2217
2196 2220
2196 2238
2197 2210
2197 2214
2197 2218
2197 2222
2197 2226
2197 2239
2198 2211
2198 2215
2198 2218
2198 2223
2198 2227
2198 2240
2199 2212
2199 2216
2199 2221
2199 2224
2199 2228
2199 2241
2200 2213
2200 2217
2200 2221
2200 2225
2200 2229
2200 2242
2201 2219
2201 2222
2201 2224
2201 2230
2201 2232
2201 2243
2202 2220
2202 2223
2202 2225
2202 2231
2202 2233
2202 2244
2203 2226
2203 2227
2203 2230
2203 2231
2203 2234
2203 2245
2204 2228
2204 2229
2204 2232
2204 2233
2204 2234
2204 2246
2205 2206
2205 2207
2205 2208
2205 2209
2205 2235
2205 2236
2205 2247
2205 2248
2206 2208
2206 2210
2206 2214
2206 2235
2206 2237
2206 2247
2206 2249
2207 2209
2207 2211
2207 2215
2207 2235
2207 2238
2207 2248
2207 2250
2208 2212
2208 2216
2208 2236
2208 2237
2208 2247
2208 2251
2209 2213
2209 2217
2209 2236
2209 2238
2209 2248
2209 2252
2210 2211
2210 2214
2210 2218
2210 2235
2210 2239
2210 2249
2210 2253
2211 2215
2211 2218
2211 2235
2211 2240
2211 2250
2211 2253
2212 2213
2212 2216
2212 2221
2212 2236
2212 2241
2212 2251
2212 2254
2213 2217
2213 2221
2213 2236
2213 2242
2213 2252
2213 2254
2214 2219
2214 2222
2214 2237
2214 2239
2214 2249
2214 2255
2215 2220
2215 2223
2215 2238
2215 2240
2215 2250
2215 2256
2216 2219
2216 2224
2216 2237
2216 2241
2216 2251
2216 2257
2217 2220
2217 2225
2217 2238
2217 2242
2217 2252
2217 2258
2218 2226
2218 2227
2218 2239
2218 2240
2218 2253
2218 2259
2219 2222
2219 2224
2219 2237
2219 2243
2219 2255
2219 2257
2220 2223
2220 2225
2220 2238
2220 2244
2220 2256
2220 2258
2221 2228
2221 2229
2221 2241
2221 2242
2221 2254
2221 2260
2222 2226
2222 2230
2222 2239
2222 2243
2222 2255
2222 2261
2223 2227
2223 2231
2223 2240
2223 2244
2223 2256
2223 2262
2224 2228
2224 2232
2224 2241
2224 2243
2224 2257
2224 2263
2225 2229
2225 2233
2225 2242
2225 2244
2225 2258
2225 2264
2226 2227
2226 2230
2226 2239
2226 2245
2226 2259
2226 2261
2227 2231
2227 2240
2227 2245
2227 2259
2227 2262
2228 2229
2228 2232
2228 2241
2228 2246
2228 2260
2228 2263
2229 2233
2229 2242
2229 2246
2229 2260
2229 2264
2230 2232
2230 2234
2230 2243
2230 2245
2230 2261
2230 2265
2231 2233
2231 2234
2231 2244
2231 2245
2231 2262
2231 2266
2232 2234
2232 2243
2232 2246
2232 2263
2232 2265
2233 2234
2233 2244
2233 2246
2233 2264
2233 2266
2234 2245
2234 2246
2234 2265
2234 2266
2235 2247
2235 2248
2235 2249
2235 2250
2235 2253
2235 2267
2236 2247
2236 2248
2236 2251
2236 2252
2236 2254
2236 2268
2237 2247
2237 2249
2237 2251
2237 2255
2237 2257
2237 2269
2238 2248
2238 2250
2238 2252
2238 2256
2238 2258
2238 2270
2239 2249
2239 2253
2239 2255
2239 2259
2239 2261
2239 2271
2240 2250
2240 2253
2240 2256
2240 2259
2240 2262
2240 2272
2241 2251
2241 2254
2241 2257
2241 2260
2241 2263
2241 2273
2242 2252
2242 2254
2242 2258
2242 2260
2242 2264
2242 2274
2243 2255
2243 2257
2243 2261
2243 2263
2243 2265
2243 2275
2244 2256
2244 2258
2244 2262
2244 2264
2244 2266
2244 2276
2245 2259
2245 2261
2245 2262
2245 2265
2245 2266
2245 2277
2246 2260
2246 2263
2246 2264
2246 2265
2246 2266
2246 2278
2247 2248
2247 2249
2247 2251
2247 2267
2247 2268
2247 2269
2248 2250
2248 2252
2248 2267
2248 2268
2248 2270
2249 2253
2249 2255
2249 2267
2249 2269
2249 2271
2250 2253
2250 2256
2250 2267
2250 2270
2250 2272
2251 2254
2251 2257
2251 2268
2251 2269
2251 2273
2252 2254
2252 2258
2252 2268
2252 2270
2252 2274
2253 2259
2253 2267
2253 2271
2253 2272
2254 2260
2254 2268
2254 2273
2254 2274
2255 2257
2255 2261
2255 2269
2255 2271
2255 2275
2256 2258
2256 2262
2256 2270
2256 2272
2256 2276
2257 2263
2257 2269
2257 2273
2257 2275
2258 2264
2258 2270
2258 2274
2258 2276
2259 2261
2259 2262
2259 2271
2259 2272
2259 2277
2260 2263
2260 2264
2260 2273
2260 2274
2260 2278
2261 2265
2261 2271
2261 2275
2261 2277
2262 2266
2262 2272
2262 2276
2262 2277
2263 2265
2263 2273
2263 2275
2263 2278
2264 2266
2264 2274
2264 2276
2264 2278
2265 2266
2265 2275
2265 2277
2265 2278
2266 2276
2266 2277
2266 2278
2267 2268
2267 2269
2267 2270
2267 2271
2267 2272
2267 2279
2268 2269
2268 2270
2268 2273
2268 2274
2268 2279
2269 2271
2269 2273
2269 2275
2269 2279
2270 2272
2270 2274
2270 2276
2270 2279
2271 2272
2271 2275
2271 2277
2271 2279
2272 2276
2272 2277
2272 2279
2273 2274
2273 2275
2273 2278
2273 2279
2274 2276
2274 2278
2274 2279
2275 2277
2275 2278
2275 2279
2276 2277
2276 2278
2276 2279
2277 2278
2277 2279
2278 2279
2280 2281
2280 2282
2280 2283
2280 2284
2280 2285
2280 2286
2280 2287
2280 2288
2280 2289
2280 2290
2280 2291
2280 2292
2281 2282
2281 2283
2281 2284
2281 2285
2281 2286
2281 2293
2281 2294
2281 2295
2281 2296
2281 2299
2281 2313
2282 2283
2282 2284
2282 2287
2282 2288
2282 2293
2282 2294
2282 2297
2282 2298
2282 2300
2282 2314
2283 2285
2283 2287
2283 2289
2283 2293
2283 2295
2283 2297
2283 2301
2283 2303
2283 2315
2284 2286
2284 2288
2284 2290
2284 2294
2284 2296
2284 2298
2284 2302
2284 2304
2284 2316
2285 2286
2285 2289
2285 2291
2285 2295
2285 2299
2285 2301
2285 2305
2285 2307
2285 2317
2286 2290
2286 2291
2286 2296
2286 2299
2286 2302
2286 2305
2286 2308
2286 2318
2287 2288
2287 2289
2287 2292
2287 2297
2287 2300
2287 2303
2287 2306
2287 2309
2287 2319
2288 2290
2288 2292
2288 2298
2288 2300
2288 2304
2288 2306
2288 2310
2288 2320
2289 2291
2289 2292
2289 2301
2289 2303
2289 2307
2289 2309
2289 2311
2289 2321
2290 2291
2290 2292
2290 2302
2290 2304
2290 2308
2290 2310
2290 2312
2290 2322
2291 2292
2291 2305
2291 2307
2291 2308
2291 2311
2291 2312
2291 2323
2292 2306
2292 2309
2292 2310
2292 2311
2292 2312
2292 2324
2293 2294
2293 2295
2293 2297
2293 2313
2293 2314
2293 2315
2293 2325
2293 2326
2293 2328
2294 2296
2294 2298
2294 2313
2294 2314
2294 2316
2294 2325
2294 2327
2294 2329
2295 2299
2295 2301
2295 2313
2295 2315
2295 2317
2295 2326
2295 2330
2295 2334
2296 2299
2296 2302
2296 2313
2296 2316
2296 2318
2296 2327
2296 2331
2296 2335
2297 2300
2297 2303
2297 2314
2297 2315
2297 2319
2297 2328
2297 2332
2297 2336
2298 2300
2298 2304
2298 2314
2298 2316
2298 2320
2298 2329
2298 2333
2298 2337
2299 2305
2299 2313
2299 2317
2299 2318
2299 2330
2299 2331
2299 2338
2300 2306
2300 2314
2300 2319
2300 2320
2300 2332
2300 2333
2300 2341
2301 2303
2301 2307
2301 2315
2301 2317
2301 2321
2301 2334
2301 2339
2301 2342
2302 2304
2302 2308
2302 2316
2302 2318
2302 2322
2302 2335
2302 2340
2302 2343
2303 2309
2303 2315
2303 2319
2303 2321
2303 2336
2303 2339
2303 2344
2304 2310
2304 2316
2304 2320
2304 2322
2304 2337
2304 2340
2304 2345
2305 2307
2305 2308
2305 2317
2305 2318
2305 2323
2305 2338
2305 2346
2305 2347
2306 2309
2306 2310
2306 2319
2306 2320
2306 2324
2306 2341
2306 2348
2306 2349
2307 2311
2307 2317
2307 2321
2307 2323
2307 2342
2307 2346
2307 2350
2308 2312
2308 2318
2308 2322
2308 2323
2308 2343
2308 2347
2308 2351
2309 2311
2309 2319
2309 2321
2309 2324
2309 2344
2309 2348
2309 2352
2310 2312
2310 2320
2310 2322
2310 2324
2310 2345
2310 2349
2310 2353
2311 2312
2311 2321
2311 2323
2311 2324
2311 2350
2311 2352
2311 2354
2312 2322
2312 2323
2312 2324
2312 2351
2312 2353
2312 2354
2313 2325
2313 2326
2313 2327
2313 2330
2313 2331
2313 2355
2314 2325
2314 2328
2314 2329
2314 2332
2314 2333
2314 2356
2315 2326
2315 2328
2315 2334
2315 2336
2315 2339
2315 2357
2316 2327
2316 2329
2316 2335
2316 2337
2316 2340
2316 2358
2317 2330
2317 2334
2317 2338
2317 2342
2317 2346
2317 2359
2318 2331
2318 2335
2318 2338
2318 2343
2318 2347
2318 2360
2319 2332
2319 2336
2319 2341
2319 2344
2319 2348
2319 2361
2320 2333
2320 2337
2320 2341
2320 2345
2320 2349
2320 2362
2321 2339
2321 2342
2321 2344
2321 2350
2321 2352
2321 2363
2322 2340
2322 2343
2322 2345
2322 2351
2322 2353
2322 2364
2323 2346
2323 2347
2323 2350
2323 2351
2323 2354
2323 2365
2324 2348
2324 2349
2324 2352
2324 2353
2324 2354
2324 2366
2325 2326
2325 2327
2325 2328
2325 2329
2325 2355
2325 2356
2325 2367
2325 2368
2326 2328
2326 2330
2326 2334
2326 2355
2326 2357
2326 2367
2326 2369
2327 2329
2327 2331
2327 2335
2327 2355
2327 2358
2327 2368
2327 2370
2328 2332
2328 2336
2328 2356
2328 2357
2328 2367
2328 2371
2329 2333
2329 2337
2329 2356
2329 2358
2329 2368
2329 2372
2330 2331
2330 2334
2330 2338
2330 2355
2330 2359
2330 2369
2330 2373
2331 2335
2331 2338
2331 2355
2331 2360
2331 2370
2331 2373
2332 2333
2332 2336
2332 2341
2332 2356
2332 2361
2332 2371
2332 2374
2333 2337
2333 2341
2333 2356
2333 2362
2333 2372
2333 2374
2334 2339
2334 2342
2334 2357
2334 2359
2334 2369
2334 2375
2335 2340
2335 2343
2335 2358
2335 2360
2335 2370
2335 2376
2336 2339
2336 2344
2336 2357
2336 2361
2336 2371
2336 2377
2337 2340
2337 2345
2337 2358
2337 2362
2337 2372
2337 2378
2338 2346
2338 2347
2338 2359
2338 2360
2338 2373
2338 2379
2339 2342
2339 2344
2339 2357
2339 2363
2339 2375
2339 2377
2340 2343
2340 2345
2340 2358
2340 2364
2340 2376
2340 2378
2341 2348
2341 2349
2341 2361
2341 2362
2341 2374
2341 2380
2342 2346
2342 2350
2342 2359
2342 2363
2342 2375
2342 2381
2343 2347
2343 2351
2343 2360
2343 2364
2343 2376
2343 2382
2344 2348
2344 2352
2344 2361
2344 2363
2344 2377
2344 2383
2345 2349
2345 2353
2345 2362
2345 2364
2345 2378
2345 2384
2346 2347
2346 2350
2346 2359
2346 2365
2346 2379
2346 2381
2347 2351
2347 2360
2347 2365
2347 2379
2347 2382
2348 2349
2348 2352
2348 2361
2348 2366
2348 2380
2348 2383
2349 2353
2349 2362
2349 2366
2349 2380
2349 2384
2350 2352
2350 2354
2350 2363
2350 2365
2350 2381
2350 2385
2351 2353
2351 2354
2351 2364
2351 2365
2351 2382
2351 2386
2352 2354
2352 2363
2352 2366
2352 2383
2352 2385
2353 2354
2353 2364
2353 2366
2353 2384
2353 2386
2354 2365
2354 2366
2354 2385
2354 2386
2355 2367
2355 2368
2355 2369
2355 2370
2355 2373
2355 2387
2356 2367
2356 2368
2356 2371
2356 2372
2356 2374
2356 2388
2357 2367
2357 2369
2357 2371
2357 2375
2357 2377
2357 2389
2358 2368
2358 2370
2358 2372
2358 2376
2358 2378
2358 2390
2359 2369
2359 2373
2359 2375
2359 2379
2359 2381
2359 2391
2360 2370
2360 2373
2360 2376
2360 2379
2360 2382
2360 2392
2361 2371
2361 2374
2361 2377
2361 2380
2361 2383
2361 2393
2362 2372
2362 2374
2362 2378
2362 2380
2362 2384
2362 2394
2363 2375
2363 2377
2363 2381
2363 2383
2363 2385
2363 2395
2364 2376
2364 2378
2364 2382
2364 2384
2364 2386
2364 2396
2365 2379
2365 2381
2365 2382
2365 2385
2365 2386
2365 2397
2366 2380
2366 2383
2366 2384
2366 2385
2366 2386
2366 2398
2367 2368
2367 2369
2367 2371
2367 2387
2367 2388
2367 2389
2368 2370
2368 2372
2368 2387
2368 2388
2368 2390
2369 2373
2369 2375
2369 2387
2369 2389
2369 2391
2370 2373
2370 2376
2370 2387
2370 2390
2370 2392
2371 2374
2371 2377
2371 2388
2371 2389
2371 2393
2372 2374
2372 2378
2372 2388
2372 2390
2372 2394
2373 2379
2373 2387
2373 2391
2373 2392
2374 2380
2374 2388
2374 2393
2374 2394
2375 2377
2375 2381
2375 2389
2375 2391
2375 2395
2376 2378
2376 2382
2376 2390
2376 2392
2376 2396
2377 2383
2377 2389
2377 2393
2377 2395
2378 2384
2378 2390
2378 2394
2378 2396
2379 2381
2379 2382
2379 2391
2379 2392
2379 2397
2380 2383
2380 2384
2380 2393
2380 2394
2380 2398
2381 2385
2381 2391
2381 2395
2381 2397
2382 2386
2382 2392
2382 2396
2382 2397
2383 2385
2383 2393
2383 2395
2383 2398
2384 2386
2384 2394
2384 2396
2384 2398
2385 2386
2385 2395
2385 2397
2385 2398
2386 2396
2386 2397
2386 2398
2387 2388
2387 2389
2387 2390
2387 2391
2387 2392
2387 2399
2388 2389
2388 2390
2388 2393
2388 2394
2388 2399
2389 2391
2389 2393
2389 2395
2389 2399
2390 2392
2390 2394
2390 2396
2390 2399
2391 2392
2391 2395
2391 2397
2391 2399
2392 2396
2392 2397
2392 2399
2393 2394
2393 2395
2393 2398
2393 2399
2394 2396
2394 2398
2394 2399
2395 2397
2395 2398
2395 2399
2396 2397
2396 2398
2396 2399
2397 2398
2397 2399
2398 2399
2400 2401
2400 2402
2400 2403
2400 2404
2400 2405
2400 2406
2400 2407
2400 2408
2400 2409
2400 2410
2400 2411
2400 2412
2401 2402
2401 2403
2401 2404
2401 2405
2401 2406
2401 2413
2401 2414
2401 2415
2401 2416
2401 2419
2401 2433
2402 2403
2402 2404
2402 2407
2402 2408
2402 2413
2402 2414
2402 2417
2402 2418
2402 2420
2402 2434
2403 2405
2403 2407
2403 2409
2403 2413
2403 2415
2403 2417
2403 2421
2403 2423
2403 2435
2404 2406
2404 2408
2404 2410
2404 2414
2404 2416
2404 2418
2404 2422
2404 2424
2404 2436
2405 2406
2405 2409
2405 2411
2405 2415
2405 2419
2405 2421
2405 2425
2405 2427
2405 2437
2406 2410
2406 2411
2406 2416
2406 2419
2406 2422
2406 2425
2406 2428
2406 2438
2407 2408
2407 2409
2407 2412
2407 2417
2407 2420
2407 2423
2407 2426
2407 2429
2407 2439
2408 2410
2408 2412
2408 2418
2408 2420
2408 2424
2408 2426
2408 2430
2408 2440
2409 2411
2409 2412
2409 2421
2409 2423
2409 2427
2409 2429
2409 2431
2409 2441
2410 2411
2410 2412
2410 2422
2410 2424
2410 2428
2410 2430
2410 2432
2410 2442
2411 2412
2411 2425
2411 2427
2411 2428
2411 2431
2411 2432
2411 2443
2412 2426
2412 2429
2412 2430
2412 2431
2412 2432
2412 2444
2413 2414
2413 2415
2413 2417
2413 2433
2413 2434
2413 2435
2413 2445
2413 2446
2413 2448
2414 2416
2414 2418
2414 2433
2414 2434
2414 2436
2414 2445
2414 2447
2414 2449
2415 2419
2415 2421
2415 2433
2415 2435
2415 2437
2415 2446
2415 2450
2415 2454
2416 2419
2416 2422
2416 2433
2416 2436
2416 2438
2416 2447
2416 2451
2416 2455
2417 2420
2417 2423
2417 2434
2417 2435
2417 2439
2417 2448
2417 2452
2417 2456
2418 2420
2418 2424
2418 2434
2418 2436
2418 2440
2418 2449
2418 2453
2418 2457
2419 2425
2419 2433
2419 2437
2419 2438
2419 2450
2419 2451
2419 2458
2420 2426
2420 2434
2420 2439
2420 2440
2420 2452
2420 2453
2420 2461
2421 2423
2421 2427
2421 2435
2421 2437
2421 2441
2421 2454
2421 2459
2421 2462
2422 2424
2422 2428
2422 2436
2422 2438
2422 2442
2422 2455
2422 2460
2422 2463
2423 2429
2423 2435
2423 2439
2423 2441
2423 2456
2423 2459
2423 2464
2424 2430
2424 2436
2424 2440
2424 2442
2424 2457
2424 2460
2424 2465
2425 2427
2425 2428
2425 2437
2425 2438
2425 2443
2425 2458
2425 2466
2425 2467
2426 2429
2426 2430
2426 2439
2426 2440
2426 2444
2426 2461
2426 2468
2426 2469
2427 2431
2427 2437
2427 2441
2427 2443
2427 2462
2427 2466
2427 2470
2428 2432
2428 2438
2428 2442
2428 2443
2428 2463
2428 2467
2428 2471
2429 2431
2429 2439
2429 2441
2429 2444
2429 2464
2429 2468
2429 2472
2430 2432
2430 2440
2430 2442
2430 2444
2430 2465
2430 2469
2430 2473
2431 2432
2431 2441
2431 2443
2431 2444
2431 2470
2431 2472
2431 2474
2432 2442
2432 2443
2432 2444
2432 2471
2432 2473
2432 2474
2433 2445
2433 2446
2433 2447
2433 2450
2433 2451
2433 2475
2434 2445
2434 2448
2434 2449
2434 2452
2434 2453
2434 2476
2435 2446
2435 2448
2435 2454
2435 2456
2435 2459
2435 2477
2436 2447
2436 2449
2436 2455
2436 2457
2436 2460
2436 2478
2437 2450
2437 2454
2437 2458
2437 2462
2437 2466
2437 2479
2438 2451
2438 2455
2438 2458
2438 2463
2438 2467
2438 2480
2439 2452
2439 2456
2439 2461
2439 2464
2439 2468
2439 2481
2440 2453
2440 2457
2440 2461
2440 2465
2440 2469
2440 2482
2441 2459
2441 2462
2441 2464
2441 2470
2441 2472
2441 2483
2442 2460
2442 2463
2442 2465
2442 2471
2442 2473
2442 2484
2443 2466
2443 2467
2443 2470
2443 2471
2443 2474
2443 2485
2444 2468
2444 2469
2444 2472
2444 2473
2444 2474
2444 2486
2445 2446
2445 2447
2445 2448
2445 2449
2445 2475
2445 2476
2445 2487
2445 2488
2446 2448
2446 2450
2446 2454
2446 2475
2446 2477
2446 2487
2446 2489
2447 2449
2447 2451
2447 2455
2447 2475
2447 2478
2447 2488
2447 2490
2448 2452
2448 2456
2448 2476
2448 2477
2448 2487
2448 2491
2449 2453
2449 2457
2449 2476
2449 2478
2449 2488
2449 2492
2450 2451
2450 2454
2450 2458
2450 2475
2450 2479
2450 2489
2450 2493
2451 2455
2451 2458
2451 2475
2451 2480
2451 2490
2451 2493
2452 2453
2452 2456
2452 2461
2452 2476
2452 2481
2452 2491
2452 2494
2453 2457
2453 2461
2453 2476
2453 2482
2453 2492
2453 2494
2454 2459
2454 2462
2454 2477
2454 2479
2454 2489
2454 2495
2455 2460
2455 2463
2455 2478
2455 2480
2455 2490
2455 2496
2456 2459
2456 2464
2456 2477
2456 2481
2456 2491
2456 2497
2457 2460
2457 2465
2457 2478
2457 2482
2457 2492
2457 2498
2458 2466
2458 2467
2458 2479
2458 2480
2458 2493
2458 2499
2459 2462
2459 2464
2459 2477
2459 2483
2459 2495
2459 2497
2460 2463
2460 2465
2460 2478
2460 2484
2460 2496
2460 2498
2461 2468
2461 2469
2461 2481
2461 2482
2461 2494
2461 2500
2462 2466
2462 2470
2462 2479
2462 2483
2462 2495
2462 2501
2463 2467
2463 2471
2463 2480
2463 2484
2463 2496
2463 2502
2464 2468
2464 2472
2464 2481
2464 2483
2464 2497
2464 2503
2465 2469
2465 2473
2465 2482
2465 2484
2465 2498
2465 2504
2466 2467
2466 2470
2466 2479
2466 2485
2466 2499
2466 2501
2467 2471
2467 2480
2467 2485
2467 2499
2467 2502
2468 2469
2468 2472
2468 2481
2468 2486
2468 2500
2468 2503
2469 2473
2469 2482
2469 2486
2469 2500
2469 2504
2470 2472
2470 2474
2470 2483
2470 2485
2470 2501
2470 2505
2471 2473
2471 2474
2471 2484
2471 2485
2471 2502
2471 2506
2472 2474
2472 2483
2472 2486
2472 2503
2472 2505
2473 2474
2473 2484
2473 2486
2473 2504
2473 2506
2474 2485
2474 2486
2474 2505
2474 2506
2475 2487
2475 2488
2475 2489
2475 2490
2475 2493
2475 2507
2476 2487
2476 2488
2476 2491
2476 2492
2476 2494
2476 2508
2477 2487
2477 2489
2477 2491
2477 2495
2477 2497
2477 2509
2478 2488
2478 2490
2478 2492
2478 2496
2478 2498
2478 2510
2479 2489
2479 2493
2479 2495
2479 2499
2479 2501
2479 2511
2480 2490
2480 2493
2480 2496
2480 2499
2480 2502
2480 2512
2481 2491
2481 2494
2481 2497
2481 2500
2481 2503
2481 2513
2482 2492
2482 2494
2482 2498
2482 2500
2482 2504
2482 2514
2483 2495
2483 2497
2483 2501
2483 2503
2483 2505
2483 2515
2484 2496
2484 2498
2484 2502
2484 2504
2484 2506
2484 2516
2485 2499
2485 2501
2485 2502
2485 2505
2485 2506
2485 2517
2486 2500
2486 2503
2486 2504
2486 2505
2486 2506
2486 2518
2487 2488
2487 2489
2487 2491
2487 2507
2487 2508
2487 2509
2488 2490
2488 2492
2488 2507
2488 2508
2488 2510
2489 2493
2489 2495
2489 2507
2489 2509
2489 2511
2490 2493
2490 2496
2490 2507
2490 2510
2490 2512
2491 2494
2491 2497
2491 2508
2491 2509
2491 2513
2492 2494
2492 2498
2492 2508
2492 2510
2492 2514
2493 2499
2493 2507
2493 2511
2493 2512
2494 2500
2494 2508
2494 2513
2494 2514
2495 2497
2495 2501
2495 2509
2495 2511
2495 2515
2496 2498
2496 2502
2496 2510
2496 2512
2496 2516
2497 2503
2497 2509
2497 2513
2497 2515
2498 2504
2498 2510
2498 2514
2498 2516
2499 2501
2499 2502
2499 2511
2499 2512
2499 2517
2500 2503
2500 2504
2500 2513
2500 2514
2500 2518
2501 2505
2501 2511
2501 2515
2501 2517
2502 2506
2502 2512
2502 2516
2502 2517
2503 2505
2503 2513
2503 2515
2503 2518
2504 2506
2504 2514
2504 2516
2504 2518
2505 2506
2505 2515
2505 2517
2505 2518
2506 2516
2506 2517
2506 2518
2507 2508
2507 2509
2507 2510
2507 2511
2507 2512
2507 2519
2508 2509
2508 2510
2508 2513
2508 2514
2508 2519
2509 2511
2509 2513
2509 2515
2509 2519
2510 2512
2510 2514
2510 2516
2510 2519
2511 2512
2511 2515
2511 2517
2511 2519
2512 2516
2512 2517
2512 2519
2513 2514
2513 2515
2513 2518
2513 2519
2514 2516
2514 2518
2514 2519
2515 2517
2515 2518
2515 2519
2516 2517
2516 2518
2516 2519
2517 2518
2517 2519
2518 2519
2520 2521
2520 2522
2520 2523
2520 2524
2520 2525
2520 2526
2520 2527
2520 2528
2520 2529
2520 2530
2520 2531
2520 2532
2521 2522
2521 2523
2521 2524
2521 2525
2521 2526
2521 2533
2521 2534
2521 2535
2521 2536
2521 2539
2521 2553
2522 2523
2522 2524
2522 2527
2522 2528
2522 2533
2522 2534
2522 2537
2522 2538
2522 2540
2522 2554
2523 2525
2523 2527
2523 2529
2523 2533
2523 2535
2523 2537
2523 2541
2523 2543
2523 2555
2524 2526
2524 2528
2524 2530
2524 2534
2524 2536
2524 2538
2524 2542
2524 2544
2524 2556
2525 2526
2525 2529
2525 2531
2525 2535
2525 2539
2525 2541
2525 2545
2525 2547
2525 2557
2526 2530
2526 2531
2526 2536
2526 2539
2526 2542
2526 2545
2526 2548
2526 2558
2527 2528
2527 2529
2527 2532
2527 2537
2527 2540
2527 2543
2527 2546
2527 2549
2527 2559
2528 2530
2528 2532
2528 2538
2528 2540
2528 2544
2528 2546
2528 2550
2528 2560
2529 2531
2529 2532
2529 2541
2529 2543
2529 2547
2529 2549
2529 2551
2529 2561
2530 2531
2530 2532
2530 2542
2530 2544
2530 2548
2530 2550
2530 2552
2530 2562
2531 2532
2531 2545
2531 2547
2531 2548
2531 2551
2531 2552
2531 2563
2532 2546
2532 2549
2532 2550
2532 2551
2532 2552
2532 2564
2533 2534
2533 2535
2533 2537
2533 2553
2533 2554
2533 2555
2533 2565
2533 2566
2533 2568
2534 2536
2534 2538
2534 2553
2534 2554
2534 2556
2534 2565
2534 2567
2534 2569
2535 2539
2535 2541
2535 2553
2535 2555
2535 2557
2535 2566
2535 2570
2535 2574
2536 2539
2536 2542
2536 2553
2536 2556
2536 2558
2536 2567
2536 2571
2536 2575
2537 2540
2537 2543
2537 2554
2537 2555
2537 2559
2537 2568
2537 2572
2537 2576
2538 2540
2538 2544
2538 2554
2538 2556
2538 2560
2538 2569
2538 2573
2538 2577
2539 2545
2539 2553
2539 2557
2539 2558
2539 2570
2539 2571
2539 2578
2540 2546
2540 2554
2540 2559
2540 2560
2540 2572
2540 2573
2540 2581
2541 2543
2541 2547
2541 2555
2541 2557
2541 2561
2541 2574
2541 2579
2541 2582
2542 2544
2542 2548
2542 2556
2542 2558
2542 2562
2542 2575
2542 2580
2542 2583
2543 2549
2543 2555
2543 2559
2543 2561
2543 2576
2543 2579
2543 2584
2544 2550
2544 2556
2544 2560
2544 2562
2544 2577
2544 2580
2544 2585
2545 2547
2545 2548
2545 2557
2545 2558
2545 2563
2545 2578
2545 2586
2545 2587
2546 2549
2546 2550
2546 2559
2546 2560
2546 2564
2546 2581
2546 2588
2546 2589
2547 2551
2547 2557
2547 2561
2547 2563
2547 2582
2547 2586
2547 2590
2548 2552
2548 2558
2548 2562
2548 2563
2548 2583
2548 2587
2548 2591
2549 2551
2549 2559
2549 2561
2549 2564
2549 2584
2549 2588
2549 2592
2550 2552
2550 2560
2550 2562
2550 2564
2550 2585
2550 2589
2550 2593
2551 2552
2551 2561
2551 2563
2551 2564
2551 2590
2551 2592
2551 2594
2552 2562
2552 2563
2552 2564
2552 2591
2552 2593
2552 2594
2553 2565
2553 2566
2553 2567
2553 2570
2553 2571
2553 2595
2554 2565
2554 2568
2554 2569
2554 2572
2554 2573
2554 2596
2555 2566
2555 2568
2555 2574
2555 2576
2555 2579
2555 2597
2556 2567
2556 2569
2556 2575
2556 2577
2556 2580
2556 2598
2557 2570
2557 2574
2557 2578
2557 2582
2557 2586
2557 2599
2558 2571
2558 2575
2558 2578
2558 2583
2558 2587
2558 2600
2559 2572
2559 2576
2559 2581
2559 2584
2559 2588
2559 2601
2560 2573
2560 2577
2560 2581
2560 2585
2560 2589
2560 2602
2561 2579
2561 2582
2561 2584
2561 2590
2561 2592
2561 2603
2562 2580
2562 2583
2562 2585
2562 2591
2562 2593
2562 2604
2563 2586
2563 2587
2563 2590
2563 2591
2563 2594
2563 2605
2564 2588
2564 2589
2564 2592
2564 2593
2564 2594
2564 2606
2565 2566
2565 2567
2565 2568
2565 2569
2565 2595
2565 2596
2565 2607
2565 2608
2566 2568
2566 2570
2566 2574
2566 2595
2566 2597
2566 2607
2566 2609
2567 2569
2567 2571
2567 2575
2567 2595
2567 2598
2567 2608
2567 2610
2568 2572
2568 2576
2568 2596
2568 2597
2568 2607
2568 2611
2569 2573
2569 2577
2569 2596
2569 2598
2569 2608
2569 2612
2570 2571
2570 2574
2570 2578
2570 2595
2570 2599
2570 2609
2570 2613
2571 2575
2571 2578
2571 2595
2571 2600
2571 2610
2571 2613
2572 2573
2572 2576
2572 2581
2572 2596
2572 2601
2572 2611
2572 2614
2573 2577
2573 2581
2573 2596
2573 2602
2573 2612
2573 2614
2574 2579
2574 2582
2574 2597
2574 2599
2574 2609
2574 2615
2575 2580
2575 2583
2575 2598
2575 2600
2575 2610
2575 2616
2576 2579
2576 2584
2576 2597
2576 2601
2576 2611
2576 2617
2577 2580
2577 2585
2577 2598
2577 2602
2577 2612
2577 2618
2578 2586
2578 2587
2578 2599
2578 2600
2578 2613
2578 2619
2579 2582
2579 2584
2579 2597
2579 2603
2579 2615
2579 2617
2580 2583
2580 2585
2580 2598
2580 2604
2580 2616
2580 2618
2581 2588
2581 2589
2581 2601
2581 2602
2581 2614
2581 2620
2582 2586
2582 2590
2582 2599
2582 2603
2582 2615
2582 2621
2583 2587
2583 2591
2583 2600
2583 2604
2583 2616
2583 2622
2584 2588
2584 2592
2584 2601
2584 2603
2584 2617
2584 2623
2585 2589
2585 2593
2585 2602
2585 2604
2585 2618
2585 2624
2586 2587
2586 2590
2586 2599
2586 2605
2586 2619
2586 2621
2587 2591
2587 2600
2587 2605
2587 2619
2587 2622
2588 2589
2588 2592
2588 2601
2588 2606
2588 2620
2588 2623
2589 2593
2589 2602
2589 2606
2589 2620
2589 2624
2590 2592
2590 2594
2590 2603
2590 2605
2590 2621
2590 2625
2591 2593
2591 2594
2591 2604
2591 2605
2591 2622
2591 2626
2592 2594
2592 2603
2592 2606
2592 2623
2592 2625
2593 2594
2593 2604
2593 2606
2593 2624
2593 2626
2594 2605
2594 2606
2594 2625
2594 2626
2595 2607
2595 2608
2595 2609
2595 2610
2595 2613
2595 2627
2596 2607
2596 2608
2596 2611
2596 2612
2596 2614
2596 2628
2597 2607
2597 2609
2597 2611
2597 2615
2597 2617
2597 2629
2598 2608
2598 2610
2598 2612
2598 2616
2598 2618
2598 2630
2599 2609
2599 2613
2599 2615
2599 2619
2599 2621
2599 2631
2600 2610
2600 2613
2600 2616
2600 2619
2600 2622
2600 2632
2601 2611
2601 2614
2601 2617
2601 2620
2601 2623
2601 2633
2602 2612
2602 2614
2602 2618
2602 2620
2602 2624
2602 2634
2603 2615
2603 2617
2603 2621
2603 2623
2603 2625
2603 2635
2604 2616
2604 2618
2604 2622
2604 2624
2604 2626
2604 2636
2605 2619
2605 2621
2605 2622
2605 2625
2605 2626
2605 2637
2606 2620
2606 2623
2606 2624
2606 2625
2606 2626
2606 2638
2607 2608
2607 2609
2607 2611
2607 2627
2607 2628
2607 2629
2608 2610
2608 2612
2608 2627
2608 2628
2608 2630
2609 2613
2609 2615
2609 2627
2609 2629
2609 2631
2610 2613
2610 2616
2610 2627
2610 2630
2610 2632
2611 2614
2611 2617
2611 2628
2611 2629
2611 2633
2612 2614
2612 2618
2612 2628
2612 2630
2612 2634
2613 2619
2613 2627
2613 2631
2613 2632
2614 2620
2614 2628
2614 2633
2614 2634
2615 2617
2615 2621
2615 2629
2615 2631
2615 2635
2616 2618
2616 2622
2616 2630
2616 2632
2616 2636
2617 2623
2617 2629
2617 2633
2617 2635
2618 2624
2618 2630
2618 2634
2618 2636
2619 2621
2619 2622
2619 2631
2619 2632
2619 2637
2620 2623
2620 2624
2620 2633
2620 2634
2620 2638
2621 2625
2621 2631
2621 2635
2621 2637
2622 2626
2622 2632
2622 2636
2622 2637
2623 2625
2623 2633
2623 2635
2623 2638
2624 2626
2624 2634
2624 2636
2624 2638
2625 2626
2625 2635
2625 2637
2625 2638
2626 2636
2626 2637
2626 2638
2627 2628
2627 2629
2627 2630
2627 2631
2627 2632
2627 2639
2628 2629
2628 2630
2628 2633
2628 2634
2628 2639
2629 2631
2629 2633
2629 2635
2629 2639
2630 2632
2630 2634
2630 2636
2630 2639
2631 2632
2631 2635
2631 2637
2631 2639
2632 2636
2632 2637
2632 2639
2633 2634
2633 2635
2633 2638
2633 2639
2634 2636
2634 2638
2634 2639
2635 2637
2635 2638
2635 2639
2636 2637
2636 2638
2636 2639
2637 2638
2637 2639
2638 2639
2640 2641
2640 2642
2640 2643
2640 2644
2640 2645
2640 2646
2640 2647
2640 2648
2640 2649
2640 2650
2640 2651
2640 2652
2641 2642
2641 2643
2641 2644
2641 2645
2641 2646
2641 2653
2641 2654
2641 2655
2641 2656
2641 2659
2641 2673
2642 2643
2642 2644
2642 2647
2642 2648
2642 2653
2642 2654
2642 2657
2642 2658
2642 2660
2642 2674
2643 2645
2643 2647
2643 2649
2643 2653
2643 2655
2643 2657
2643 2661
2643 2663
2643 2675
2644 2646
2644 2648
2644 2650
2644 2654
2644 2656
2644 2658
2644 2662
2644 2664
2644 2676
2645 2646
2645 2649
2645 2651
2645 2655
2645 2659
2645 2661
2645 2665
2645 2667
2645 2677
2646 2650
2646 2651
2646 2656
2646 2659
2646 2662
2646 2665
2646 2668
2646 2678
2647 2648
2647 2649
2647 2652
2647 2657
2647 2660
2647 2663
2647 2666
2647 2669
2647 2679
2648 2650
2648 2652
2648 2658
2648 2660
2648 2664
2648 2666
2648 2670
2648 2680
2649 2651
2649 2652
2649 2661
2649 2663
2649 2667
2649 2669
2649 2671
2649 2681
2650 2651
2650 2652
2650 2662
2650 2664
2650 2668
2650 2670
2650 2672
2650 2682
2651 2652
2651 2665
2651 2667
2651 2668
2651 2671
2651 2672
2651 2683
2652 2666
2652 2669
2652 2670
2652 2671
2652 2672
2652 2684
2653 2654
2653 2655
2653 2657
2653 2673
2653 2674
2653 2675
2653 2685
2653 2686
2653 2688
2654 2656
2654 2658
2654 2673
2654 2674
2654 2676
2654 2685
2654 2687
2654 2689
2655 2659
2655 2661
2655 2673
2655 2675
2655 2677
2655 2686
2655 2690
2655 2694
2656 2659
2656 2662
2656 2673
2656 2676
2656 2678
2656 2687
2656 2691
2656 2695
2657 2660
2657 2663
2657 2674
2657 2675
2657 2679
2657 2688
2657 2692
2657 2696
2658 2660
2658 2664
2658 2674
2658 2676
2658 2680
2658 2689
2658 2693
2658 2697
2659 2665
2659 2673
2659 2677
2659 2678
2659 2690
2659 2691
2659 2698
2660 2666
2660 2674
2660 2679
2660 2680
2660 2692
2660 2693
2660 2701
2661 2663
2661 2667
2661 2675
2661 2677
2661 2681
2661 2694
2661 2699
2661 2702
2662 2664
2662 2668
2662 2676
2662 2678
2662 2682
2662 2695
2662 2700
2662 2703
2663 2669
2663 2675
2663 2679
2663 2681
2663 2696
2663 2699
2663 2704
2664 2670
2664 2676
2664 2680
2664 2682
2664 2697
2664 2700
2664 2705
2665 2667
2665 2668
2665 2677
2665 2678
2665 2683
2665 2698
2665 2706
2665 2707
2666 2669
2666 2670
2666 2679
2666 2680
2666 2684
2666 2701
2666 2708
2666 2709
2667 2671
2667 2677
2667 2681
2667 2683
2667 2702
2667 2706
2667 2710
2668 2672
2668 2678
2668 2682
2668 2683
2668 2703
2668 2707
2668 2711
2669 2671
2669 2679
2669 2681
2669 2684
2669 2704
2669 2708
2669 2712
2670 2672
2670 2680
2670 2682
2670 2684
2670 2705
2670 2709
2670 2713
2671 2672
2671 2681
2671 2683
2671 2684
2671 2710
2671 2712
2671 2714
2672 2682
2672 2683
2672 2684
2672 2711
2672 2713
2672 2714
2673 2685
2673 2686
2673 2687
2673 2690
2673 2691
2673 2715
2674 2685
2674 2688
2674 2689
2674 2692
2674 2693
2674 2716
2675 2686
2675 2688
2675 2694
2675 2696
2675 2699
2675 2717
2676 2687
2676 2689
2676 2695
2676 2697
2676 2700
2676 2718
2677 2690
2677 2694
2677 2698
2677 2702
2677 2706
2677 2719
2678 2691
2678 2695
2678 2698
2678 2703
2678 2707
2678 2720
2679 2692
2679 2696
2679 2701
2679 2704
2679 2708
2679 2721
2680 2693
2680 2697
2680 2701
2680 2705
2680 2709
2680 2722
2681 2699
2681 2702
2681 2704
2681 2710
2681 2712
2681 2723
2682 2700
2682 2703
2682 2705
2682 2711
2682 2713
2682 2724
2683 2706
2683 2707
2683 2710
2683 2711
2683 2714
2683 2725
2684 2708
2684 2709
2684 2712
2684 2713
2684 2714
2684 2726
2685 2686
2685 2687
2685 2688
2685 2689
2685 2715
2685 2716
2685 2727
2685 2728
2686 2688
2686 2690
2686 2694
2686 2715
2686 2717
2686 2727
2686 2729
2687 2689
2687 2691
2687 2695
2687 2715
2687 2718
2687 2728
2687 2730
2688 2692
2688 2696
2688 2716
2688 2717
2688 2727
2688 2731
2689 2693
2689 2697
2689 2716
2689 2718
2689 2728
2689 2732
2690 2691
2690 2694
2690 2698
2690 2715
2690 2719
2690 2729
2690 2733
2691 2695
2691 2698
2691 2715
2691 2720
2691 2730
2691 2733
2692 2693
2692 2696
2692 2701
2692 2716
2692 2721
2692 2731
2692 2734
2693 2697
2693 2701
2693 2716
2693 2722
2693 2732
2693 2734
2694 2699
2694 2702
2694 2717
2694 2719
2694 2729
2694 2735
2695 2700
2695 2703
2695 2718
2695 2720
2695 2730
2695 2736
2696 2699
2696 2704
2696 2717
2696 2721
2696 2731
2696 2737
2697 2700
2697 2705
2697 2718
2697 2722
2697 2732
2697 2738
2698 2706
2698 2707
2698 2719
2698 2720
2698 2733
2698 2739
2699 2702
2699 2704
2699 2717
2699 2723
2699 2735
2699 2737
2700 2703
2700 2705
2700 2718
2700 2724
2700 2736
2700 2738
2701 2708
2701 2709
2701 2721
2701 2722
2701 2734
2701 2740
2702 2706
2702 2710
2702 2719
2702 2723
2702 2735
2702 2741
2703 2707
2703 2711
2703 2720
2703 2724
2703 2736
2703 2742
2704 2708
2704 2712
2704 2721
2704 2723
2704 2737
2704 2743
2705 2709
2705 2713
2705 2722
2705 2724
2705 2738
2705 2744
2706 2707
2706 2710
2706 2719
2706 2725
2706 2739
2706 2741
2707 2711
2707 2720
2707 2725
2707 2739
2707 2742
2708 2709
2708 2712
2708 2721
2708 2726
2708 2740
2708 2743
2709 2713
2709 2722
2709 2726
2709 2740
2709 2744
2710 2712
2710 2714
2710 2723
2710 2725
2710 2741
2710 2745
2711 2713
2711 2714
2711 2724
2711 2725
2711 2742
2711 2746
2712 2714
2712 2723
2712 2726
2712 2743
2712 2745
2713 2714
2713 2724
2713 2726
2713 2744
2713 2746
2714 2725
2714 2726
2714 2745
2714 2746
2715 2727
2715 2728
2715 2729
2715 2730
2715 2733
2715 2747
2716 2727
2716 2728
2716 2731
2716 2732
2716 2734
2716 2748
2717 2727
2717 2729
2717 2731
2717 2735
2717 2737
2717 2749
2718 2728
2718 2730
2718 2732
2718 2736
2718 2738
2718 2750
2719 2729
2719 2733
2719 2735
2719 2739
2719 2741
2719 2751
2720 2730
2720 2733
2720 2736
2720 2739
2720 2742
2720 2752
2721 2731
2721 2734
2721 2737
2721 2740
2721 2743
2721 2753
2722 2732
2722 2734
2722 2738
2722 2740
2722 2744
2722 2754
2723 2735
2723 2737
2723 2741
2723 2743
2723 2745
2723 2755
2724 2736
2724 2738
2724 2742
2724 2744
2724 2746
2724 2756
2725 2739
2725 2741
2725 2742
2725 2745
2725 2746
2725 2757
2726 2740
2726 2743
2726 2744
2726 2745
2726 2746
2726 2758
2727 2728
2727 2729
2727 2731
2727 2747
2727 2748
2727 2749
2728 2730
2728 2732
2728 2747
2728 2748
2728 2750
2729 2733
2729 2735
2729 2747
2729 2749
2729 2751
2730 2733
2730 2736
2730 2747
2730 2750
2730 2752
2731 2734
2731 2737
2731 2748
2731 2749
2731 2753
2732 2734
2732 2738
2732 2748
2732 2750
2732 2754
2733 2739
2733 2747
2733 2751
2733 2752
2734 2740
2734 2748
2734 2753
2734 2754
2735 2737
2735 2741
2735 2749
2735 2751
2735 2755
2736 2738
2736 2742
2736 2750
2736 2752
2736 2756
2737 2743
2737 2749
2737 2753
2737 2755
2738 2744
2738 2750
2738 2754
2738 2756
2739 2741
2739 2742
2739 2751
2739 2752
2739 2757
2740 2743
2740 2744
2740 2753
2740 2754
2740 2758
2741 2745
2741 2751
2741 2755
2741 2757
2742 2746
2742 2752
2742 2756
2742 2757
2743 2745
2743 2753
2743 2755
2743 2758
2744 2746
2744 2754
2744 2756
2744 2758
2745 2746
2745 2755
2745 2757
2745 2758
2746 2756
2746 2757
2746 2758
2747 2748
2747 2749
2747 2750
2747 2751
2747 2752
2747 2759
2748 2749
2748 2750
2748 2753
2748 2754
2748 2759
2749 2751
2749 2753
2749 2755
2749 2759
2750 2752
2750 2754
2750 2756
2750 2759
2751 2752
2751 2755
2751 2757
2751 2759
2752 2756
2752 2757
2752 2759
2753 2754
2753 2755
2753 2758
2753 2759
2754 2756
2754 2758
2754 2759
2755 2757
2755 2758
2755 2759
2756 2757
2756 2758
2756 2759
2757 2758
2757 2759
2758 2759
2760 2761
2760 2762
2760 2763
2760 2764
2760 2765
2760 2766
2760 2767
2760 2768
2760 2769
2760 2770
2760 2771
2760 2772
2761 2762
2761 2763
2761 2764
2761 2765
2761 2766
2761 2773
2761 2774
2761 2775
2761 2776
2761 2779
2761 2793
2762 2763
2762 2764
2762 2767
2762 2768
2762 2773
2762 2774
2762 2777
2762 2778
2762 2780
2762 2794
2763 2765
2763 2767
2763 2769
2763 2773
2763 2775
2763 2777
2763 2781
2763 2783
2763 2795
2764 2766
2764 2768
2764 2770
2764 2774
2764 2776
2764 2778
2764 2782
2764 2784
2764 2796
2765 2766
2765 2769
2765 2771
2765 2775
2765 2779
2765 2781
2765 2785
2765 2787
2765 2797
2766 2770
2766 2771
2766 2776
2766 2779
2766 2782
2766 2785
2766 2788
2766 2798
2767 2768
2767 2769
2767 2772
2767 2777
2767 2780
2767 2783
2767 2786
2767 2789
2767 2799
2768 2770
2768 2772
2768 2778
2768 2780
2768 2784
2768 2786
2768 2790
2768 2800
2769 2771
2769 2772
2769 2781
2769 2783
2769 2787
2769 2789
2769 2791
2769 2801
2770 2771
2770 2772
2770 2782
2770 2784
2770 2788
2770 2790
2770 2792
2770 2802
2771 2772
2771 2785
2771 2787
2771 2788
2771 2791
2771 2792
2771 2803
2772 2786
2772 2789
2772 2790
2772 2791
2772 2792
2772 2804
2773 2774
2773 2775
2773 2777
2773 2793
2773 2794
2773 2795
2773 2805
2773 2806
2773 2808
2774 2776
2774 2778
2774 2793
2774 2794
2774 2796
2774 2805
2774 2807
2774 2809
2775 2779
2775 2781
2775 2793
2775 2795
2775 2797
2775 2806
2775 2810
2775 2814
2776 2779
2776 2782
2776 2793
2776 2796
2776 2798
2776 2807
2776 2811
2776 2815
2777 2780
2777 2783
2777 2794
2777 2795
2777 2799
2777 2808
2777 2812
2777 2816
2778 2780
2778 2784
2778 2794
2778 2796
2778 2800
2778 2809
2778 2813
2778 2817
2779 2785
2779 2793
2779 2797
2779 2798
2779 2810
2779 2811
2779 2818
2780 2786
2780 2794
2780 2799
2780 2800
2780 2812
2780 2813
2780 2821
2781 2783
2781 2787
2781 2795
2781 2797
2781 2801
2781 2814
2781 2819
2781 2822
2782 2784
2782 2788
2782 2796
2782 2798
2782 2802
2782 2815
2782 2820
2782 2823
2783 2789
2783 2795
2783 2799
2783 2801
2783 2816
2783 2819
2783 2824
2784 2790
2784 2796
2784 2800
2784 2802
2784 2817
2784 2820
2784 2825
2785 2787
2785 2788
2785 2797
2785 2798
2785 2803
2785 2818
2785 2826
2785 2827
2786 2789
2786 2790
2786 2799
2786 2800
2786 2804
2786 2821
2786 2828
2786 2829
2787 2791
2787 2797
2787 2801
2787 2803
2787 2822
2787 2826
2787 2830
2788 2792
2788 2798
2788 2802
2788 2803
2788 2823
2788 2827
2788 2831
2789 2791
2789 2799
2789 2801
2789 2804
2789 2824
2789 2828
2789 2832
2790 2792
2790 2800
2790 2802
2790 2804
2790 2825
2790 2829
2790 2833
2791 2792
2791 2801
2791 2803
2791 2804
2791 2830
2791 2832
2791 2834
2792 2802
2792 2803
2792 2804
2792 2831
2792 2833
2792 2834
2793 2805
2793 2806
2793 2807
2793 2810
2793 2811
2793 2835
2794 2805
2794 2808
2794 2809
2794 2812
2794 2813
2794 2836
2795 2806
2795 2808
2795 2814
2795 2816
2795 2819
2795 2837
2796 2807
2796 2809
2796 2815
2796 2817
2796 2820
2796 2838
2797 2810
2797 2814
2797 2818
2797 2822
2797 2826
2797 2839
2798 2811
2798 2815
2798 2818
2798 2823
2798 2827
2798 2840
2799 2812
2799 2816
2799 2821
2799 2824
2799 2828
2799 2841
2800 2813
2800 2817
2800 2821
2800 2825
2800 2829
2800 2842
2801 2819
2801 2822
2801 2824
2801 2830
2801 2832
2801 2843
2802 2820
2802 2823
2802 2825
2802 2831
2802 2833
2802 2844
2803 2826
2803 2827
2803 2830
2803 2831
2803 2834
2803 2845
2804 2828
2804 2829
2804 2832
2804 2833
2804 2834
2804 2846
2805 2806
2805 2807
2805 2808
2805 2809
2805 2835
2805 2836
2805 2847
2805 2848
2806 2808
2806 2810
2806 2814
2806 2835
2806 2837
2806 2847
2806 2849
2807 2809
2807 2811
2807 2815
2807 2835
2807 2838
2807 2848
2807 2850
2808 2812
2808 2816
2808 2836
2808 2837
2808 2847
2808 2851
2809 2813
2809 2817
2809 2836
2809 2838
2809 2848
2809 2852
2810 2811
2810 2814
2810 2818
2810 2835
2810 2839
2810 2849
2810 2853
2811 2815
2811 2818
2811 2835
2811 2840
2811 2850
2811 2853
2812 2813
2812 2816
2812 2821
2812 2836
2812 2841
2812 2851
2812 2854
2813 2817
2813 2821
2813 2836
2813 2842
2813 2852
2813 2854
2814 2819
2814 2822
2814 2837
2814 2839
2814 2849
2814 2855
2815 2820
2815 2823
2815 2838
2815 2840
2815 2850
2815 2856
2816 2819
2816 2824
2816 2837
2816 2841
2816 2851
2816 2857
2817 2820
2817 2825
2817 2838
2817 2842
2817 2852
2817 2858
2818 2826
2818 2827
2818 2839
2818 2840
2818 2853
2818 2859
2819 2822
2819 2824
2819 2837
2819 2843
2819 2855
2819 2857
2820 2823
2820 2825
2820 2838
2820 2844
2820 2856
2820 2858
2821 2828
2821 2829
2821 2841
2821 2842
2821 2854
2821 2860
2822 2826
2822 2830
2822 2839
2822 2843
2822 2855
2822 2861
2823 2827
2823 2831
2823 2840
2823 2844
2823 2856
2823 2862
2824 2828
2824 2832
2824 2841
2824 2843
2824 2857
2824 2863
2825 2829
2825 2833
2825 2842
2825 2844
2825 2858
2825 2864
2826 2827
2826 2830
2826 2839
2826 2845
2826 2859
2826 2861
2827 2831
2827 2840
2827 2845
2827 2859
2827 2862
2828 2829
2828 2832
2828 2841
2828 2846
2828 2860
2828 2863
2829 2833
2829 2842
2829 2846
2829 2860
2829 2864
2830 2832
2830 2834
2830 2843
2830 2845
2830 2861
2830 2865
2831 2833
2831 2834
2831 2844
2831 2845
2831 2862
2831 2866
2832 2834
2832 2843
2832 2846
2832 2863
2832 2865
2833 2834
2833 2844
2833 2846
2833 2864
2833 2866
2834 2845
2834 2846
2834 2865
2834 2866
2835 2847
2835 2848
2835 2849
2835 2850
2835 2853
2835 2867
2836 2847
2836 2848
2836 2851
2836 2852
2836 2854
2836 2868
2837 2847
2837 2849
2837 2851
2837 2855
2837 2857
2837 2869
2838 2848
2838 2850
2838 2852
2838 2856
2838 2858
2838 2870
2839 2849
2839 2853
2839 2855
2839 2859
2839 2861
2839 2871
2840 2850
2840 2853
2840 2856
2840 2859
2840 2862
2840 2872
2841 2851
2841 2854
2841 2857
2841 2860
2841 2863
2841 2873
2842 2852
2842 2854
2842 2858
2842 2860
2842 2864
2842 2874
2843 2855
2843 2857
2843 2861
2843 2863
2843 2865
2843 2875
2844 2856
2844 2858
2844 2862
2844 2864
2844 2866
2844 2876
2845 2859
2845 2861
2845 2862
2845 2865
2845 2866
2845 2877
2846 2860
2846 2863
2846 2864
2846 2865
2846 2866
2846 2878
2847 2848
2847 2849
2847 2851
2847 2867
2847 2868
2847 2869
2848 2850
2848 2852
2848 2867
2848 2868
2848 2870
2849 2853
2849 2855
2849 2867
2849 2869
2849 2871
2850 2853
2850 2856
2850 2867
2850 2870
2850 2872
2851 2854
2851 2857
2851 2868
2851 2869
2851 2873
2852 2854
2852 2858
2852 2868
2852 2870
2852 2874
2853 2859
2853 2867
2853 2871
2853 2872
2854 2860
2854 2868
2854 2873
2854 2874
2855 2857
2855 2861
2855 2869
2855 2871
2855 2875
2856 2858
2856 2862
2856 2870
2856 2872
2856 2876
2857 2863
2857 2869
2857 2873
2857 2875
2858 2864
2858 2870
2858 2874
2858 2876
2859 2861
2859 2862
2859 2871
2859 2872
2859 2877
2860 2863
2860 2864
2860 2873
2860 2874
2860 2878
2861 2865
2861 2871
2861 2875
2861 2877
2862 2866
2862 2872
2862 2876
2862 2877
2863 2865
2863 2873
2863 2875
2863 2878
2864 2866
2864 2874
2864 2876
2864 2878
2865 2866
2865 2875
2865 2877
2865 2878
2866 2876
2866 2877
2866 2878
2867 2868
2867 2869
2867 2870
2867 2871
2867 2872
2867 2879
2868 2869
2868 2870
2868 2873
2868 2874
2868 2879
2869 2871
2869 2873
2869 2875
2869 2879
2870 2872
2870 2874
2870 2876
2870 2879
2871 2872
2871 2875
2871 2877
2871 2879
2872 2876
2872 2877
2872 2879
2873 2874
2873 2875
2873 2878
2873 2879
2874 2876
2874 2878
2874 2879
2875 2877
2875 2878
2875 2879
2876 2877
2876 2878
2876 2879
2877 2878
2877 2879
2878 2879
2880 2881
2880 2882
2880 2883
2880 2884
2880 2885
2880 2886
2880 2887
2880 2888
2880 2889
2880 2890
2880 2891
2880 2892
2881 2882
2881 2883
2881 2884
2881 2885
2881 2886
2881 2893
2881 2894
2881 2895
2881 2896
2881 2899
2881 2913
2882 2883
2882 2884
2882 2887
2882 2888
2882 2893
2882 2894
2882 2897
2882 2898
2882 2900
2882 2914
2883 2885
2883 2887
2883 2889
2883 2893
2883 2895
2883 2897
2883 2901
2883 2903
2883 2915
2884 2886
2884 2888
2884 2890
2884 2894
2884 2896
2884 2898
2884 2902
2884 2904
2884 2916
2885 2886
2885 2889
2885 2891
2885 2895
2885 2899
2885 2901
2885 2905
2885 2907
2885 2917
2886 2890
2886 2891
2886 2896
2886 2899
2886 2902
2886 2905
2886 2908
2886 2918
2887 2888
2887 2889
2887 2892
2887 2897
2887 2900
2887 2903
2887 2906
2887 2909
2887 2919
2888 2890
2888 2892
2888 2898
2888 2900
2888 2904
2888 2906
2888 2910
2888 2920
2889 2891
2889 2892
2889 2901
2889 2903
2889 2907
2889 2909
2889 2911
2889 2921
2890 2891
2890 2892
2890 2902
2890 2904
2890 2908
2890 2910
2890 2912
2890 2922
2891 2892
2891 2905
2891 2907
2891 2908
2891 2911
2891 2912
2891 2923
2892 2906
2892 2909
2892 2910
2892 2911
2892 2912
2892 2924
2893 2894
2893 2895
2893 2897
2893 2913
2893 2914
2893 2915
2893 2925
2893 2926
2893 2928
2894 2896
2894 2898
2894 2913
2894 2914
2894 2916
2894 2925
2894 2927
2894 2929
2895 2899
2895 2901
2895 2913
2895 2915
2895 2917
2895 2926
2895 2930
2895 2934
2896 2899
2896 2902
2896 2913
2896 2916
2896 2918
2896 2927
2896 2931
2896 2935
2897 2900
2897 2903
2897 2914
2897 2915
2897 2919
2897 2928
2897 2932
2897 2936
2898 2900
2898 2904
2898 2914
2898 2916
2898 2920
2898 2929
2898 2933
2898 2937
2899 2905
2899 2913
2899 2917
2899 2918
2899 2930
2899 2931
2899 2938
2900 2906
2900 2914
2900 2919
2900 2920
2900 2932
2900 2933
2900 2941
2901 2903
2901 2907
2901 2915
2901 2917
2901 2921
2901 2934
2901 2939
2901 2942
2902 2904
2902 2908
2902 2916
2902 2918
2902 2922
2902 2935
2902 2940
2902 2943
2903 2909
2903 2915
2903 2919
2903 2921
2903 2936
2903 2939
2903 2944
2904 2910
2904 2916
2904 2920
2904 2922
2904 2937
2904 2940
2904 2945
2905 2907
2905 2908
2905 2917
2905 2918
2905 2923
2905 2938
2905 2946
2905 2947
2906 2909
2906 2910
2906 2919
2906 2920
2906 2924
2906 2941
2906 2948
2906 2949
2907 2911
2907 2917
2907 2921
2907 2923
2907 2942
2907 2946
2907 2950
2908 2912
2908 2918
2908 2922
2908 2923
2908 2943
2908 2947
2908 2951
2909 2911
2909 2919
2909 2921
2909 2924
2909 2944
2909 2948
2909 2952
2910 2912
2910 2920
2910 2922
2910 2924
2910 2945
2910 2949
2910 2953
2911 2912
2911 2921
2911 2923
2911 2924
2911 2950
2911 2952
2911 2954
2912 2922
2912 2923
2912 2924
2912 2951
2912 2953
2912 2954
2913 2925
2913 2926
2913 2927
2913 2930
2913 2931
2913 2955
2914 2925
2914 2928
2914 2929
2914 2932
2914 2933
2914 2956
2915 2926
2915 2928
2915 2934
2915 2936
2915 2939
2915 2957
2916 2927
2916 2929
2916 2935
2916 2937
2916 2940
2916 2958
2917 2930
2917 2934
2917 2938
2917 2942
2917 2946
2917 2959
2918 2931
2918 2935
2918 2938
2918 2943
2918 2947
2918 2960
2919 2932
2919 2936
2919 2941
2919 2944
2919 2948
2919 2961
2920 2933
2920 2937
2920 2941
2920 2945
2920 2949
2920 2962
2921 2939
2921 2942
2921 2944
2921 2950
2921 2952
2921 2963
2922 2940
2922 2943
2922 2945
2922 2951
2922 2953
2922 2964
2923 2946
2923 2947
2923 2950
2923 2951
2923 2954
2923 2965
2924 2948
2924 2949
2924 2952
2924 2953
2924 2954
2924 2966
2925 2926
2925 2927
2925 2928
2925 2929
2925 2955
2925 2956
2925 2967
2925 2968
2926 2928
2926 2930
2926 2934
2926 2955
2926 2957
2926 2967
2926 2969
2927 2929
2927 2931
2927 2935
2927 2955
2927 2958
2927 2968
2927 2970
2928 2932
2928 2936
2928 2956
2928 2957
2928 2967
2928 2971
2929 2933
2929 2937
2929 2956
2929 2958
2929 2968
2929 2972
2930 2931
2930 2934
2930 2938
2930 2955
2930 2959
2930 2969
2930 2973
2931 2935
2931 2938
2931 2955
2931 2960
2931 2970
2931 2973
2932 2933
2932 2936
2932 2941
2932 2956
2932 2961
2932 2971
2932 2974
2933 2937
2933 2941
2933 2956
2933 2962
2933 2972
2933 2974
2934 2939
2934 2942
2934 2957
2934 2959
2934 2969
2934 2975
2935 2940
2935 2943
2935 2958
2935 2960
2935 2970
2935 2976
2936 2939
2936 2944
2936 2957
2936 2961
2936 2971
2936 2977
2937 2940
2937 2945
2937 2958
2937 2962
2937 2972
2937 2978
2938 2946
2938 2947
2938 2959
2938 2960
2938 2973
2938 2979
2939 2942
2939 2944
2939 2957
2939 2963
2939 2975
2939 2977
2940 2943
2940 2945
2940 2958
2940 2964
2940 2976
2940 2978
2941 2948
2941 2949
2941 2961
2941 2962
2941 2974
2941 2980
2942 2946
2942 2950
2942 2959
2942 2963
2942 2975
2942 2981
2943 2947
2943 2951
2943 2960
2943 2964
2943 2976
2943 2982
2944 2948
2944 2952
2944 2961
2944 2963
2944 2977
2944 2983
2945 2949
2945 2953
2945 2962
2945 2964
2945 2978
2945 2984
2946 2947
2946 2950
2946 2959
2946 2965
2946 2979
2946 2981
2947 2951
2947 2960
2947 2965
2947 2979
2947 2982
2948 2949
2948 2952
2948 2961
2948 2966
2948 2980
2948 2983
2949 2953
2949 2962
2949 2966
2949 2980
2949 2984
2950 2952
2950 2954
2950 2963
2950 2965
2950 2981
2950 2985
2951 2953
2951 2954
2951 2964
2951 2965
2951 2982
2951 2986
2952 2954
2952 2963
2952 2966
2952 2983
2952 2985
2953 2954
2953 2964
2953 2966
2953 2984
2953 2986
2954 2965
2954 2966
2954 2985
2954 2986
2955 2967
2955 2968
2955 2969
2955 2970
2955 2973
2955 2987
2956 2967
2956 2968
2956 2971
2956 2972
2956 2974
2956 2988
2957 2967
2957 2969
2957 2971
2957 2975
2957 2977
2957 2989
2958 2968
2958 2970
2958 2972
2958 2976
2958 2978
2958 2990
2959 2969
2959 2973
2959 2975
2959 2979
2959 2981
2959 2991
2960 2970
2960 2973
2960 2976
2960 2979
2960 2982
2960 2992
2961 2971
2961 2974
2961 2977
2961 2980
2961 2983
2961 2993
2962 2972
2962 2974
2962 2978
2962 2980
2962 2984
2962 2994
2963 2975
2963 2977
2963 2981
2963 2983
2963 2985
2963 2995
2964 2976
2964 2978
2964 2982
2964 2984
2964 2986
2964 2996
2965 2979
2965 2981
2965 2982
2965 2985
2965 2986
2965 2997
2966 2980
2966 2983
2966 2984
2966 2985
2966 2986
2966 2998
2967 2968
2967 2969
2967 2971
2967 2987
2967 2988
2967 2989
2968 2970
2968 2972
2968 2987
2968 2988
2968 2990
2969 2973
2969 2975
2969 2987
2969 2989
2969 2991
2970 2973
2970 2976
2970 2987
2970 2990
2970 2992
2971 2974
2971 2977
2971 2988
2971 2989
2971 2993
2972 2974
2972 2978
2972 2988
2972 2990
2972 2994
2973 2979
2973 2987
2973 2991
2973 2992
2974 2980
2974 2988
2974 2993
2974 2994
2975 2977
2975 2981
2975 2989
2975 2991
2975 2995
2976 2978
2976 2982
2976 2990
2976 2992
2976 2996
2977 2983
2977 2989
2977 2993
2977 2995
2978 2984
2978 2990
2978 2994
2978 2996
2979 2981
2979 2982
2979 2991
2979 2992
2979 2997
2980 2983
2980 2984
2980 2993
2980 2994
2980 2998
2981 2985
2981 2991
2981 2995
2981 2997
2982 2986
2982 2992
2982 2996
2982 2997
2983 2985
2983 2993
2983 2995
2983 2998
2984 2986
2984 2994
2984 2996
2984 2998
2985 2986
2985 2995
2985 2997
2985 2998
2986 2996
2986 2997
2986 2998
2987 2988
2987 2989
2987 2990
2987 2991
2987 2992
2987 2999
2988 2989
2988 2990
2988 2993
2988 2994
2988 2999
2989 2991
2989 2993
2989 2995
2989 2999
2990 2992
2990 2994
2990 2996
2990 2999
2991 2992
2991 2995
2991 2997
2991 2999
2992 2996
2992 2997
2992 2999
2993 2994
2993 2995
2993 2998
2993 2999
2994 2996
2994 2998
2994 2999
2995 2997
2995 2998
2995 2999
2996 2997
2996 2998
2996 2999
2997 2998
2997 2999
2998 2999
3000 3001
3000 3002
3000 3003
3000 3004
3000 3005
3000 3006
3000 3007
3000 3008
3000 3009
3000 3010
3000 3011
3000 3012
3001 3002
3001 3003
3001 3004
3001 3005
3001 3006
3001 3013
3001 3014
3001 3015
3001 3016
3001 3019
3001 3033
3002 3003
3002 3004
3002 3007
3002 3008
3002 3013
3002 3014
3002 3017
3002 3018
3002 3020
3002 3034
3003 3005
3003 3007
3003 3009
3003 3013
3003 3015
3003 3017
3003 3021
3003 3023
3003 3035
3004 3006
3004 3008
3004 3010
3004 3014
3004 3016
3004 3018
3004 3022
3004 3024
3004 3036
3005 3006
3005 3009
3005 3011
3005 3015
3005 3019
3005 3021
3005 3025
3005 3027
3005 3037
3006 3010
3006 3011
3006 3016
3006 3019
3006 3022
3006 3025
3006 3028
3006 3038
3007 3008
3007 3009
3007 3012
3007 3017
3007 3020
3007 3023
3007 3026
3007 3029
3007 3039
3008 3010
3008 3012
3008 3018
3008 3020
3008 3024
3008 3026
3008 3030
3008 3040
3009 3011
3009 3012
3009 3021
3009 3023
3009 3027
3009 3029
3009 3031
3009 3041
3010 3011
3010 3012
3010 3022
3010 3024
3010 3028
3010 3030
3010 3032
3010 3042
3011 3012
3011 3025
3011 3027
3011 3028
3011 3031
3011 3032
3011 3043
3012 3026
3012 3029
3012 3030
3012 3031
3012 3032
3012 3044
3013 3014
3013 3015
3013 3017
3013 3033
3013 3034
3013 3035
3013 3045
3013 3046
3013 3048
3014 3016
3014 3018
3014 3033
3014 3034
3014 3036
3014 3045
3014 3047
3014 3049
3015 3019
3015 3021
3015 3033
3015 3035
3015 3037
3015 3046
3015 3050
3015 3054
3016 3019
3016 3022
3016 3033
3016 3036
3016 3038
3016 3047
3016 3051
3016 3055
3017 3020
3017 3023
3017 3034
3017 3035
3017 3039
3017 3048
3017 3052
3017 3056
3018 3020
3018 3024
3018 3034
3018 3036
3018 3040
3018 3049
3018 3053
3018 3057
3019 3025
3019 3033
3019 3037
3019 3038
3019 3050
3019 3051
3019 3058
3020 3026
3020 3034
3020 3039
3020 3040
3020 3052
3020 3053
3020 3061
3021 3023
3021 3027
3021 3035
3021 3037
3021 3041
3021 3054
3021 3059
3021 3062
3022 3024
3022 3028
3022 3036
3022 3038
3022 3042
3022 3055
3022 3060
3022 3063
3023 3029
3023 3035
3023 3039
3023 3041
3023 3056
3023 3059
3023 3064
3024 3030
3024 3036
3024 3040
3024 3042
3024 3057
3024 3060
3024 3065
3025 3027
3025 3028
3025 3037
3025 3038
3025 3043
3025 3058
3025 3066
3025 3067
3026 3029
3026 3030
3026 3039
3026 3040
3026 3044
3026 3061
3026 3068
3026 3069
3027 3031
3027 3037
3027 3041
3027 3043
3027 3062
3027 3066
3027 3070
3028 3032
3028 3038
3028 3042
3028 3043
3028 3063
3028 3067
3028 3071
3029 3031
3029 3039
3029 3041
3029 3044
3029 3064
3029 3068
3029 3072
3030 3032
3030 3040
3030 3042
3030 3044
3030 3065
3030 3069
3030 3073
3031 3032
3031 3041
3031 3043
3031 3044
3031 3070
3031 3072
3031 3074
3032 3042
3032 3043
3032 3044
3032 3071
3032 3073
3032 3074
3033 3045
3033 3046
3033 3047
3033 3050
3033 3051
3033 3075
3034 3045
3034 3048
3034 3049
3034 3052
3034 3053
3034 3076
3035 3046
3035 3048
3035 3054
3035 3056
3035 3059
3035 3077
3036 3047
3036 3049
3036 3055
3036 3057
3036 3060
3036 3078
3037 3050
3037 3054
3037 3058
3037 3062
3037 3066
3037 3079
3038 3051
3038 3055
3038 3058
3038 3063
3038 3067
3038 3080
3039 3052
3039 3056
3039 3061
3039 3064
3039 3068
3039 3081
3040 3053
3040 3057
3040 3061
3040 3065
3040 3069
3040 3082
3041 3059
3041 3062
3041 3064
3041 3070
3041 3072
3041 3083
3042 3060
3042 3063
3042 3065
3042 3071
3042 3073
3042 3084
3043 3066
3043 3067
3043 3070
3043 3071
3043 3074
3043 3085
3044 3068
3044 3069
3044 3072
3044 3073
3044 3074
3044 3086
3045 3046
3045 3047
3045 3048
3045 3049
3045 3075
3045 3076
3045 3087
3045 3088
3046 3048
3046 3050
3046 3054
3046 3075
3046 3077
3046 3087
3046 3089
3047 3049
3047 3051
3047 3055
3047 3075
3047 3078
3047 3088
3047 3090
3048 3052
3048 3056
3048 3076
3048 3077
3048 3087
3048 3091
3049 3053
3049 3057
3049 3076
3049 3078
3049 3088
3049 3092
3050 3051
3050 3054
3050 3058
3050 3075
3050 3079
3050 3089
3050 3093
3051 3055
3051 3058
3051 3075
3051 3080
3051 3090
3051 3093
3052 3053
3052 3056
3052 3061
3052 3076
3052 3081
3052 3091
3052 3094
3053 3057
3053 3061
3053 3076
3053 3082
3053 3092
3053 3094
3054 3059
3054 3062
3054 3077
3054 3079
3054 3089
3054 3095
3055 3060
3055 3063
3055 3078
3055 3080
3055 3090
3055 3096
3056 3059
3056 3064
3056 3077
3056 3081
3056 3091
3056 3097
3057 3060
3057 3065
3057 3078
3057 3082
3057 3092
3057 3098
3058 3066
3058 3067
3058 3079
3058 3080
3058 3093
3058 3099
3059 3062
3059 3064
3059 3077
3059 3083
3059 3095
3059 3097
3060 3063
3060 3065
3060 3078
3060 3084
3060 3096
3060 3098
3061 3068
3061 3069
3061 3081
3061 3082
3061 3094
3061 3100
3062 3066
3062 3070
3062 3079
3062 3083
3062 3095
3062 3101
3063 3067
3063 3071
3063 3080
3063 3084
3063 3096
3063 3102
3064 3068
3064 3072
3064 3081
3064 3083
3064 3097
3064 3103
3065 3069
3065 3073
3065 3082
3065 3084
3065 3098
3065 3104
3066 3067
3066 3070
3066 3079
3066 3085
3066 3099
3066 3101
3067 3071
3067 3080
3067 3085
3067 3099
3067 3102
3068 3069
3068 3072
3068 3081
3068 3086
3068 3100
3068 3103
3069 3073
3069 3082
3069 3086
3069 3100
3069 3104
3070 3072
3070 3074
3070 3083
3070 3085
3070 3101
3070 3105
3071 3073
3071 3074
3071 3084
3071 3085
3071 3102
3071 3106
3072 3074
3072 3083
3072 3086
3072 3103
3072 3105
3073 3074
3073 3084
3073 3086
3073 3104
3073 3106
3074 3085
3074 3086
3074 3105
3074 3106
3075 3087
3075 3088
3075 3089
3075 3090
3075 3093
3075 3107
3076 3087
3076 3088
3076 3091
3076 3092
3076 3094
3076 3108
3077 3087
3077 3089
3077 3091
3077 3095
3077 3097
3077 3109
3078 3088
3078 3090
3078 3092
3078 3096
3078 3098
3078 3110
3079 3089
3079 3093
3079 3095
3079 3099
3079 3101
3079 3111
3080 3090
3080 3093
3080 3096
3080 3099
3080 3102
3080 3112
3081 3091
3081 3094
3081 3097
3081 3100
3081 3103
3081 3113
3082 3092
3082 3094
3082 3098
3082 3100
3082 3104
3082 3114
3083 3095
3083 3097
3083 3101
3083 3103
3083 3105
3083 3115
3084 3096
3084 3098
3084 3102
3084 3104
3084 3106
3084 3116
3085 3099
3085 3101
3085 3102
3085 3105
3085 3106
3085 3117
3086 3100
3086 3103
3086 3104
3086 3105
3086 3106
3086 3118
3087 3088
3087 3089
3087 3091
3087 3107
3087 3108
3087 3109
3088 3090
3088 3092
3088 3107
3088 3108
3088 3110
3089 3093
3089 3095
3089 3107
3089 3109
3089 3111
3090 3093
3090 3096
3090 3107
3090 3110
3090 3112
3091 3094
3091 3097
3091 3108
3091 3109
3091 3113
3092 3094
3092 3098
3092 3108
3092 3110
3092 3114
3093 3099
3093 3107
3093 3111
3093 3112
3094 3100
3094 3108
3094 3113
3094 3114
3095 3097
3095 3101
3095 3109
3095 3111
3095 3115
3096 3098
3096 3102
3096 3110
3096 3112
3096 3116
3097 3103
3097 3109
3097 3113
3097 3115
3098 3104
3098 3110
3098 3114
3098 3116
3099 3101
3099 3102
3099 3111
3099 3112
3099 3117
3100 3103
3100 3104
3100 3113
3100 3114
3100 3118
3101 3105
3101 3111
3101 3115
3101 3117
3102 3106
3102 3112
3102 3116
3102 3117
3103 3105
3103 3113
3103 3115
3103 3118
3104 3106
3104 3114
3104 3116
3104 3118
3105 3106
3105 3115
3105 3117
3105 3118
3106 3116
3106 3117
3106 3118
3107 3108
3107 3109
3107 3110
3107 3111
3107 3112
3107 3119
3108 3109
3108 3110
3108 3113
3108 3114
3108 3119
3109 3111
3109 3113
3109 3115
3109 3119
3110 3112
3110 3114
3110 3116
3110 3119
3111 3112
3111 3115
3111 3117
3111 3119
3112 3116
3112 3117
3112 3119
3113 3114
3113 3115
3113 3118
3113 3119
3114 3116
3114 3118
3114 3119
3115 3117
3115 3118
3115 3119
3116 3117
3116 3118
3116 3119
3117 3118
3117 3119
3118 3119
3120 3121
3120 3122
3120 3123
3120 3124
3120 3125
3120 3126
3120 3127
3120 3128
3120 3129
3120 3130
3120 3131
3120 3132
3121 3122
3121 3123
3121 3124
3121 3125
3121 3126
3121 3133
3121 3134
3121 3135
3121 3136
3121 3139
3121 3153
3122 3123
3122 3124
3122 3127
3122 3128
3122 3133
3122 3134
3122 3137
3122 3138
3122 3140
3122 3154
3123 3125
3123 3127
3123 3129
3123 3133
3123 3135
3123 3137
3123 3141
3123 3143
3123 3155
3124 3126
3124 3128
3124 3130
3124 3134
3124 3136
3124 3138
3124 3142
3124 3144
3124 3156
3125 3126
3125 3129
3125 3131
3125 3135
3125 3139
3125 3141
3125 3145
3125 3147
3125 3157
3126 3130
3126 3131
3126 3136
3126 3139
3126 3142
3126 3145
3126 3148
3126 3158
3127 3128
3127 3129
3127 3132
3127 3137
3127 3140
3127 3143
3127 3146
3127 3149
3127 3159
3128 3130
3128 3132
3128 3138
3128 3140
3128 3144
3128 3146
3128 3150
3128 3160
3129 3131
3129 3132
3129 3141
3129 3143
3129 3147
3129 3149
3129 3151
3129 3161
3130 3131
3130 3132
3130 3142
3130 3144
3130 3148
3130 3150
3130 3152
3130 3162
3131 3132
3131 3145
3131 3147
3131 3148
3131 3151
3131 3152
3131 3163
3132 3146
3132 3149
3132 3150
3132 3151
3132 3152
3132 3164
3133 3134
3133 3135
3133 3137
3133 3153
3133 3154
3133 3155
3133 3165
3133 3166
3133 3168
3134 3136
3134 3138
3134 3153
3134 3154
3134 3156
3134 3165
3134 3167
3134 3169
3135 3139
3135 3141
3135 3153
3135 3155
3135 3157
3135 3166
3135 3170
3135 3174
3136 3139
3136 3142
3136 3153
3136 3156
3136 3158
3136 3167
3136 3171
3136 3175
3137 3140
3137 3143
3137 3154
3137 3155
3137 3159
3137 3168
3137 3172
3137 3176
3138 3140
3138 3144
3138 3154
3138 3156
3138 3160
3138 3169
3138 3173
3138 3177
3139 3145
3139 3153
3139 3157
3139 3158
3139 3170
3139 3171
3139 3178
3140 3146
3140 3154
3140 3159
3140 3160
3140 3172
3140 3173
3140 3181
3141 3143
3141 3147
3141 3155
3141 3157
3141 3161
3141 3174
3141 3179
3141 3182
3142 3144
3142 3148
3142 3156
3142 3158
3142 3162
3142 3175
3142 3180
3142 3183
3143 3149
3143 3155
3143 3159
3143 3161
3143 3176
3143 3179
3143 3184
3144 3150
3144 3156
3144 3160
3144 3162
3144 3177
3144 3180
3144 3185
3145 3147
3145 3148
3145 3157
3145 3158
3145 3163
3145 3178
3145 3186
3145 3187
3146 3149
3146 3150
3146 3159
3146 3160
3146 3164
3146 3181
3146 3188
3146 3189
3147 3151
3147 3157
3147 3161
3147 3163
3147 3182
3147 3186
3147 3190
3148 3152
3148 3158
3148 3162
3148 3163
3148 3183
3148 3187
3148 3191
3149 3151
3149 3159
3149 3161
3149 3164
3149 3184
3149 3188
3149 3192
3150 3152
3150 3160
3150 3162
3150 3164
3150 3185
3150 3189
3150 3193
3151 3152
3151 3161
3151 3163
3151 3164
3151 3190
3151 3192
3151 3194
3152 3162
3152 3163
3152 3164
3152 3191
3152 3193
3152 3194
3153 3165
3153 3166
3153 3167
3153 3170
3153 3171
3153 3195
3154 3165
3154 3168
3154 3169
3154 3172
3154 3173
3154 3196
3155 3166
3155 3168
3155 3174
3155 3176
3155 3179
3155 3197
3156 3167
3156 3169
3156 3175
3156 3177
3156 3180
3156 3198
3157 3170
3157 3174
3157 3178
3157 3182
3157 3186
3157 3199
3158 3171
3158 3175
3158 3178
3158 3183
3158 3187
3158 3200
3159 3172
3159 3176
3159 3181
3159 3184
3159 3188
3159 3201
3160 3173
3160 3177
3160 3181
3160 3185
3160 3189
3160 3202
3161 3179
3161 3182
3161 3184
3161 3190
3161 3192
3161 3203
3162 3180
3162 3183
3162 3185
3162 3191
3162 3193
3162 3204
3163 3186
3163 3187
3163 3190
3163 3191
3163 3194
3163 3205
3164 3188
3164 3189
3164 3192
3164 3193
3164 3194
3164 3206
3165 3166
3165 3167
3165 3168
3165 3169
3165 3195
3165 3196
3165 3207
3165 3208
3166 3168
3166 3170
3166 3174
3166 3195
3166 3197
3166 3207
3166 3209
3167 3169
3167 3171
3167 3175
3167 3195
3167 3198
3167 3208
3167 3210
3168 3172
3168 3176
3168 3196
3168 3197
3168 3207
3168 3211
3169 3173
3169 3177
3169 3196
3169 3198
3169 3208
3169 3212
3170 3171
3170 3174
3170 3178
3170 3195
3170 3199
3170 3209
3170 3213
3171 3175
3171 3178
3171 3195
3171 3200
3171 3210
3171 3213
3172 3173
3172 3176
3172 3181
3172 3196
3172 3201
3172 3211
3172 3214
3173 3177
3173 3181
3173 3196
3173 3202
3173 3212
3173 3214
3174 3179
3174 3182
3174 3197
3174 3199
3174 3209
3174 3215
3175 3180
3175 3183
3175 3198
3175 3200
3175 3210
3175 3216
3176 3179
3176 3184
3176 3197
3176 3201
3176 3211
3176 3217
3177 3180
3177 3185
3177 3198
3177 3202
3177 3212
3177 3218
3178 3186
3178 3187
3178 3199
3178 3200
3178 3213
3178 3219
3179 3182
3179 3184
3179 3197
3179 3203
3179 3215
3179 3217
3180 3183
3180 3185
3180 3198
3180 3204
3180 3216
3180 3218
3181 3188
3181 3189
3181 3201
3181 3202
3181 3214
3181 3220
3182 3186
3182 3190
3182 3199
3182 3203
3182 3215
3182 3221
3183 3187
3183 3191
3183 3200
3183 3204
3183 3216
3183 3222
3184 3188
3184 3192
3184 3201
3184 3203
3184 3217
3184 3223
3185 3189
3185 3193
3185 3202
3185 3204
3185 3218
3185 3224
3186 3187
3186 3190
3186 3199
3186 3205
3186 3219
3186 3221
3187 3191
3187 3200
3187 3205
3187 3219
3187 3222
3188 3189
3188 3192
3188 3201
3188 3206
3188 3220
3188 3223
3189 3193
3189 3202
3189 3206
3189 3220
3189 3224
3190 3192
3190 3194
3190 3203
3190 3205
3190 3221
3190 3225
3191 3193
3191 3194
3191 3204
3191 3205
3191 3222
3191 3226
3192 3194
3192 3203
3192 3206
3192 3223
3192 3225
3193 3194
3193 3204
3193 3206
3193 3224
3193 3226
3194 3205
3194 3206
3194 3225
3194 3226
3195 3207
3195 3208
3195 3209
3195 3210
3195 3213
3195 3227
3196 3207
3196 3208
3196 3211
3196 3212
3196 3214
3196 3228
3197 3207
3197 3209
3197 3211
3197 3215
3197 3217
3197 3229
3198 3208
3198 3210
3198 3212
3198 3216
3198 3218
3198 3230
3199 3209
3199 3213
3199 3215
3199 3219
3199 3221
3199 3231
3200 3210
3200 3213
3200 3216
3200 3219
3200 3222
3200 3232
3201 3211
3201 3214
3201 3217
3201 3220
3201 3223
3201 3233
3202 3212
3202 3214
3202 3218
3202 3220
3202 3224
3202 3234
3203 3215
3203 3217
3203 3221
3203 3223
3203 3225
3203 3235
3204 3216
3204 3218
3204 3222
3204 3224
3204 3226
3204 3236
3205 3219
3205 3221
3205 3222
3205 3225
3205 3226
3205 3237
3206 3220
3206 3223
3206 3224
3206 3225
3206 3226
3206 3238
3207 3208
3207 3209
3207 3211
3207 3227
3207 3228
3207 3229
3208 3210
3208 3212
3208 3227
3208 3228
3208 3230
3209 3213
3209 3215
3209 3227
3209 3229
3209 3231
3210 3213
3210 3216
3210 3227
3210 3230
3210 3232
3211 3214
3211 3217
3211 3228
3211 3229
3211 3233
3212 3214
3212 3218
3212 3228
3212 3230
3212 3234
3213 3219
3213 3227
3213 3231
3213 3232
3214 3220
3214 3228
3214 3233
3214 3234
3215 3217
3215 3221
3215 3229
3215 3231
3215 3235
3216 3218
3216 3222
3216 3230
3216 3232
3216 3236
3217 3223
3217 3229
3217 3233
3217 3235
3218 3224
3218 3230
3218 3234
3218 3236
3219 3221
3219 3222
3219 3231
3219 3232
3219 3237
3220 3223
3220 3224
3220 3233
3220 3234
3220 3238
3221 3225
3221 3231
3221 3235
3221 3237
3222 3226
3222 3232
3222 3236
3222 3237
3223 3225
3223 3233
3223 3235
3223 3238
3224 3226
3224 3234
3224 3236
3224 3238
3225 3226
3225 3235
3225 3237
3225 3238
3226 3236
3226 3237
3226 3238
3227 3228
3227 3229
3227 3230
3227 3231
3227 3232
3227 3239
3228 3229
3228 3230
3228 3233
3228 3234
3228 3239
3229 3231
3229 3233
3229 3235
3229 3239
3230 3232
3230 3234
3230 3236
3230 3239
3231 3232
3231 3235
3231 3237
3231 3239
3232 3236
3232 3237
3232 3239
3233 3234
3233 3235
3233 3238
3233 3239
3234 3236
3234 3238
3234 3239
3235 3237
3235 3238
3235 3239
3236 3237
3236 3238
3236 3239
3237 3238
3237 3239
3238 3239
3240 3241
3240 3242
3240 3243
3240 3244
3240 3245
3240 3246
3240 3247
3240 3248
3240 3249
3240 3250
3240 3251
3240 3252
3241 3242
3241 3243
3241 3244
3241 3245
3241 3246
3241 3253
3241 3254
3241 3255
3241 3256
3241 3259
3241 3273
3242 3243
3242 3244
3242 3247
3242 3248
3242 3253
3242 3254
3242 3257
3242 3258
3242 3260
3242 3274
3243 3245
3243 3247
3243 3249
3243 3253
3243 3255
3243 3257
3243 3261
3243 3263
3243 3275
3244 3246
3244 3248
3244 3250
3244 3254
3244 3256
3244 3258
3244 3262
3244 3264
3244 3276
3245 3246
3245 3249
3245 3251
3245 3255
3245 3259
3245 3261
3245 3265
3245 3267
3245 3277
3246 3250
3246 3251
3246 3256
3246 3259
3246 3262
3246 3265
3246 3268
3246 3278
3247 3248
3247 3249
3247 3252
3247 3257
3247 3260
3247 3263
3247 3266
3247 3269
3247 3279
3248 3250
3248 3252
3248 3258
3248 3260
3248 3264
3248 3266
3248 3270
3248 3280
3249 3251
3249 3252
3249 3261
3249 3263
3249 3267
3249 3269
3249 3271
3249 3281
3250 3251
3250 3252
3250 3262
3250 3264
3250 3268
3250 3270
3250 3272
3250 3282
3251 3252
3251 3265
3251 3267
3251 3268
3251 3271
3251 3272
3251 3283
3252 3266
3252 3269
3252 3270
3252 3271
3252 3272
3252 3284
3253 3254
3253 3255
3253 3257
3253 3273
3253 3274
3253 3275
3253 3285
3253 3286
3253 3288
3254 3256
3254 3258
3254 3273
3254 3274
3254 3276
3254 3285
3254 3287
3254 3289
3255 3259
3255 3261
3255 3273
3255 3275
3255 3277
3255 3286
3255 3290
3255 3294
3256 3259
3256 3262
3256 3273
3256 3276
3256 3278
3256 3287
3256 3291
3256 3295
3257 3260
3257 3263
3257 3274
3257 3275
3257 3279
3257 3288
3257 3292
3257 3296
3258 3260
3258 3264
3258 3274
3258 3276
3258 3280
3258 3289
3258 3293
3258 3297
3259 3265
3259 3273
3259 3277
3259 3278
3259 3290
3259 3291
3259 3298
3260 3266
3260 3274
3260 3279
3260 3280
3260 3292
3260 3293
3260 3301
3261 3263
3261 3267
3261 3275
3261 3277
3261 3281
3261 3294
3261 3299
3261 3302
3262 3264
3262 3268
3262 3276
3262 3278
3262 3282
3262 3295
3262 3300
3262 3303
3263 3269
3263 3275
3263 3279
3263 3281
3263 3296
3263 3299
3263 3304
3264 3270
3264 3276
3264 3280
3264 3282
3264 3297
3264 3300
3264 3305
3265 3267
3265 3268
3265 3277
3265 3278
3265 3283
3265 3298
3265 3306
3265 3307
3266 3269
3266 3270
3266 3279
3266 3280
3266 3284
3266 3301
3266 3308
3266 3309
3267 3271
3267 3277
3267 3281
3267 3283
3267 3302
3267 3306
3267 3310
3268 3272
3268 3278
3268 3282
3268 3283
3268 3303
3268 3307
3268 3311
3269 3271
3269 3279
3269 3281
3269 3284
3269 3304
3269 3308
3269 3312
3270 3272
3270 3280
3270 3282
3270 3284
3270 3305
3270 3309
3270 3313
3271 3272
3271 3281
3271 3283
3271 3284
3271 3310
3271 3312
3271 3314
3272 3282
3272 3283
3272 3284
3272 3311
3272 3313
3272 3314
3273 3285
3273 3286
3273 3287
3273 3290
3273 3291
3273 3315
3274 3285
3274 3288
3274 3289
3274 3292
3274 3293
3274 3316
3275 3286
3275 3288
3275 3294
3275 3296
3275 3299
3275 3317
3276 3287
3276 3289
3276 3295
3276 3297
3276 3300
3276 3318
3277 3290
3277 3294
3277 3298
3277 3302
3277 3306
3277 3319
3278 3291
3278 3295
3278 3298
3278 3303
3278 3307
3278 3320
3279 3292
3279 3296
3279 3301
3279 3304
3279 3308
3279 3321
3280 3293
3280 3297
3280 3301
3280 3305
3280 3309
3280 3322
3281 3299
3281 3302
3281 3304
3281 3310
3281 3312
3281 3323
3282 3300
3282 3303
3282 3305
3282 3311
3282 3313
3282 3324
3283 3306
3283 3307
3283 3310
3283 3311
3283 3314
3283 3325
3284 3308
3284 3309
3284 3312
3284 3313
3284 3314
3284 3326
3285 3286
3285 3287
3285 3288
3285 3289
3285 3315
3285 3316
3285 3327
3285 3328
3286 3288
3286 3290
3286 3294
3286 3315
3286 3317
3286 3327
3286 3329
3287 3289
3287 3291
3287 3295
3287 3315
3287 3318
3287 3328
3287 3330
3288 3292
3288 3296
3288 3316
3288 3317
3288 3327
3288 3331
3289 3293
3289 3297
3289 3316
3289 3318
3289 3328
3289 3332
3290 3291
3290 3294
3290 3298
3290 3315
3290 3319
3290 3329
3290 3333
3291 3295
3291 3298
3291 3315
3291 3320
3291 3330
3291 3333
3292 3293
3292 3296
3292 3301
3292 3316
3292 3321
3292 3331
3292 3334
3293 3297
3293 3301
3293 3316
3293 3322
3293 3332
3293 3334
3294 3299
3294 3302
3294 3317
3294 3319
3294 3329
3294 3335
3295 3300
3295 3303
3295 3318
3295 3320
3295 3330
3295 3336
3296 3299
3296 3304
3296 3317
3296 3321
3296 3331
3296 3337
3297 3300
3297 3305
3297 3318
3297 3322
3297 3332
3297 3338
3298 3306
3298 3307
3298 3319
3298 3320
3298 3333
3298 3339
3299 3302
3299 3304
3299 3317
3299 3323
3299 3335
3299 3337
3300 3303
3300 3305
3300 3318
3300 3324
3300 3336
3300 3338
3301 3308
3301 3309
3301 3321
3301 3322
3301 3334
3301 3340
3302 3306
3302 3310
3302 3319
3302 3323
3302 3335
3302 3341
3303 3307
3303 3311
3303 3320
3303 3324
3303 3336
3303 3342
3304 3308
3304 3312
3304 3321
3304 3323
3304 3337
3304 3343
3305 3309
3305 3313
3305 3322
3305 3324
3305 3338
3305 3344
3306 3307
3306 3310
3306 3319
3306 3325
3306 3339
3306 3341
3307 3311
3307 3320
3307 3325
3307 3339
3307 3342
3308 3309
3308 3312
3308 3321
3308 3326
3308 3340
3308 3343
3309 3313
3309 3322
3309 3326
3309 3340
3309 3344
3310 3312
3310 3314
3310 3323
3310 3325
3310 3341
3310 3345
3311 3313
3311 3314
3311 3324
3311 3325
3311 3342
3311 3346
3312 3314
3312 3323
3312 3326
3312 3343
3312 3345
3313 3314
3313 3324
3313 3326
3313 3344
3313 3346
3314 3325
3314 3326
3314 3345
3314 3346
3315 3327
3315 3328
3315 3329
3315 3330
3315 3333
3315 3347
3316 3327
3316 3328
3316 3331
3316 3332
3316 3334
3316 3348
3317 3327
3317 3329
3317 3331
3317 3335
3317 3337
3317 3349
3318 3328
3318 3330
3318 3332
3318 3336
3318 3338
3318 3350
3319 3329
3319 3333
3319 3335
3319 3339
3319 3341
3319 3351
3320 3330
3320 3333
3320 3336
3320 3339
3320 3342
3320 3352
3321 3331
3321 3334
3321 3337
3321 3340
3321 3343
3321 3353
3322 3332
3322 3334
3322 3338
3322 3340
3322 3344
3322 3354
3323 3335
3323 3337
3323 3341
3323 3343
3323 3345
3323 3355
3324 3336
3324 3338
3324 3342
3324 3344
3324 3346
3324 3356
3325 3339
3325 3341
3325 3342
3325 3345
3325 3346
3325 3357
3326 3340
3326 3343
3326 3344
3326 3345
3326 3346
3326 3358
3327 3328
3327 3329
3327 3331
3327 3347
3327 3348
3327 3349
3328 3330
3328 3332
3328 3347
3328 3348
3328 3350
3329 3333
3329 3335
3329 3347
3329 3349
3329 3351
3330 3333
3330 3336
3330 3347
3330 3350
3330 3352
3331 3334
3331 3337
3331 3348
3331 3349
3331 3353
3332 3334
3332 3338
3332 3348
3332 3350
3332 3354
3333 3339
3333 3347
3333 3351
3333 3352
3334 3340
3334 3348
3334 3353
3334 3354
3335 3337
3335 3341
3335 3349
3335 3351
3335 3355
3336 3338
3336 3342
3336 3350
3336 3352
3336 3356
3337 3343
3337 3349
3337 3353
3337 3355
3338 3344
3338 3350
3338 3354
3338 3356
3339 3341
3339 3342
3339 3351
3339 3352
3339 3357
3340 3343
3340 3344
3340 3353
3340 3354
3340 3358
3341 3345
3341 3351
3341 3355
3341 3357
3342 3346
3342 3352
3342 3356
3342 3357
3343 3345
3343 3353
3343 3355
3343 3358
3344 3346
3344 3354
3344 3356
3344 3358
3345 3346
3345 3355
3345 3357
3345 3358
3346 3356
3346 3357
3346 3358
3347 3348
3347 3349
3347 3350
3347 3351
3347 3352
3347 3359
3348 3349
3348 3350
3348 3353
3348 3354
3348 3359
3349 3351
3349 3353
3349 3355
3349 3359
3350 3352
3350 3354
3350 3356
3350 3359
3351 3352
3351 3355
3351 3357
3351 3359
3352 3356
3352 3357
3352 3359
3353 3354
3353 3355
3353 3358
3353 3359
3354 3356
3354 3358
3354 3359
3355 3357
3355 3358
3355 3359
3356 3357
3356 3358
3356 3359
3357 3358
3357 3359
3358 3359
3360 3361
3360 3362
3360 3363
3360 3364
3360 3365
3360 3366
3360 3367
3360 3368
3360 3369
3360 3370
3360 3371
3360 3372
3361 3362
3361 3363
3361 3364
3361 3365
3361 3366
3361 3373
3361 3374
3361 3375
3361 3376
3361 3379
3361 3393
3362 3363
3362 3364
3362 3367
3362 3368
3362 3373
3362 3374
3362 3377
3362 3378
3362 3380
3362 3394
3363 3365
3363 3367
3363 3369
3363 3373
3363 3375
3363 3377
3363 3381
3363 3383
3363 3395
3364 3366
3364 3368
3364 3370
3364 3374
3364 3376
3364 3378
3364 3382
3364 3384
3364 3396
3365 3366
3365 3369
3365 3371
3365 3375
3365 3379
3365 3381
3365 3385
3365 3387
3365 3397
3366 3370
3366 3371
3366 3376
3366 3379
3366 3382
3366 3385
3366 3388
3366 3398
3367 3368
3367 3369
3367 3372
3367 3377
3367 3380
3367 3383
3367 3386
3367 3389
3367 3399
3368 3370
3368 3372
3368 3378
3368 3380
3368 3384
3368 3386
3368 3390
3368 3400
3369 3371
3369 3372
3369 3381
3369 3383
3369 3387
3369 3389
3369 3391
3369 3401
3370 3371
3370 3372
3370 3382
3370 3384
3370 3388
3370 3390
3370 3392
3370 3402
3371 3372
3371 3385
3371 3387
3371 3388
3371 3391
3371 3392
3371 3403
3372 3386
3372 3389
3372 3390
3372 3391
3372 3392
3372 3404
3373 3374
3373 3375
3373 3377
3373 3393
3373 3394
3373 3395
3373 3405
3373 3406
3373 3408
3374 3376
3374 3378
3374 3393
3374 3394
3374 3396
3374 3405
3374 3407
3374 3409
3375 3379
3375 3381
3375 3393
3375 3395
3375 3397
3375 3406
3375 3410
3375 3414
3376 3379
3376 3382
3376 3393
3376 3396
3376 3398
3376 3407
3376 3411
3376 3415
3377 3380
3377 3383
3377 3394
3377 3395
3377 3399
3377 3408
3377 3412
3377 3416
3378 3380
3378 3384
3378 3394
3378 3396
3378 3400
3378 3409
3378 3413
3378 3417
3379 3385
3379 3393
3379 3397
3379 3398
3379 3410
3379 3411
3379 3418
3380 3386
3380 3394
3380 3399
3380 3400
3380 3412
3380 3413
3380 3421
3381 3383
3381 3387
3381 3395
3381 3397
3381 3401
3381 3414
3381 3419
3381 3422
3382 3384
3382 3388
3382 3396
3382 3398
3382 3402
3382 3415
3382 3420
3382 3423
3383 3389
3383 3395
3383 3399
3383 3401
3383 3416
3383 3419
3383 3424
3384 3390
3384 3396
3384 3400
3384 3402
3384 3417
3384 3420
3384 3425
3385 3387
3385 3388
3385 3397
3385 3398
3385 3403
3385 3418
3385 3426
3385 3427
3386 3389
3386 3390
3386 3399
3386 3400
3386 3404
3386 3421
3386 3428
3386 3429
3387 3391
3387 3397
3387 3401
3387 3403
3387 3422
3387 3426
3387 3430
3388 3392
3388 3398
3388 3402
3388 3403
3388 3423
3388 3427
3388 3431
3389 3391
3389 3399
3389 3401
3389 3404
3389 3424
3389 3428
3389 3432
3390 3392
3390 3400
3390 3402
3390 3404
3390 3425
3390 3429
3390 3433
3391 3392
3391 3401
3391 3403
3391 3404
3391 3430
3391 3432
3391 3434
3392 3402
3392 3403
3392 3404
3392 3431
3392 3433
3392 3434
3393 3405
3393 3406
3393 3407
3393 3410
3393 3411
3393 3435
3394 3405
3394 3408
3394 3409
3394 3412
3394 3413
3394 3436
3395 3406
3395 3408
3395 3414
3395 3416
3395 3419
3395 3437
3396 3407
3396 3409
3396 3415
3396 3417
3396 3420
3396 3438
3397 3410
3397 3414
3397 3418
3397 3422
3397 3426
3397 3439
3398 3411
3398 3415
3398 3418
3398 3423
3398 3427
3398 3440
3399 3412
3399 3416
3399 3421
3399 3424
3399 3428
3399 3441
3400 3413
3400 3417
3400 3421
3400 3425
3400 3429
3400 3442
3401 3419
3401 3422
3401 3424
3401 3430
3401 3432
3401 3443
3402 3420
3402 3423
3402 3425
3402 3431
3402 3433
3402 3444
3403 3426
3403 3427
3403 3430
3403 3431
3403 3434
3403 3445
3404 3428
3404 3429
3404 3432
3404 3433
3404 3434
3404 3446
3405 3406
3405 3407
3405 3408
3405 3409
3405 3435
3405 3436
3405 3447
3405 3448
3406 3408
3406 3410
3406 3414
3406 3435
3406 3437
3406 3447
3406 3449
3407 3409
3407 3411
3407 3415
3407 3435
3407 3438
3407 3448
3407 3450
3408 3412
3408 3416
3408 3436
3408 3437
3408 3447
3408 3451
3409 3413
3409 3417
3409 3436
3409 3438
3409 3448
3409 3452
3410 3411
3410 3414
3410 3418
3410 3435
3410 3439
3410 3449
3410 3453
3411 3415
3411 3418
3411 3435
3411 3440
3411 3450
3411 3453
3412 3413
3412 3416
3412 3421
3412 3436
3412 3441
3412 3451
3412 3454
3413 3417
3413 3421
3413 3436
3413 3442
3413 3452
3413 3454
3414 3419
3414 3422
3414 3437
3414 3439
3414 3449
3414 3455
3415 3420
3415 3423
3415 3438
3415 3440
3415 3450
3415 3456
3416 3419
3416 3424
3416 3437
3416 3441
3416 3451
3416 3457
3417 3420
3417 3425
3417 3438
3417 3442
3417 3452
3417 3458
3418 3426
3418 3427
3418 3439
3418 3440
3418 3453
3418 3459
3419 3422
3419 3424
3419 3437
3419 3443
3419 3455
3419 3457
3420 3423
3420 3425
3420 3438
3420 3444
3420 3456
3420 3458
3421 3428
3421 3429
3421 3441
3421 3442
3421 3454
3421 3460
3422 3426
3422 3430
3422 3439
3422 3443
3422 3455
3422 3461
3423 3427
3423 3431
3423 3440
3423 3444
3423 3456
3423 3462
3424 3428
3424 3432
3424 3441
3424 3443
3424 3457
3424 3463
3425 3429
3425 3433
3425 3442
3425 3444
3425 3458
3425 3464
3426 3427
3426 3430
3426 3439
3426 3445
3426 3459
3426 3461
3427 3431
3427 3440
3427 3445
3427 3459
3427 3462
3428 3429
3428 3432
3428 3441
3428 3446
3428 3460
3428 3463
3429 3433
3429 3442
3429 3446
3429 3460
3429 3464
3430 3432
3430 3434
3430 3443
3430 3445
3430 3461
3430 3465
3431 3433
3431 3434
3431 3444
3431 3445
3431 3462
3431 3466
3432 3434
3432 3443
3432 3446
3432 3463
3432 3465
3433 3434
3433 3444
3433 3446
3433 3464
3433 3466
3434 3445
3434 3446
3434 3465
3434 3466
3435 3447
3435 3448
3435 3449
3435 3450
3435 3453
3435 3467
3436 3447
3436 3448
3436 3451
3436 3452
3436 3454
3436 3468
3437 3447
3437 3449
3437 3451
3437 3455
3437 3457
3437 3469
3438 3448
3438 3450
3438 3452
3438 3456
3438 3458
3438 3470
3439 3449
3439 3453
3439 3455
3439 3459
3439 3461
3439 3471
3440 3450
3440 3453
3440 3456
3440 3459
3440 3462
3440 3472
3441 3451
3441 3454
3441 3457
3441 3460
3441 3463
3441 3473
3442 3452
3442 3454
3442 3458
3442 3460
3442 3464
3442 3474
3443 3455
3443 3457
3443 3461
3443 3463
3443 3465
3443 3475
3444 3456
3444 3458
3444 3462
3444 3464
3444 3466
3444 3476
3445 3459
3445 3461
3445 3462
3445 3465
3445 3466
3445 3477
3446 3460
3446 3463
3446 3464
3446 3465
3446 3466
3446 3478
3447 3448
3447 3449
3447 3451
3447 3467
3447 3468
3447 3469
3448 3450
3448 3452
3448 3467
3448 3468
3448 3470
3449 3453
3449 3455
3449 3467
3449 3469
3449 3471
3450 3453
3450 3456
3450 3467
3450 3470
3450 3472
3451 3454
3451 3457
3451 3468
3451 3469
3451 3473
3452 3454
3452 3458
3452 3468
3452 3470
3452 3474
3453 3459
3453 3467
3453 3471
3453 3472
3454 3460
3454 3468
3454 3473
3454 3474
3455 3457
3455 3461
3455 3469
3455 3471
3455 3475
3456 3458
3456 3462
3456 3470
3456 3472
3456 3476
3457 3463
3457 3469
3457 3473
3457 3475
3458 3464
3458 3470
3458 3474
3458 3476
3459 3461
3459 3462
3459 3471
3459 3472
3459 3477
3460 3463
3460 3464
3460 3473
3460 3474
3460 3478
3461 3465
3461 3471
3461 3475
3461 3477
3462 3466
3462 3472
3462 3476
3462 3477
3463 3465
3463 3473
3463 3475
3463 3478
3464 3466
3464 3474
3464 3476
3464 3478
3465 3466
3465 3475
3465 3477
3465 3478
3466 3476
3466 3477
3466 3478
3467 3468
3467 3469
3467 3470
3467 3471
3467 3472
3467 3479
3468 3469
3468 3470
3468 3473
3468 3474
3468 3479
3469 3471
3469 3473
3469 3475
3469 3479
3470 3472
3470 3474
3470 3476
3470 3479
3471 3472
3471 3475
3471 3477
3471 3479
3472 3476
3472 3477
3472 3479
3473 3474
3473 3475
3473 3478
3473 3479
3474 3476
3474 3478
3474 3479
3475 3477
3475 3478
3475 3479
3476 3477
3476 3478
3476 3479
3477 3478
3477 3479
3478 3479
3480 3481
3480 3482
3480 3483
3480 3484
3480 3485
3480 3486
3480 3487
3480 3488
3480 3489
3480 3490
3480 3491
3480 3492
3481 3482
3481 3483
3481 3484
3481 3485
3481 3486
3481 3493
3481 3494
3481 3495
3481 3496
3481 3499
3481 3513
3482 3483
3482 3484
3482 3487
3482 3488
3482 3493
3482 3494
3482 3497
3482 3498
3482 3500
3482 3514
3483 3485
3483 3487
3483 3489
3483 3493
3483 3495
3483 3497
3483 3501
3483 3503
3483 3515
3484 3486
3484 3488
3484 3490
3484 3494
3484 3496
3484 3498
3484 3502
3484 3504
3484 3516
3485 3486
3485 3489
3485 3491
3485 3495
3485 3499
3485 3501
3485 3505
3485 3507
3485 3517
3486 3490
3486 3491
3486 3496
3486 3499
3486 3502
3486 3505
3486 3508
3486 3518
3487 3488
3487 3489
3487 3492
3487 3497
3487 3500
3487 3503
3487 3506
3487 3509
3487 3519
3488 3490
3488 3492
3488 3498
3488 3500
3488 3504
3488 3506
3488 3510
3488 3520
3489 3491
3489 3492
3489 3501
3489 3503
3489 3507
3489 3509
3489 3511
3489 3521
3490 3491
3490 3492
3490 3502
3490 3504
3490 3508
3490 3510
3490 3512
3490 3522
3491 3492
3491 3505
3491 3507
3491 3508
3491 3511
3491 3512
3491 3523
3492 3506
3492 3509
3492 3510
3492 3511
3492 3512
3492 3524
3493 3494
3493 3495
3493 3497
3493 3513
3493 3514
3493 3515
3493 3525
3493 3526
3493 3528
3494 3496
3494 3498
3494 3513
3494 3514
3494 3516
3494 3525
3494 3527
3494 3529
3495 3499
3495 3501
3495 3513
3495 3515
3495 3517
3495 3526
3495 3530
3495 3534
3496 3499
3496 3502
3496 3513
3496 3516
3496 3518
3496 3527
3496 3531
3496 3535
3497 3500
3497 3503
3497 3514
3497 3515
3497 3519
3497 3528
3497 3532
3497 3536
3498 3500
3498 3504
3498 3514
3498 3516
3498 3520
3498 3529
3498 3533
3498 3537
3499 3505
3499 3513
3499 3517
3499 3518
3499 3530
3499 3531
3499 3538
3500 3506
3500 3514
3500 3519
3500 3520
3500 3532
3500 3533
3500 3541
3501 3503
3501 3507
3501 3515
3501 3517
3501 3521
3501 3534
3501 3539
3501 3542
3502 3504
3502 3508
3502 3516
3502 3518
3502 3522
3502 3535
3502 3540
3502 3543
3503 3509
3503 3515
3503 3519
3503 3521
3503 3536
3503 3539
3503 3544
3504 3510
3504 3516
3504 3520
3504 3522
3504 3537
3504 3540
3504 3545
3505 3507
3505 3508
3505 3517
3505 3518
3505 3523
3505 3538
3505 3546
3505 3547
3506 3509
3506 3510
3506 3519
3506 3520
3506 3524
3506 3541
3506 3548
3506 3549
3507 3511
3507 3517
3507 3521
3507 3523
3507 3542
3507 3546
3507 3550
3508 3512
3508 3518
3508 3522
3508 3523
3508 3543
3508 3547
3508 3551
3509 3511
3509 3519
3509 3521
3509 3524
3509 3544
3509 3548
3509 3552
3510 3512
3510 3520
3510 3522
3510 3524
3510 3545
3510 3549
3510 3553
3511 3512
3511 3521
3511 3523
3511 3524
3511 3550
3511 3552
3511 3554
3512 3522
3512 3523
3512 3524
3512 3551
3512 3553
3512 3554
3513 3525
3513 3526
3513 3527
3513 3530
3513 3531
3513 3555
3514 3525
3514 3528
3514 3529
3514 3532
3514 3533
3514 3556
3515 3526
3515 3528
3515 3534
3515 3536
3515 3539
3515 3557
3516 3527
3516 3529
3516 3535
3516 3537
3516 3540
3516 3558
3517 3530
3517 3534
3517 3538
3517 3542
3517 3546
3517 3559
3518 3531
3518 3535
3518 3538
3518 3543
3518 3547
3518 3560
3519 3532
3519 3536
3519 3541
3519 3544
3519 3548
3519 3561
3520 3533
3520 3537
3520 3541
3520 3545
3520 3549
3520 3562
3521 3539
3521 3542
3521 3544
3521 3550
3521 3552
3521 3563
3522 3540
3522 3543
3522 3545
3522 3551
3522 3553
3522 3564
3523 3546
3523 3547
3523 3550
3523 3551
3523 3554
3523 3565
3524 3548
3524 3549
3524 3552
3524 3553
3524 3554
3524 3566
3525 3526
3525 3527
3525 3528
3525 3529
3525 3555
3525 3556
3525 3567
3525 3568
3526 3528
3526 3530
3526 3534
3526 3555
3526 3557
3526 3567
3526 3569
3527 3529
3527 3531
3527 3535
3527 3555
3527 3558
3527 3568
3527 3570
3528 3532
3528 3536
3528 3556
3528 3557
3528 3567
3528 3571
3529 3533
3529 3537
3529 3556
3529 3558
3529 3568
3529 3572
3530 3531
3530 3534
3530 3538
3530 3555
3530 3559
3530 3569
3530 3573
3531 3535
3531 3538
3531 3555
3531 3560
3531 3570
3531 3573
3532 3533
3532 3536
3532 3541
3532 3556
3532 3561
3532 3571
3532 3574
3533 3537
3533 3541
3533 3556
3533 3562
3533 3572
3533 3574
3534 3539
3534 3542
3534 3557
3534 3559
3534 3569
3534 3575
3535 3540
3535 3543
3535 3558
3535 3560
3535 3570
3535 3576
3536 3539
3536 3544
3536 3557
3536 3561
3536 3571
3536 3577
3537 3540
3537 3545
3537 3558
3537 3562
3537 3572
3537 3578
3538 3546
3538 3547
3538 3559
3538 3560
3538 3573
3538 3579
3539 3542
3539 3544
3539 3557
3539 3563
3539 3575
3539 3577
3540 3543
3540 3545
3540 3558
3540 3564
3540 3576
3540 3578
3541 3548
3541 3549
3541 3561
3541 3562
3541 3574
3541 3580
3542 3546
3542 3550
3542 3559
3542 3563
3542 3575
3542 3581
3543 3547
3543 3551
3543 3560
3543 3564
3543 3576
3543 3582
3544 3548
3544 3552
3544 3561
3544 3563
3544 3577
3544 3583
3545 3549
3545 3553
3545 3562
3545 3564
3545 3578
3545 3584
3546 3547
3546 3550
3546 3559
3546 3565
3546 3579
3546 3581
3547 3551
3547 3560
3547 3565
3547 3579
3547 3582
3548 3549
3548 3552
3548 3561
3548 3566
3548 3580
3548 3583
3549 3553
3549 3562
3549 3566
3549 3580
3549 3584
3550 3552
3550 3554
3550 3563
3550 3565
3550 3581
3550 3585
3551 3553
3551 3554
3551 3564
3551 3565
3551 3582
3551 3586
3552 3554
3552 3563
3552 3566
3552 3583
3552 3585
3553 3554
3553 3564
3553 3566
3553 3584
3553 3586
3554 3565
3554 3566
3554 3585
3554 3586
3555 3567
3555 3568
3555 3569
3555 3570
3555 3573
3555 3587
3556 3567
3556 3568
3556 3571
3556 3572
3556 3574
3556 3588
3557 3567
3557 3569
3557 3571
3557 3575
3557 3577
3557 3589
3558 3568
3558 3570
3558 3572
3558 3576
3558 3578
3558 3590
3559 3569
3559 3573
3559 3575
3559 3579
3559 3581
3559 3591
3560 3570
3560 3573
3560 3576
3560 3579
3560 3582
3560 3592
3561 3571
3561 3574
3561 3577
3561 3580
3561 3583
3561 3593
3562 3572
3562 3574
3562 3578
3562 3580
3562 3584
3562 3594
3563 3575
3563 3577
3563 3581
3563 3583
3563 3585
3563 3595
3564 3576
3564 3578
3564 3582
3564 3584
3564 3586
3564 3596
3565 3579
3565 3581
3565 3582
3565 3585
3565 3586
3565 3597
3566 3580
3566 3583
3566 3584
3566 3585
3566 3586
3566 3598
3567 3568
3567 3569
3567 3571
3567 3587
3567 3588
3567 3589
3568 3570
3568 3572
3568 3587
3568 3588
3568 3590
3569 3573
3569 3575
3569 3587
3569 3589
3569 3591
3570 3573
3570 3576
3570 3587
3570 3590
3570 3592
3571 3574
3571 3577
3571 3588
3571 3589
3571 3593
3572 3574
3572 3578
3572 3588
3572 3590
3572 3594
3573 3579
3573 3587
3573 3591
3573 3592
3574 3580
3574 3588
3574 3593
3574 3594
3575 3577
3575 3581
3575 3589
3575 3591
3575 3595
3576 3578
3576 3582
3576 3590
3576 3592
3576 3596
3577 3583
3577 3589
3577 3593
3577 3595
3578 3584
3578 3590
3578 3594
3578 3596
3579 3581
3579 3582
3579 3591
3579 3592
3579 3597
3580 3583
3580 3584
3580 3593
3580 3594
3580 3598
3581 3585
3581 3591
3581 3595
3581 3597
3582 3586
3582 3592
3582 3596
3582 3597
3583 3585
3583 3593
3583 3595
3583 3598
3584 3586
3584 3594
3584 3596
3584 3598
3585 3586
3585 3595
3585 3597
3585 3598
3586 3596
3586 3597
3586 3598
3587 3588
3587 3589
3587 3590
3587 3591
3587 3592
3587 3599
3588 3589
3588 3590
3588 3593
3588 3594
3588 3599
3589 3591
3589 3593
3589 3595
3589 3599
3590 3592
3590 3594
3590 3596
3590 3599
3591 3592
3591 3595
3591 3597
3591 3599
3592 3596
3592 3597
3592 3599
3593 3594
3593 3595
3593 3598
3593 3599
3594 3596
3594 3598
3594 3599
3595 3597
3595 3598
3595 3599
3596 3597
3596 3598
3596 3599
3597 3598
3597 3599
3598 3599
3600 3601
3600 3602
3600 3603
3600 3604
3600 3605
3600 3606
3600 3607
3600 3608
3600 3609
3600 3610
3600 3611
3600 3612
3601 3602
3601 3603
3601 3604
3601 3605
3601 3606
3601 3613
3601 3614
3601 3615
3601 3616
3601 3619
3601 3633
3602 3603
3602 3604
3602 3607
3602 3608
3602 3613
3602 3614
3602 3617
3602 3618
3602 3620
3602 3634
3603 3605
3603 3607
3603 3609
3603 3613
3603 3615
3603 3617
3603 3621
3603 3623
3603 3635
3604 3606
3604 3608
3604 3610
3604 3614
3604 3616
3604 3618
3604 3622
3604 3624
3604 3636
3605 3606
3605 3609
3605 3611
3605 3615
3605 3619
3605 3621
3605 3625
3605 3627
3605 3637
3606 3610
3606 3611
3606 3616
3606 3619
3606 3622
3606 3625
3606 3628
3606 3638
3607 3608
3607 3609
3607 3612
3607 3617
3607 3620
3607 3623
3607 3626
3607 3629
3607 3639
3608 3610
3608 3612
3608 3618
3608 3620
3608 3624
3608 3626
3608 3630
3608 3640
3609 3611
3609 3612
3609 3621
3609 3623
3609 3627
3609 3629
3609 3631
3609 3641
3610 3611
3610 3612
3610 3622
3610 3624
3610 3628
3610 3630
3610 3632
3610 3642
3611 3612
3611 3625
3611 3627
3611 3628
3611 3631
3611 3632
3611 3643
3612 3626
3612 3629
3612 3630
3612 3631
3612 3632
3612 3644
3613 3614
3613 3615
3613 3617
3613 3633
3613 3634
3613 3635
3613 3645
3613 3646
3613 3648
3614 3616
3614 3618
3614 3633
3614 3634
3614 3636
3614 3645
3614 3647
3614 3649
3615 3619
3615 3621
3615 3633
3615 3635
3615 3637
3615 3646
3615 3650
3615 3654
3616 3619
3616 3622
3616 3633
3616 3636
3616 3638
3616 3647
3616 3651
3616 3655
3617 3620
3617 3623
3617 3634
3617 3635
3617 3639
3617 3648
3617 3652
3617 3656
3618 3620
3618 3624
3618 3634
3618 3636
3618 3640
3618 3649
3618 3653
3618 3657
3619 3625
3619 3633
3619 3637
3619 3638
3619 3650
3619 3651
3619 3658
3620 3626
3620 3634
3620 3639
3620 3640
3620 3652
3620 3653
3620 3661
3621 3623
3621 3627
3621 3635
3621 3637
3621 3641
3621 3654
3621 3659
3621 3662
3622 3624
3622 3628
3622 3636
3622 3638
3622 3642
3622 3655
3622 3660
3622 3663
3623 3629
3623 3635
3623 3639
3623 3641
3623 3656
3623 3659
3623 3664
3624 3630
3624 3636
3624 3640
3624 3642
3624 3657
3624 3660
3624 3665
3625 3627
3625 3628
3625 3637
3625 3638
3625 3643
3625 3658
3625 3666
3625 3667
3626 3629
3626 3630
3626 3639
3626 3640
3626 3644
3626 3661
3626 3668
3626 3669
3627 3631
3627 3637
3627 3641
3627 3643
3627 3662
3627 3666
3627 3670
3628 3632
3628 3638
3628 3642
3628 3643
3628 3663
3628 3667
3628 3671
3629 3631
3629 3639
3629 3641
3629 3644
3629 3664
3629 3668
3629 3672
3630 3632
3630 3640
3630 3642
3630 3644
3630 3665
3630 3669
3630 3673
3631 3632
3631 3641
3631 3643
3631 3644
3631 3670
3631 3672
3631 3674
3632 3642
3632 3643
3632 3644
3632 3671
3632 3673
3632 3674
3633 3645
3633 3646
3633 3647
3633 3650
3633 3651
3633 3675
3634 3645
3634 3648
3634 3649
3634 3652
3634 3653
3634 3676
3635 3646
3635 3648
3635 3654
3635 3656
3635 3659
3635 3677
3636 3647
3636 3649
3636 3655
3636 3657
3636 3660
3636 3678
3637 3650
3637 3654
3637 3658
3637 3662
3637 3666
3637 3679
3638 3651
3638 3655
3638 3658
3638 3663
3638 3667
3638 3680
3639 3652
3639 3656
3639 3661
3639 3664
3639 3668
3639 3681
3640 3653
3640 3657
3640 3661
3640 3665
3640 3669
3640 3682
3641 3659
3641 3662
3641 3664
3641 3670
3641 3672
3641 3683
3642 3660
3642 3663
3642 3665
3642 3671
3642 3673
3642 3684
3643 3666
3643 3667
3643 3670
3643 3671
3643 3674
3643 3685
3644 3668
3644 3669
3644 3672
3644 3673
3644 3674
3644 3686
3645 3646
3645 3647
3645 3648
3645 3649
3645 3675
3645 3676
3645 3687
3645 3688
3646 3648
3646 3650
3646 3654
3646 3675
3646 3677
3646 3687
3646 3689
3647 3649
3647 3651
3647 3655
3647 3675
3647 3678
3647 3688
3647 3690
3648 3652
3648 3656
3648 3676
3648 3677
3648 3687
3648 3691
3649 3653
3649 3657
3649 3676
3649 3678
3649 3688
3649 3692
3650 3651
3650 3654
3650 3658
3650 3675
3650 3679
3650 3689
3650 3693
3651 3655
3651 3658
3651 3675
3651 3680
3651 3690
3651 3693
3652 3653
3652 3656
3652 3661
3652 3676
3652 3681
3652 3691
3652 3694
3653 3657
3653 3661
3653 3676
3653 3682
3653 3692
3653 3694
3654 3659
3654 3662
3654 3677
3654 3679
3654 3689
3654 3695
3655 3660
3655 3663
3655 3678
3655 3680
3655 3690
3655 3696
3656 3659
3656 3664
3656 3677
3656 3681
3656 3691
3656 3697
3657 3660
3657 3665
3657 3678
3657 3682
3657 3692
3657 3698
3658 3666
3658 3667
3658 3679
3658 3680
3658 3693
3658 3699
3659 3662
3659 3664
3659 3677
3659 3683
3659 3695
3659 3697
3660 3663
3660 3665
3660 3678
3660 3684
3660 3696
3660 3698
3661 3668
3661 3669
3661 3681
3661 3682
3661 3694
3661 3700
3662 3666
3662 3670
3662 3679
3662 3683
3662 3695
3662 3701
3663 3667
3663 3671
3663 3680
3663 3684
3663 3696
3663 3702
3664 3668
3664 3672
3664 3681
3664 3683
3664 3697
3664 3703
3665 3669
3665 3673
3665 3682
3665 3684
3665 3698
3665 3704
3666 3667
3666 3670
3666 3679
3666 3685
3666 3699
3666 3701
3667 3671
3667 3680
3667 3685
3667 3699
3667 3702
3668 3669
3668 3672
3668 3681
3668 3686
3668 3700
3668 3703
3669 3673
3669 3682
3669 3686
3669 3700
3669 3704
3670 3672
3670 3674
3670 3683
3670 3685
3670 3701
3670 3705
3671 3673
3671 3674
3671 3684
3671 3685
3671 3702
3671 3706
3672 3674
3672 3683
3672 3686
3672 3703
3672 3705
3673 3674
3673 3684
3673 3686
3673 3704
3673 3706
3674 3685
3674 3686
3674 3705
3674 3706
3675 3687
3675 3688
3675 3689
3675 3690
3675 3693
3675 3707
3676 3687
3676 3688
3676 3691
3676 3692
3676 3694
3676 3708
3677 3687
3677 3689
3677 3691
3677 3695
3677 3697
3677 3709
3678 3688
3678 3690
3678 3692
3678 3696
3678 3698
3678 3710
3679 3689
3679 3693
3679 3695
3679 3699
3679 3701
3679 3711
3680 3690
3680 3693
3680 3696
3680 3699
3680 3702
3680 3712
3681 3691
3681 3694
3681 3697
3681 3700
3681 3703
3681 3713
3682 3692
3682 3694
3682 3698
3682 3700
3682 3704
3682 3714
3683 3695
3683 3697
3683 3701
3683 3703
3683 3705
3683 3715
3684 3696
3684 3698
3684 3702
3684 3704
3684 3706
3684 3716
3685 3699
3685 3701
3685 3702
3685 3705
3685 3706
3685 3717
3686 3700
3686 3703
3686 3704
3686 3705
3686 3706
3686 3718
3687 3688
3687 3689
3687 3691
3687 3707
3687 3708
3687 3709
3688 3690
3688 3692
3688 3707
3688 3708
3688 3710
3689 3693
3689 3695
3689 3707
3689 3709
3689 3711
3690 3693
3690 3696
3690 3707
3690 3710
3690 3712
3691 3694
3691 3697
3691 3708
3691 3709
3691 3713
3692 3694
3692 3698
3692 3708
3692 3710
3692 3714
3693 3699
3693 3707
3693 3711
3693 3712
3694 3700
3694 3708
3694 3713
3694 3714
3695 3697
3695 3701
3695 3709
3695 3711
3695 3715
3696 3698
3696 3702
3696 3710
3696 3712
3696 3716
3697 3703
3697 3709
3697 3713
3697 3715
3698 3704
3698 3710
3698 3714
3698 3716
3699 3701
3699 3702
3699 3711
3699 3712
3699 3717
3700 3703
3700 3704
3700 3713
3700 3714
3700 3718
3701 3705
3701 3711
3701 3715
3701 3717
3702 3706
3702 3712
3702 3716
3702 3717
3703 3705
3703 3713
3703 3715
3703 3718
3704 3706
3704 3714
3704 3716
3704 3718
3705 3706
3705 3715
3705 3717
3705 3718
3706 3716
3706 3717
3706 3718
3707 3708
3707 3709
3707 3710
3707 3711
3707 3712
3707 3719
3708 3709
3708 3710
3708 3713
3708 3714
3708 3719
3709 3711
3709 3713
3709 3715
3709 3719
3710 3712
3710 3714
3710 3716
3710 3719
3711 3712
3711 3715
3711 3717
3711 3719
3712 3716
3712 3717
3712 3719
3713 3714
3713 3715
3713 3718
3713 3719
3714 3716
3714 3718
3714 3719
3715 3717
3715 3718
3715 3719
3716 3717
3716 3718
3716 3719
3717 3718
3717 3719
3718 3719
3720 3721
3720 3722
3720 3723
3720 3724
3720 3725
3720 3726
3720 3727
3720 3728
3720 3729
3720 3730
3720 3731
3720 3732
3721 3722
3721 3723
3721 3724
3721 3725
3721 3726
3721 3733
3721 3734
3721 3735
3721 3736
3721 3739
3721 3753
3722 3723
3722 3724
3722 3727
3722 3728
3722 3733
3722 3734
3722 3737
3722 3738
3722 3740
3722 3754
3723 3725
3723 3727
3723 3729
3723 3733
3723 3735
3723 3737
3723 3741
3723 3743
3723 3755
3724 3726
3724 3728
3724 3730
3724 3734
3724 3736
3724 3738
3724 3742
3724 3744
3724 3756
3725 3726
3725 3729
3725 3731
3725 3735
3725 3739
3725 3741
3725 3745
3725 3747
3725 3757
3726 3730
3726 3731
3726 3736
3726 3739
3726 3742
3726 3745
3726 3748
3726 3758
3727 3728
3727 3729
3727 3732
3727 3737
3727 3740
3727 3743
3727 3746
3727 3749
3727 3759
3728 3730
3728 3732
3728 3738
3728 3740
3728 3744
3728 3746
3728 3750
3728 3760
3729 3731
3729 3732
3729 3741
3729 3743
3729 3747
3729 3749
3729 3751
3729 3761
3730 3731
3730 3732
3730 3742
3730 3744
3730 3748
3730 3750
3730 3752
3730 3762
3731 3732
3731 3745
3731 3747
3731 3748
3731 3751
3731 3752
3731 3763
3732 3746
3732 3749
3732 3750
3732 3751
3732 3752
3732 3764
3733 3734
3733 3735
3733 3737
3733 3753
3733 3754
3733 3755
3733 3765
3733 3766
3733 3768
3734 3736
3734 3738
3734 3753
3734 3754
3734 3756
3734 3765
3734 3767
3734 3769
3735 3739
3735 3741
3735 3753
3735 3755
3735 3757
3735 3766
3735 3770
3735 3774
3736 3739
3736 3742
3736 3753
3736 3756
3736 3758
3736 3767
3736 3771
3736 3775
3737 3740
3737 3743
3737 3754
3737 3755
3737 3759
3737 3768
3737 3772
3737 3776
3738 3740
3738 3744
3738 3754
3738 3756
3738 3760
3738 3769
3738 3773
3738 3777
3739 3745
3739 3753
3739 3757
3739 3758
3739 3770
3739 3771
3739 3778
3740 3746
3740 3754
3740 3759
3740 3760
3740 3772
3740 3773
3740 3781
3741 3743
3741 3747
3741 3755
3741 3757
3741 3761
3741 3774
3741 3779
3741 3782
3742 3744
3742 3748
3742 3756
3742 3758
3742 3762
3742 3775
3742 3780
3742 3783
3743 3749
3743 3755
3743 3759
3743 3761
3743 3776
3743 3779
3743 3784
3744 3750
3744 3756
3744 3760
3744 3762
3744 3777
3744 3780
3744 3785
3745 3747
3745 3748
3745 3757
3745 3758
3745 3763
3745 3778
3745 3786
3745 3787
3746 3749
3746 3750
3746 3759
3746 3760
3746 3764
3746 3781
3746 3788
3746 3789
3747 3751
3747 3757
3747 3761
3747 3763
3747 3782
3747 3786
3747 3790
3748 3752
3748 3758
3748 3762
3748 3763
3748 3783
3748 3787
3748 3791
3749 3751
3749 3759
3749 3761
3749 3764
3749 3784
3749 3788
3749 3792
3750 3752
3750 3760
3750 3762
3750 3764
3750 3785
3750 3789
3750 3793
3751 3752
3751 3761
3751 3763
3751 3764
3751 3790
3751 3792
3751 3794
3752 3762
3752 3763
3752 3764
3752 3791
3752 3793
3752 3794
3753 3765
3753 3766
3753 3767
3753 3770
3753 3771
3753 3795
3754 3765
3754 3768
3754 3769
3754 3772
3754 3773
3754 3796
3755 3766
3755 3768
3755 3774
3755 3776
3755 3779
3755 3797
3756 3767
3756 3769
3756 3775
3756 3777
3756 3780
3756 3798
3757 3770
3757 3774
3757 3778
3757 3782
3757 3786
3757 3799
3758 3771
3758 3775
3758 3778
3758 3783
3758 3787
3758 3800
3759 3772
3759 3776
3759 3781
3759 3784
3759 3788
3759 3801
3760 3773
3760 3777
3760 3781
3760 3785
3760 3789
3760 3802
3761 3779
3761 3782
3761 3784
3761 3790
3761 3792
3761 3803
3762 3780
3762 3783
3762 3785
3762 3791
3762 3793
3762 3804
3763 3786
3763 3787
3763 3790
3763 3791
3763 3794
3763 3805
3764 3788
3764 3789
3764 3792
3764 3793
3764 3794
3764 3806
3765 3766
3765 3767
3765 3768
3765 3769
3765 3795
3765 3796
3765 3807
3765 3808
3766 3768
3766 3770
3766 3774
3766 3795
3766 3797
3766 3807
3766 3809
3767 3769
3767 3771
3767 3775
3767 3795
3767 3798
3767 3808
3767 3810
3768 3772
3768 3776
3768 3796
3768 3797
3768 3807
3768 3811
3769 3773
3769 3777
3769 3796
3769 3798
3769 3808
3769 3812
3770 3771
3770 3774
3770 3778
3770 3795
3770 3799
3770 3809
3770 3813
3771 3775
3771 3778
3771 3795
3771 3800
3771 3810
3771 3813
3772 3773
3772 3776
3772 3781
3772 3796
3772 3801
3772 3811
3772 3814
3773 3777
3773 3781
3773 3796
3773 3802
3773 3812
3773 3814
3774 3779
3774 3782
3774 3797
3774 3799
3774 3809
3774 3815
3775 3780
3775 3783
3775 3798
3775 3800
3775 3810
3775 3816
3776 3779
3776 3784
3776 3797
3776 3801
3776 3811
3776 3817
3777 3780
3777 3785
3777 3798
3777 3802
3777 3812
3777 3818
3778 3786
3778 3787
3778 3799
3778 3800
3778 3813
3778 3819
3779 3782
3779 3784
3779 3797
3779 3803
3779 3815
3779 3817
3780 3783
3780 3785
3780 3798
3780 3804
3780 3816
3780 3818
3781 3788
3781 3789
3781 3801
3781 3802
3781 3814
3781 3820
3782 3786
3782 3790
3782 3799
3782 3803
3782 3815
3782 3821
3783 3787
3783 3791
3783 3800
3783 3804
3783 3816
3783 3822
3784 3788
3784 3792
3784 3801
3784 3803
3784 3817
3784 3823
3785 3789
3785 3793
3785 3802
3785 3804
3785 3818
3785 3824
3786 3787
3786 3790
3786 3799
3786 3805
3786 3819
3786 3821
3787 3791
3787 3800
3787 3805
3787 3819
3787 3822
3788 3789
3788 3792
3788 3801
3788 3806
3788 3820
3788 3823
3789 3793
3789 3802
3789 3806
3789 3820
3789 3824
3790 3792
3790 3794
3790 3803
3790 3805
3790 3821
3790 3825
3791 3793
3791 3794
3791 3804
3791 3805
3791 3822
3791 3826
3792 3794
3792 3803
3792 3806
3792 3823
3792 3825
3793 3794
3793 3804
3793 3806
3793 3824
3793 3826
3794 3805
3794 3806
3794 3825
3794 3826
3795 3807
3795 3808
3795 3809
3795 3810
3795 3813
3795 3827
3796 3807
3796 3808
3796 3811
3796 3812
3796 3814
3796 3828
3797 3807
3797 3809
3797 3811
3797 3815
3797 3817
3797 3829
3798 3808
3798 3810
3798 3812
3798 3816
3798 3818
3798 3830
3799 3809
3799 3813
3799 3815
3799 3819
3799 3821
3799 3831
3800 3810
3800 3813
3800 3816
3800 3819
3800 3822
3800 3832
3801 3811
3801 3814
3801 3817
3801 3820
3801 3823
3801 3833
3802 3812
3802 3814
3802 3818
3802 3820
3802 3824
3802 3834
3803 3815
3803 3817
3803 3821
3803 3823
3803 3825
3803 3835
3804 3816
3804 3818
3804 3822
3804 3824
3804 3826
3804 3836
3805 3819
3805 3821
3805 3822
3805 3825
3805 3826
3805 3837
3806 3820
3806 3823
3806 3824
3806 3825
3806 3826
3806 3838
3807 3808
3807 3809
3807 3811
3807 3827
3807 3828
3807 3829
3808 3810
3808 3812
3808 3827
3808 3828
3808 3830
3809 3813
3809 3815
3809 3827
3809 3829
3809 3831
3810 3813
3810 3816
3810 3827
3810 3830
3810 3832
3811 3814
3811 3817
3811 3828
3811 3829
3811 3833
3812 3814
3812 3818
3812 3828
3812 3830
3812 3834
3813 3819
3813 3827
3813 3831
3813 3832
3814 3820
3814 3828
3814 3833
3814 3834
3815 3817
3815 3821
3815 3829
3815 3831
3815 3835
3816 3818
3816 3822
3816 3830
3816 3832
3816 3836
3817 3823
3817 3829
3817 3833
3817 3835
3818 3824
3818 3830
3818 3834
3818 3836
3819 3821
3819 3822
3819 3831
3819 3832
3819 3837
3820 3823
3820 3824
3820 3833
3820 3834
3820 3838
3821 3825
3821 3831
3821 3835
3821 3837
3822 3826
3822 3832
3822 3836
3822 3837
3823 3825
3823 3833
3823 3835
3823 3838
3824 3826
3824 3834
3824 3836
3824 3838
3825 3826
3825 3835
3825 3837
3825 3838
3826 3836
3826 3837
3826 3838
3827 3828
3827 3829
3827 3830
3827 3831
3827 3832
3827 3839
3828 3829
3828 3830
3828 3833
3828 3834
3828 3839
3829 3831
3829 3833
3829 3835
3829 3839
3830 3832
3830 3834
3830 3836
3830 3839
3831 3832
3831 3835
3831 3837
3831 3839
3832 3836
3832 3837
3832 3839
3833 3834
3833 3835
3833 3838
3833 3839
3834 3836
3834 3838
3834 3839
3835 3837
3835 3838
3835 3839
3836 3837
3836 3838
3836 3839
3837 3838
3837 3839
3838 3839
3840 3841
3840 3842
3840 3843
3840 3844
3840 3845
3840 3846
3840 3847
3840 3848
3840 3849
3840 3850
3840 3851
3840 3852
3841 3842
3841 3843
3841 3844
3841 3845
3841 3846
3841 3853
3841 3854
3841 3855
3841 3856
3841 3859
3841 3873
3842 3843
3842 3844
3842 3847
3842 3848
3842 3853
3842 3854
3842 3857
3842 3858
3842 3860
3842 3874
3843 3845
3843 3847
3843 3849
3843 3853
3843 3855
3843 3857
3843 3861
3843 3863
3843 3875
3844 3846
3844 3848
3844 3850
3844 3854
3844 3856
3844 3858
3844 3862
3844 3864
3844 3876
3845 3846
3845 3849
3845 3851
3845 3855
3845 3859
3845 3861
3845 3865
3845 3867
3845 3877
3846 3850
3846 3851
3846 3856
3846 3859
3846 3862
3846 3865
3846 3868
3846 3878
3847 3848
3847 3849
3847 3852
3847 3857
3847 3860
3847 3863
3847 3866
3847 3869
3847 3879
3848 3850
3848 3852
3848 3858
3848 3860
3848 3864
3848 3866
3848 3870
3848 3880
3849 3851
3849 3852
3849 3861
3849 3863
3849 3867
3849 3869
3849 3871
3849 3881
3850 3851
3850 3852
3850 3862
3850 3864
3850 3868
3850 3870
3850 3872
3850 3882
3851 3852
3851 3865
3851 3867
3851 3868
3851 3871
3851 3872
3851 3883
3852 3866
3852 3869
3852 3870
3852 3871
3852 3872
3852 3884
3853 3854
3853 3855
3853 3857
3853 3873
3853 3874
3853 3875
3853 3885
3853 3886
3853 3888
3854 3856
3854 3858
3854 3873
3854 3874
3854 3876
3854 3885
3854 3887
3854 3889
3855 3859
3855 3861
3855 3873
3855 3875
3855 3877
3855 3886
3855 3890
3855 3894
3856 3859
3856 3862
3856 3873
3856 3876
3856 3878
3856 3887
3856 3891
3856 3895
3857 3860
3857 3863
3857 3874
3857 3875
3857 3879
3857 3888
3857 3892
3857 3896
3858 3860
3858 3864
3858 3874
3858 3876
3858 3880
3858 3889
3858 3893
3858 3897
3859 3865
3859 3873
3859 3877
3859 3878
3859 3890
3859 3891
3859 3898
3860 3866
3860 3874
3860 3879
3860 3880
3860 3892
3860 3893
3860 3901
3861 3863
3861 3867
3861 3875
3861 3877
3861 3881
3861 3894
3861 3899
3861 3902
3862 3864
3862 3868
3862 3876
3862 3878
3862 3882
3862 3895
3862 3900
3862 3903
3863 3869
3863 3875
3863 3879
3863 3881
3863 3896
3863 3899
3863 3904
3864 3870
3864 3876
3864 3880
3864 3882
3864 3897
3864 3900
3864 3905
3865 3867
3865 3868
3865 3877
3865 3878
3865 3883
3865 3898
3865 3906
3865 3907
3866 3869
3866 3870
3866 3879
3866 3880
3866 3884
3866 3901
3866 3908
3866 3909
3867 3871
3867 3877
3867 3881
3867 3883
3867 3902
3867 3906
3867 3910
3868 3872
3868 3878
3868 3882
3868 3883
3868 3903
3868 3907
3868 3911
3869 3871
3869 3879
3869 3881
3869 3884
3869 3904
3869 3908
3869 3912
3870 3872
3870 3880
3870 3882
3870 3884
3870 3905
3870 3909
3870 3913
3871 3872
3871 3881
3871 3883
3871 3884
3871 3910
3871 3912
3871 3914
3872 3882
3872 3883
3872 3884
3872 3911
3872 3913
3872 3914
3873 3885
3873 3886
3873 3887
3873 3890
3873 3891
3873 3915
3874 3885
3874 3888
3874 3889
3874 3892
3874 3893
3874 3916
3875 3886
3875 3888
3875 3894
3875 3896
3875 3899
3875 3917
3876 3887
3876 3889
3876 3895
3876 3897
3876 3900
3876 3918
3877 3890
3877 3894
3877 3898
3877 3902
3877 3906
3877 3919
3878 3891
3878 3895
3878 3898
3878 3903
3878 3907
3878 3920
3879 3892
3879 3896
3879 3901
3879 3904
3879 3908
3879 3921
3880 3893
3880 3897
3880 3901
3880 3905
3880 3909
3880 3922
3881 3899
3881 3902
3881 3904
3881 3910
3881 3912
3881 3923
3882 3900
3882 3903
3882 3905
3882 3911
3882 3913
3882 3924
3883 3906
3883 3907
3883 3910
3883 3911
3883 3914
3883 3925
3884 3908
3884 3909
3884 3912
3884 3913
3884 3914
3884 3926
3885 3886
3885 3887
3885 3888
3885 3889
3885 3915
3885 3916
3885 3927
3885 3928
3886 3888
3886 3890
3886 3894
3886 3915
3886 3917
3886 3927
3886 3929
3887 3889
3887 3891
3887 3895
3887 3915
3887 3918
3887 3928
3887 3930
3888 3892
3888 3896
3888 3916
3888 3917
3888 3927
3888 3931
3889 3893
3889 3897
3889 3916
3889 3918
3889 3928
3889 3932
3890 3891
3890 3894
3890 3898
3890 3915
3890 3919
3890 3929
3890 3933
3891 3895
3891 3898
3891 3915
3891 3920
3891 3930
3891 3933
3892 3893
3892 3896
3892 3901
3892 3916
3892 3921
3892 3931
3892 3934
3893 3897
3893 3901
3893 3916
3893 3922
3893 3932
3893 3934
3894 3899
3894 3902
3894 3917
3894 3919
3894 3929
3894 3935
3895 3900
3895 3903
3895 3918
3895 3920
3895 3930
3895 3936
3896 3899
3896 3904
3896 3917
3896 3921
3896 3931
3896 3937
3897 3900
3897 3905
3897 3918
3897 3922
3897 3932
3897 3938
3898 3906
3898 3907
3898 3919
3898 3920
3898 3933
3898 3939
3899 3902
3899 3904
3899 3917
3899 3923
3899 3935
3899 3937
3900 3903
3900 3905
3900 3918
3900 3924
3900 3936
3900 3938
3901 3908
3901 3909
3901 3921
3901 3922
3901 3934
3901 3940
3902 3906
3902 3910
3902 3919
3902 3923
3902 3935
3902 3941
3903 3907
3903 3911
3903 3920
3903 3924
3903 3936
3903 3942
3904 3908
3904 3912
3904 3921
3904 3923
3904 3937
3904 3943
3905 3909
3905 3913
3905 3922
3905 3924
3905 3938
3905 3944
3906 3907
3906 3910
3906 3919
3906 3925
3906 3939
3906 3941
3907 3911
3907 3920
3907 3925
3907 3939
3907 3942
3908 3909
3908 3912
3908 3921
3908 3926
3908 3940
3908 3943
3909 3913
3909 3922
3909 3926
3909 3940
3909 3944
3910 3912
3910 3914
3910 3923
3910 3925
3910 3941
3910 3945
3911 3913
3911 3914
3911 3924
3911 3925
3911 3942
3911 3946
3912 3914
3912 3923
3912 3926
3912 3943
3912 3945
3913 3914
3913 3924
3913 3926
3913 3944
3913 3946
3914 3925
3914 3926
3914 3945
3914 3946
3915 3927
3915 3928
3915 3929
3915 3930
3915 3933
3915 3947
3916 3927
3916 3928
3916 3931
3916 3932
3916 3934
3916 3948
3917 3927
3917 3929
3917 3931
3917 3935
3917 3937
3917 3949
3918 3928
3918 3930
3918 3932
3918 3936
3918 3938
3918 3950
3919 3929
3919 3933
3919 3935
3919 3939
3919 3941
3919 3951
3920 3930
3920 3933
3920 3936
3920 3939
3920 3942
3920 3952
3921 3931
3921 3934
3921 3937
3921 3940
3921 3943
3921 3953
3922 3932
3922 3934
3922 3938
3922 3940
3922 3944
3922 3954
3923 3935
3923 3937
3923 3941
3923 3943
3923 3945
3923 3955
3924 3936
3924 3938
3924 3942
3924 3944
3924 3946
3924 3956
3925 3939
3925 3941
3925 3942
3925 3945
3925 3946
3925 3957
3926 3940
3926 3943
3926 3944
3926 3945
3926 3946
3926 3958
3927 3928
3927 3929
3927 3931
3927 3947
3927 3948
3927 3949
3928 3930
3928 3932
3928 3947
3928 3948
3928 3950
3929 3933
3929 3935
3929 3947
3929 3949
3929 3951
3930 3933
3930 3936
3930 3947
3930 3950
3930 3952
3931 3934
3931 3937
3931 3948
3931 3949
3931 3953
3932 3934
3932 3938
3932 3948
3932 3950
3932 3954
3933 3939
3933 3947
3933 3951
3933 3952
3934 3940
3934 3948
3934 3953
3934 3954
3935 3937
3935 3941
3935 3949
3935 3951
3935 3955
3936 3938
3936 3942
3936 3950
3936 3952
3936 3956
3937 3943
3937 3949
3937 3953
3937 3955
3938 3944
3938 3950
3938 3954
3938 3956
3939 3941
3939 3942
3939 3951
3939 3952
3939 3957
3940 3943
3940 3944
3940 3953
3940 3954
3940 3958
3941 3945
3941 3951
3941 3955
3941 3957
3942 3946
3942 3952
3942 3956
3942 3957
3943 3945
3943 3953
3943 3955
3943 3958
3944 3946
3944 3954
3944 3956
3944 3958
3945 3946
3945 3955
3945 3957
3945 3958
3946 3956
3946 3957
3946 3958
3947 3948
3947 3949
3947 3950
3947 3951
3947 3952
3947 3959
3948 3949
3948 3950
3948 3953
3948 3954
3948 3959
3949 3951
3949 3953
3949 3955
3949 3959
3950 3952
3950 3954
3950 3956
3950 3959
3951 3952
3951 3955
3951 3957
3951 3959
3952 3956
3952 3957
3952 3959
3953 3954
3953 3955
3953 3958
3953 3959
3954 3956
3954 3958
3954 3959
3955 3957
3955 3958
3955 3959
3956 3957
3956 3958
3956 3959
3957 3958
3957 3959
3958 3959
3960 3961
3960 3962
3960 3963
3960 3964
3960 3965
3960 3966
3960 3967
3960 3968
3960 3969
3960 3970
3960 3971
3960 3972
3961 3962
3961 3963
3961 3964
3961 3965
3961 3966
3961 3973
3961 3974
3961 3975
3961 3976
3961 3979
3961 3993
3962 3963
3962 3964
3962 3967
3962 3968
3962 3973
3962 3974
3962 3977
3962 3978
3962 3980
3962 3994
3963 3965
3963 3967
3963 3969
3963 3973
3963 3975
3963 3977
3963 3981
3963 3983
3963 3995
3964 3966
3964 3968
3964 3970
3964 3974
3964 3976
3964 3978
3964 3982
3964 3984
3964 3996
3965 3966
3965 3969
3965 3971
3965 3975
3965 3979
3965 3981
3965 3985
3965 3987
3965 3997
3966 3970
3966 3971
3966 3976
3966 3979
3966 3982
3966 3985
3966 3988
3966 3998
3967 3968
3967 3969
3967 3972
3967 3977
3967 3980
3967 3983
3967 3986
3967 3989
3967 3999
3968 3970
3968 3972
3968 3978
3968 3980
3968 3984
3968 3986
3968 3990
3968 4000
3969 3971
3969 3972
3969 3981
3969 3983
3969 3987
3969 3989
3969 3991
3969 4001
3970 3971
3970 3972
3970 3982
3970 3984
3970 3988
3970 3990
3970 3992
3970 4002
3971 3972
3971 3985
3971 3987
3971 3988
3971 3991
3971 3992
3971 4003
3972 3986
3972 3989
3972 3990
3972 3991
3972 3992
3972 4004
3973 3974
3973 3975
3973 3977
3973 3993
3973 3994
3973 3995
3973 4005
3973 4006
3973 4008
3974 3976
3974 3978
3974 3993
3974 3994
3974 3996
3974 4005
3974 4007
3974 4009
3975 3979
3975 3981
3975 3993
3975 3995
3975 3997
3975 4006
3975 4010
3975 4014
3976 3979
3976 3982
3976 3993
3976 3996
3976 3998
3976 4007
3976 4011
3976 4015
3977 3980
3977 3983
3977 3994
3977 3995
3977 3999
3977 4008
3977 4012
3977 4016
3978 3980
3978 3984
3978 3994
3978 3996
3978 4000
3978 4009
3978 4013
3978 4017
3979 3985
3979 3993
3979 3997
3979 3998
3979 4010
3979 4011
3979 4018
3980 3986
3980 3994
3980 3999
3980 4000
3980 4012
3980 4013
3980 4021
3981 3983
3981 3987
3981 3995
3981 3997
3981 4001
3981 4014
3981 4019
3981 4022
3982 3984
3982 3988
3982 3996
3982 3998
3982 4002
3982 4015
3982 4020
3982 4023
3983 3989
3983 3995
3983 3999
3983 4001
3983 4016
3983 4019
3983 4024
3984 3990
3984 3996
3984 4000
3984 4002
3984 4017
3984 4020
3984 4025
3985 3987
3985 3988
3985 3997
3985 3998
3985 4003
3985 4018
3985 4026
3985 4027
3986 3989
3986 3990
3986 3999
3986 4000
3986 4004
3986 4021
3986 4028
3986 4029
3987 3991
3987 3997
3987 4001
3987 4003
3987 4022
3987 4026
3987 4030
3988 3992
3988 3998
3988 4002
3988 4003
3988 4023
3988 4027
3988 4031
3989 3991
3989 3999
3989 4001
3989 4004
3989 4024
3989 4028
3989 4032
3990 3992
3990 4000
3990 4002
3990 4004
3990 4025
3990 4029
3990 4033
3991 3992
3991 4001
3991 4003
3991 4004
3991 4030
3991 4032
3991 4034
3992 4002
3992 4003
3992 4004
3992 4031
3992 4033
3992 4034
3993 4005
3993 4006
3993 4007
3993 4010
3993 4011
3993 4035
3994 4005
3994 4008
3994 4009
3994 4012
3994 4013
3994 4036
3995 4006
3995 4008
3995 4014
3995 4016
3995 4019
3995 4037
3996 4007
3996 4009
3996 4015
3996 4017
3996 4020
3996 4038
3997 4010
3997 4014
3997 4018
3997 4022
3997 4026
3997 4039
3998 4011
3998 4015
3998 4018
3998 4023
3998 4027
3998 4040
3999 4012
3999 4016
3999 4021
3999 4024
3999 4028
3999 4041
4000 4013
4000 4017
4000 4021
4000 4025
4000 4029
4000 4042
4001 4019
4001 4022
4001 4024
4001 4030
4001 4032
4001 4043
4002 4020
4002 4023
4002 4025
4002 4031
4002 4033
4002 4044
4003 4026
4003 4027
4003 4030
4003 4031
4003 4034
4003 4045
4004 4028
4004 4029
4004 4032
4004 4033
4004 4034
4004 4046
4005 4006
4005 4007
4005 4008
4005 4009
4005 4035
4005 4036
4005 4047
4005 4048
4006 4008
4006 4010
4006 4014
4006 4035
4006 4037
4006 4047
4006 4049
4007 4009
4007 4011
4007 4015
4007 4035
4007 4038
4007 4048
4007 4050
4008 4012
4008 4016
4008 4036
4008 4037
4008 4047
4008 4051
4009 4013
4009 4017
4009 4036
4009 4038
4009 4048
4009 4052
4010 4011
4010 4014
4010 4018
4010 4035
4010 4039
4010 4049
4010 4053
4011 4015
4011 4018
4011 4035
4011 4040
4011 4050
4011 4053
4012 4013
4012 4016
4012 4021
4012 4036
4012 4041
4012 4051
4012 4054
4013 4017
4013 4021
4013 4036
4013 4042
4013 4052
4013 4054
4014 4019
4014 4022
4014 4037
4014 4039
4014 4049
4014 4055
4015 4020
4015 4023
4015 4038
4015 4040
4015 4050
4015 4056
4016 4019
4016 4024
4016 4037
4016 4041
4016 4051
4016 4057
4017 4020
4017 4025
4017 4038
4017 4042
4017 4052
4017 4058
4018 4026
4018 4027
4018 4039
4018 4040
4018 4053
4018 4059
4019 4022
4019 4024
4019 4037
4019 4043
4019 4055
4019 4057
4020 4023
4020 4025
4020 4038
4020 4044
4020 4056
4020 4058
4021 4028
4021 4029
4021 4041
4021 4042
4021 4054
4021 4060
4022 4026
4022 4030
4022 4039
4022 4043
4022 4055
4022 4061
4023 4027
4023 4031
4023 4040
4023 4044
4023 4056
4023 4062
4024 4028
4024 4032
4024 4041
4024 4043
4024 4057
4024 4063
4025 4029
4025 4033
4025 4042
4025 4044
4025 4058
4025 4064
4026 4027
4026 4030
4026 4039
4026 4045
4026 4059
4026 4061
4027 4031
4027 4040
4027 4045
4027 4059
4027 4062
4028 4029
4028 4032
4028 4041
4028 4046
4028 4060
4028 4063
4029 4033
4029 4042
4029 4046
4029 4060
4029 4064
4030 4032
4030 4034
4030 4043
4030 4045
4030 4061
4030 4065
4031 4033
4031 4034
4031 4044
4031 4045
4031 4062
4031 4066
4032 4034
4032 4043
4032 4046
4032 4063
4032 4065
4033 4034
4033 4044
4033 4046
4033 4064
4033 4066
4034 4045
4034 4046
4034 4065
4034 4066
4035 4047
4035 4048
4035 4049
4035 4050
4035 4053
4035 4067
4036 4047
4036 4048
4036 4051
4036 4052
4036 4054
4036 4068
4037 4047
4037 4049
4037 4051
4037 4055
4037 4057
4037 4069
4038 4048
4038 4050
4038 4052
4038 4056
4038 4058
4038 4070
4039 4049
4039 4053
4039 4055
4039 4059
4039 4061
4039 4071
4040 4050
4040 4053
4040 4056
4040 4059
4040 4062
4040 4072
4041 4051
4041 4054
4041 4057
4041 4060
4041 4063
4041 4073
4042 4052
4042 4054
4042 4058
4042 4060
4042 4064
4042 4074
4043 4055
4043 4057
4043 4061
4043 4063
4043 4065
4043 4075
4044 4056
4044 4058
4044 4062
4044 4064
4044 4066
4044 4076
4045 4059
4045 4061
4045 4062
4045 4065
4045 4066
4045 4077
4046 4060
4046 4063
4046 4064
4046 4065
4046 4066
4046 4078
4047 4048
4047 4049
4047 4051
4047 4067
4047 4068
4047 4069
4048 4050
4048 4052
4048 4067
4048 4068
4048 4070
4049 4053
4049 4055
4049 4067
4049 4069
4049 4071
4050 4053
4050 4056
4050 4067
4050 4070
4050 4072
4051 4054
4051 4057
4051 4068
4051 4069
4051 4073
4052 4054
4052 4058
4052 4068
4052 4070
4052 4074
4053 4059
4053 4067
4053 4071
4053 4072
4054 4060
4054 4068
4054 4073
4054 4074
4055 4057
4055 4061
4055 4069
4055 4071
4055 4075
4056 4058
4056 4062
4056 4070
4056 4072
4056 4076
4057 4063
4057 4069
4057 4073
4057 4075
4058 4064
4058 4070
4058 4074
4058 4076
4059 4061
4059 4062
4059 4071
4059 4072
4059 4077
4060 4063
4060 4064
4060 4073
4060 4074
4060 4078
4061 4065
4061 4071
4061 4075
4061 4077
4062 4066
4062 4072
4062 4076
4062 4077
4063 4065
4063 4073
4063 4075
4063 4078
4064 4066
4064 4074
4064 4076
4064 4078
4065 4066
4065 4075
4065 4077
4065 4078
4066 4076
4066 4077
4066 4078
4067 4068
4067 4069
4067 4070
4067 4071
4067 4072
4067 4079
4068 4069
4068 4070
4068 4073
4068 4074
4068 4079
4069 4071
4069 4073
4069 4075
4069 4079
4070 4072
4070 4074
4070 4076
4070 4079
4071 4072
4071 4075
4071 4077
4071 4079
4072 4076
4072 4077
4072 4079
4073 4074
4073 4075
4073 4078
4073 4079
4074 4076
4074 4078
4074 4079
4075 4077
4075 4078
4075 4079
4076 4077
4076 4078
4076 4079
4077 4078
4077 4079
4078 4079
4080 4081
4080 4082
4080 4083
4080 4084
4080 4085
4080 4086
4080 4087
4080 4088
4080 4089
4080 4090
4080 4091
4080 4092
4081 4082
4081 4083
4081 4084
4081 4085
4081 4086
4081 4093
4081 4094
4081 4095
4081 4096
4081 4099
4081 4113
4082 4083
4082 4084
4082 4087
4082 4088
4082 4093
4082 4094
4082 4097
4082 4098
4082 4100
4082 4114
4083 4085
4083 4087
4083 4089
4083 4093
4083 4095
4083 4097
4083 4101
4083 4103
4083 4115
4084 4086
4084 4088
4084 4090
4084 4094
4084 4096
4084 4098
4084 4102
4084 4104
4084 4116
4085 4086
4085 4089
4085 4091
4085 4095
4085 4099
4085 4101
4085 4105
4085 4107
4085 4117
4086 4090
4086 4091
4086 4096
4086 4099
4086 4102
4086 4105
4086 4108
4086 4118
4087 4088
4087 4089
4087 4092
4087 4097
4087 4100
4087 4103
4087 4106
4087 4109
4087 4119
4088 4090
4088 4092
4088 4098
4088 4100
4088 4104
4088 4106
4088 4110
4088 4120
4089 4091
4089 4092
4089 4101
4089 4103
4089 4107
4089 4109
4089 4111
4089 4121
4090 4091
4090 4092
4090 4102
4090 4104
4090 4108
4090 4110
4090 4112
4090 4122
4091 4092
4091 4105
4091 4107
4091 4108
4091 4111
4091 4112
4091 4123
4092 4106
4092 4109
4092 4110
4092 4111
4092 4112
4092 4124
4093 4094
4093 4095
4093 4097
4093 4113
4093 4114
4093 4115
4093 4125
4093 4126
4093 4128
4094 4096
4094 4098
4094 4113
4094 4114
4094 4116
4094 4125
4094 4127
4094 4129
4095 4099
4095 4101
4095 4113
4095 4115
4095 4117
4095 4126
4095 4130
4095 4134
4096 4099
4096 4102
4096 4113
4096 4116
4096 4118
4096 4127
4096 4131
4096 4135
4097 4100
4097 4103
4097 4114
4097 4115
4097 4119
4097 4128
4097 4132
4097 4136
4098 4100
4098 4104
4098 4114
4098 4116
4098 4120
4098 4129
4098 4133
4098 4137
4099 4105
4099 4113
4099 4117
4099 4118
4099 4130
4099 4131
4099 4138
4100 4106
4100 4114
4100 4119
4100 4120
4100 4132
4100 4133
4100 4141
4101 4103
4101 4107
4101 4115
4101 4117
4101 4121
4101 4134
4101 4139
4101 4142
4102 4104
4102 4108
4102 4116
4102 4118
4102 4122
4102 4135
4102 4140
4102 4143
4103 4109
4103 4115
4103 4119
4103 4121
4103 4136
4103 4139
4103 4144
4104 4110
4104 4116
4104 4120
4104 4122
4104 4137
4104 4140
4104 4145
4105 4107
4105 4108
4105 4117
4105 4118
4105 4123
4105 4138
4105 4146
4105 4147
4106 4109
4106 4110
4106 4119
4106 4120
4106 4124
4106 4141
4106 4148
4106 4149
4107 4111
4107 4117
4107 4121
4107 4123
4107 4142
4107 4146
4107 4150
4108 4112
4108 4118
4108 4122
4108 4123
4108 4143
4108 4147
4108 4151
4109 4111
4109 4119
4109 4121
4109 4124
4109 4144
4109 4148
4109 4152
4110 4112
4110 4120
4110 4122
4110 4124
4110 4145
4110 4149
4110 4153
4111 4112
4111 4121
4111 4123
4111 4124
4111 4150
4111 4152
4111 4154
4112 4122
4112 4123
4112 4124
4112 4151
4112 4153
4112 4154
4113 4125
4113 4126
4113 4127
4113 4130
4113 4131
4113 4155
4114 4125
4114 4128
4114 4129
4114 4132
4114 4133
4114 4156
4115 4126
4115 4128
4115 4134
4115 4136
4115 4139
4115 4157
4116 4127
4116 4129
4116 4135
4116 4137
4116 4140
4116 4158
4117 4130
4117 4134
4117 4138
4117 4142
4117 4146
4117 4159
4118 4131
4118 4135
4118 4138
4118 4143
4118 4147
4118 4160
4119 4132
4119 4136
4119 4141
4119 4144
4119 4148
4119 4161
4120 4133
4120 4137
4120 4141
4120 4145
4120 4149
4120 4162
4121 4139
4121 4142
4121 4144
4121 4150
4121 4152
4121 4163
4122 4140
4122 4143
4122 4145
4122 4151
4122 4153
4122 4164
4123 4146
4123 4147
4123 4150
4123 4151
4123 4154
4123 4165
4124 4148
4124 4149
4124 4152
4124 4153
4124 4154
4124 4166
4125 4126
4125 4127
4125 4128
4125 4129
4125 4155
4125 4156
4125 4167
4125 4168
4126 4128
4126 4130
4126 4134
4126 4155
4126 4157
4126 4167
4126 4169
4127 4129
4127 4131
4127 4135
4127 4155
4127 4158
4127 4168
4127 4170
4128 4132
4128 4136
4128 4156
4128 4157
4128 4167
4128 4171
4129 4133
4129 4137
4129 4156
4129 4158
4129 4168
4129 4172
4130 4131
4130 4134
4130 4138
4130 4155
4130 4159
4130 4169
4130 4173
4131 4135
4131 4138
4131 4155
4131 4160
4131 4170
4131 4173
4132 4133
4132 4136
4132 4141
4132 4156
4132 4161
4132 4171
4132 4174
4133 4137
4133 4141
4133 4156
4133 4162
4133 4172
4133 4174
4134 4139
4134 4142
4134 4157
4134 4159
4134 4169
4134 4175
4135 4140
4135 4143
4135 4158
4135 4160
4135 4170
4135 4176
4136 4139
4136 4144
4136 4157
4136 4161
4136 4171
4136 4177
4137 4140
4137 4145
4137 4158
4137 4162
4137 4172
4137 4178
4138 4146
4138 4147
4138 4159
4138 4160
4138 4173
4138 4179
4139 4142
4139 4144
4139 4157
4139 4163
4139 4175
4139 4177
4140 4143
4140 4145
4140 4158
4140 4164
4140 4176
4140 4178
4141 4148
4141 4149
4141 4161
4141 4162
4141 4174
4141 4180
4142 4146
4142 4150
4142 4159
4142 4163
4142 4175
4142 4181
4143 4147
4143 4151
4143 4160
4143 4164
4143 4176
4143 4182
4144 4148
4144 4152
4144 4161
4144 4163
4144 4177
4144 4183
4145 4149
4145 4153
4145 4162
4145 4164
4145 4178
4145 4184
4146 4147
4146 4150
4146 4159
4146 4165
4146 4179
4146 4181
4147 4151
4147 4160
4147 4165
4147 4179
4147 4182
4148 4149
4148 4152
4148 4161
4148 4166
4148 4180
4148 4183
4149 4153
4149 4162
4149 4166
4149 4180
4149 4184
4150 4152
4150 4154
4150 4163
4150 4165
4150 4181
4150 4185
4151 4153
4151 4154
4151 4164
4151 4165
4151 4182
4151 4186
4152 4154
4152 4163
4152 4166
4152 4183
4152 4185
4153 4154
4153 4164
4153 4166
4153 4184
4153 4186
4154 4165
4154 4166
4154 4185
4154 4186
4155 4167
4155 4168
4155 4169
4155 4170
4155 4173
4155 4187
4156 4167
4156 4168
4156 4171
4156 4172
4156 4174
4156 4188
4157 4167
4157 4169
4157 4171
4157 4175
4157 4177
4157 4189
4158 4168
4158 4170
4158 4172
4158 4176
4158 4178
4158 4190
4159 4169
4159 4173
4159 4175
4159 4179
4159 4181
4159 4191
4160 4170
4160 4173
4160 4176
4160 4179
4160 4182
4160 4192
4161 4171
4161 4174
4161 4177
4161 4180
4161 4183
4161 4193
4162 4172
4162 4174
4162 4178
4162 4180
4162 4184
4162 4194
4163 4175
4163 4177
4163 4181
4163 4183
4163 4185
4163 4195
4164 4176
4164 4178
4164 4182
4164 4184
4164 4186
4164 4196
4165 4179
4165 4181
4165 4182
4165 4185
4165 4186
4165 4197
4166 4180
4166 4183
4166 4184
4166 4185
4166 4186
4166 4198
4167 4168
4167 4169
4167 4171
4167 4187
4167 4188
4167 4189
4168 4170
4168 4172
4168 4187
4168 4188
4168 4190
4169 4173
4169 4175
4169 4187
4169 4189
4169 4191
4170 4173
4170 4176
4170 4187
4170 4190
4170 4192
4171 4174
4171 4177
4171 4188
4171 4189
4171 4193
4172 4174
4172 4178
4172 4188
4172 4190
4172 4194
4173 4179
4173 4187
4173 4191
4173 4192
4174 4180
4174 4188
4174 4193
4174 4194
4175 4177
4175 4181
4175 4189
4175 4191
4175 4195
4176 4178
4176 4182
4176 4190
4176 4192
4176 4196
4177 4183
4177 4189
4177 4193
4177 4195
4178 4184
4178 4190
4178 4194
4178 4196
4179 4181
4179 4182
4179 4191
4179 4192
4179 4197
4180 4183
4180 4184
4180 4193
4180 4194
4180 4198
4181 4185
4181 4191
4181 4195
4181 4197
4182 4186
4182 4192
4182 4196
4182 4197
4183 4185
4183 4193
4183 4195
4183 4198
4184 4186
4184 4194
4184 4196
4184 4198
4185 4186
4185 4195
4185 4197
4185 4198
4186 4196
4186 4197
4186 4198
4187 4188
4187 4189
4187 4190
4187 4191
4187 4192
4187 4199
4188 4189
4188 4190
4188 4193
4188 4194
4188 4199
4189 4191
4189 4193
4189 4195
4189 4199
4190 4192
4190 4194
4190 4196
4190 4199
4191 4192
4191 4195
4191 4197
4191 4199
4192 4196
4192 4197
4192 4199
4193 4194
4193 4195
4193 4198
4193 4199
4194 4196
4194 4198
4194 4199
4195 4197
4195 4198
4195 4199
4196 4197
4196 4198
4196 4199
4197 4198
4197 4199
4198 4199
4200 4201
4200 4202
4200 4203
4200 4204
4200 4205
4200 4206
4200 4207
4200 4208
4200 4209
4200 4210
4200 4211
4200 4212
4201 4202
4201 4203
4201 4204
4201 4205
4201 4206
4201 4213
4201 4214
4201 4215
4201 4216
4201 4219
4201 4233
4202 4203
4202 4204
4202 4207
4202 4208
4202 4213
4202 4214
4202 4217
4202 4218
4202 4220
4202 4234
4203 4205
4203 4207
4203 4209
4203 4213
4203 4215
4203 4217
4203 4221
4203 4223
4203 4235
4204 4206
4204 4208
4204 4210
4204 4214
4204 4216
4204 4218
4204 4222
4204 4224
4204 4236
4205 4206
4205 4209
4205 4211
4205 4215
4205 4219
4205 4221
4205 4225
4205 4227
4205 4237
4206 4210
4206 4211
4206 4216
4206 4219
4206 4222
4206 4225
4206 4228
4206 4238
4207 4208
4207 4209
4207 4212
4207 4217
4207 4220
4207 4223
4207 4226
4207 4229
4207 4239
4208 4210
4208 4212
4208 4218
4208 4220
4208 4224
4208 4226
4208 4230
4208 4240
4209 4211
4209 4212
4209 4221
4209 4223
4209 4227
4209 4229
4209 4231
4209 4241
4210 4211
4210 4212
4210 4222
4210 4224
4210 4228
4210 4230
4210 4232
4210 4242
4211 4212
4211 4225
4211 4227
4211 4228
4211 4231
4211 4232
4211 4243
4212 4226
4212 4229
4212 4230
4212 4231
4212 4232
4212 4244
4213 4214
4213 4215
4213 4217
4213 4233
4213 4234
4213 4235
4213 4245
4213 4246
4213 4248
4214 4216
4214 4218
4214 4233
4214 4234
4214 4236
4214 4245
4214 4247
4214 4249
4215 4219
4215 4221
4215 4233
4215 4235
4215 4237
4215 4246
4215 4250
4215 4254
4216 4219
4216 4222
4216 4233
4216 4236
4216 4238
4216 4247
4216 4251
4216 4255
4217 4220
4217 4223
4217 4234
4217 4235
4217 4239
4217 4248
4217 4252
4217 4256
4218 4220
4218 4224
4218 4234
4218 4236
4218 4240
4218 4249
4218 4253
4218 4257
4219 4225
4219 4233
4219 4237
4219 4238
4219 4250
4219 4251
4219 4258
4220 4226
4220 4234
4220 4239
4220 4240
4220 4252
4220 4253
4220 4261
4221 4223
4221 4227
4221 4235
4221 4237
4221 4241
4221 4254
4221 4259
4221 4262
4222 4224
4222 4228
4222 4236
4222 4238
4222 4242
4222 4255
4222 4260
4222 4263
4223 4229
4223 4235
4223 4239
4223 4241
4223 4256
4223 4259
4223 4264
4224 4230
4224 4236
4224 4240
4224 4242
4224 4257
4224 4260
4224 4265
4225 4227
4225 4228
4225 4237
4225 4238
4225 4243
4225 4258
4225 4266
4225 4267
4226 4229
4226 4230
4226 4239
4226 4240
4226 4244
4226 4261
4226 4268
4226 4269
4227 4231
4227 4237
4227 4241
4227 4243
4227 4262
4227 4266
4227 4270
4228 4232
4228 4238
4228 4242
4228 4243
4228 4263
4228 4267
4228 4271
4229 4231
4229 4239
4229 4241
4229 4244
4229 4264
4229 4268
4229 4272
4230 4232
4230 4240
4230 4242
4230 4244
4230 4265
4230 4269
4230 4273
4231 4232
4231 4241
4231 4243
4231 4244
4231 4270
4231 4272
4231 4274
4232 4242
4232 4243
4232 4244
4232 4271
4232 4273
4232 4274
4233 4245
4233 4246
4233 4247
4233 4250
4233 4251
4233 4275
4234 4245
4234 4248
4234 4249
4234 4252
4234 4253
4234 4276
4235 4246
4235 4248
4235 4254
4235 4256
4235 4259
4235 4277
4236 4247
4236 4249
4236 4255
4236 4257
4236 4260
4236 4278
4237 4250
4237 4254
4237 4258
4237 4262
4237 4266
4237 4279
4238 4251
4238 4255
4238 4258
4238 4263
4238 4267
4238 4280
4239 4252
4239 4256
4239 4261
4239 4264
4239 4268
4239 4281
4240 4253
4240 4257
4240 4261
4240 4265
4240 4269
4240 4282
4241 4259
4241 4262
4241 4264
4241 4270
4241 4272
4241 4283
4242 4260
4242 4263
4242 4265
4242 4271
4242 4273
4242 4284
4243 4266
4243 4267
4243 4270
4243 4271
4243 4274
4243 4285
4244 4268
4244 4269
4244 4272
4244 4273
4244 4274
4244 4286
4245 4246
4245 4247
4245 4248
4245 4249
4245 4275
4245 4276
4245 4287
4245 4288
4246 4248
4246 4250
4246 4254
4246 4275
4246 4277
4246 4287
4246 4289
4247 4249
4247 4251
4247 4255
4247 4275
4247 4278
4247 4288
4247 4290
4248 4252
4248 4256
4248 4276
4248 4277
4248 4287
4248 4291
4249 4253
4249 4257
4249 4276
4249 4278
4249 4288
4249 4292
4250 4251
4250 4254
4250 4258
4250 4275
4250 4279
4250 4289
4250 4293
4251 4255
4251 4258
4251 4275
4251 4280
4251 4290
4251 4293
4252 4253
4252 4256
4252 4261
4252 4276
4252 4281
4252 4291
4252 4294
4253 4257
4253 4261
4253 4276
4253 4282
4253 4292
4253 4294
4254 4259
4254 4262
4254 4277
4254 4279
4254 4289
4254 4295
4255 4260
4255 4263
4255 4278
4255 4280
4255 4290
4255 4296
4256 4259
4256 4264
4256 4277
4256 4281
4256 4291
4256 4297
4257 4260
4257 4265
4257 4278
4257 4282
4257 4292
4257 4298
4258 4266
4258 4267
4258 4279
4258 4280
4258 4293
4258 4299
4259 4262
4259 4264
4259 4277
4259 4283
4259 4295
4259 4297
4260 4263
4260 4265
4260 4278
4260 4284
4260 4296
4260 4298
4261 4268
4261 4269
4261 4281
4261 4282
4261 4294
4261 4300
4262 4266
4262 4270
4262 4279
4262 4283
4262 4295
4262 4301
4263 4267
4263 4271
4263 4280
4263 4284
4263 4296
4263 4302
4264 4268
4264 4272
4264 4281
4264 4283
4264 4297
4264 4303
4265 4269
4265 4273
4265 4282
4265 4284
4265 4298
4265 4304
4266 4267
4266 4270
4266 4279
4266 4285
4266 4299
4266 4301
4267 4271
4267 4280
4267 4285
4267 4299
4267 4302
4268 4269
4268 4272
4268 4281
4268 4286
4268 4300
4268 4303
4269 4273
4269 4282
4269 4286
4269 4300
4269 4304
4270 4272
4270 4274
4270 4283
4270 4285
4270 4301
4270 4305
4271 4273
4271 4274
4271 4284
4271 4285
4271 4302
4271 4306
4272 4274
4272 4283
4272 4286
4272 4303
4272 4305
4273 4274
4273 4284
4273 4286
4273 4304
4273 4306
4274 4285
4274 4286
4274 4305
4274 4306
4275 4287
4275 4288
4275 4289
4275 4290
4275 4293
4275 4307
4276 4287
4276 4288
4276 4291
4276 4292
4276 4294
4276 4308
4277 4287
4277 4289
4277 4291
4277 4295
4277 4297
4277 4309
4278 4288
4278 4290
4278 4292
4278 4296
4278 4298
4278 4310
4279 4289
4279 4293
4279 4295
4279 4299
4279 4301
4279 4311
4280 4290
4280 4293
4280 4296
4280 4299
4280 4302
4280 4312
4281 4291
4281 4294
4281 4297
4281 4300
4281 4303
4281 4313
4282 4292
4282 4294
4282 4298
4282 4300
4282 4304
4282 4314
4283 4295
4283 4297
4283 4301
4283 4303
4283 4305
4283 4315
4284 4296
4284 4298
4284 4302
4284 4304
4284 4306
4284 4316
4285 4299
4285 4301
4285 4302
4285 4305
4285 4306
4285 4317
4286 4300
4286 4303
4286 4304
4286 4305
4286 4306
4286 4318
4287 4288
4287 4289
4287 4291
4287 4307
4287 4308
4287 4309
4288 4290
4288 4292
4288 4307
4288 4308
4288 4310
4289 4293
4289 4295
4289 4307
4289 4309
4289 4311
4290 4293
4290 4296
4290 4307
4290 4310
4290 4312
4291 4294
4291 4297
4291 4308
4291 4309
4291 4313
4292 4294
4292 4298
4292 4308
4292 4310
4292 4314
4293 4299
4293 4307
4293 4311
4293 4312
4294 4300
4294 4308
4294 4313
4294 4314
4295 4297
4295 4301
4295 4309
4295 4311
4295 4315
4296 4298
4296 4302
4296 4310
4296 4312
4296 4316
4297 4303
4297 4309
4297 4313
4297 4315
4298 4304
4298 4310
4298 4314
4298 4316
4299 4301
4299 4302
4299 4311
4299 4312
4299 4317
4300 4303
4300 4304
4300 4313
4300 4314
4300 4318
4301 4305
4301 4311
4301 4315
4301 4317
4302 4306
4302 4312
4302 4316
4302 4317
4303 4305
4303 4313
4303 4315
4303 4318
4304 4306
4304 4314
4304 4316
4304 4318
4305 4306
4305 4315
4305 4317
4305 4318
4306 4316
4306 4317
4306 4318
4307 4308
4307 4309
4307 4310
4307 4311
4307 4312
4307 4319
4308 4309
4308 4310
4308 4313
4308 4314
4308 4319
4309 4311
4309 4313
4309 4315
4309 4319
4310 4312
4310 4314
4310 4316
4310 4319
4311 4312
4311 4315
4311 4317
4311 4319
4312 4316
4312 4317
4312 4319
4313 4314
4313 4315
4313 4318
4313 4319
4314 4316
4314 4318
4314 4319
4315 4317
4315 4318
4315 4319
4316 4317
4316 4318
4316 4319
4317 4318
4317 4319
4318 4319
4320 4321
4320 4322
4320 4323
4320 4324
4320 4325
4320 4326
4320 4327
4320 4328
4320 4329
4320 4330
4320 4331
4320 4332
4321 4322
4321 4323
4321 4324
4321 4325
4321 4326
4321 4333
4321 4334
4321 4335
4321 4336
4321 4339
4321 4353
4322 4323
4322 4324
4322 4327
4322 4328
4322 4333
4322 4334
4322 4337
4322 4338
4322 4340
4322 4354
4323 4325
4323 4327
4323 4329
4323 4333
4323 4335
4323 4337
4323 4341
4323 4343
4323 4355
4324 4326
4324 4328
4324 4330
4324 4334
4324 4336
4324 4338
4324 4342
4324 4344
4324 4356
4325 4326
4325 4329
4325 4331
4325 4335
4325 4339
4325 4341
4325 4345
4325 4347
4325 4357
4326 4330
4326 4331
4326 4336
4326 4339
4326 4342
4326 4345
4326 4348
4326 4358
4327 4328
4327 4329
4327 4332
4327 4337
4327 4340
4327 4343
4327 4346
4327 4349
4327 4359
4328 4330
4328 4332
4328 4338
4328 4340
4328 4344
4328 4346
4328 4350
4328 4360
4329 4331
4329 4332
4329 4341
4329 4343
4329 4347
4329 4349
4329 4351
4329 4361
4330 4331
4330 4332
4330 4342
4330 4344
4330 4348
4330 4350
4330 4352
4330 4362
4331 4332
4331 4345
4331 4347
4331 4348
4331 4351
4331 4352
4331 4363
4332 4346
4332 4349
4332 4350
4332 4351
4332 4352
4332 4364
4333 4334
4333 4335
4333 4337
4333 4353
4333 4354
4333 4355
4333 4365
4333 4366
4333 4368
4334 4336
4334 4338
4334 4353
4334 4354
4334 4356
4334 4365
4334 4367
4334 4369
4335 4339
4335 4341
4335 4353
4335 4355
4335 4357
4335 4366
4335 4370
4335 4374
4336 4339
4336 4342
4336 4353
4336 4356
4336 4358
4336 4367
4336 4371
4336 4375
4337 4340
4337 4343
4337 4354
4337 4355
4337 4359
4337 4368
4337 4372
4337 4376
4338 4340
4338 4344
4338 4354
4338 4356
4338 4360
4338 4369
4338 4373
4338 4377
4339 4345
4339 4353
4339 4357
4339 4358
4339 4370
4339 4371
4339 4378
4340 4346
4340 4354
4340 4359
4340 4360
4340 4372
4340 4373
4340 4381
4341 4343
4341 4347
4341 4355
4341 4357
4341 4361
4341 4374
4341 4379
4341 4382
4342 4344
4342 4348
4342 4356
4342 4358
4342 4362
4342 4375
4342 4380
4342 4383
4343 4349
4343 4355
4343 4359
4343 4361
4343 4376
4343 4379
4343 4384
4344 4350
4344 4356
4344 4360
4344 4362
4344 4377
4344 4380
4344 4385
4345 4347
4345 4348
4345 4357
4345 4358
4345 4363
4345 4378
4345 4386
4345 4387
4346 4349
4346 4350
4346 4359
4346 4360
4346 4364
4346 4381
4346 4388
4346 4389
4347 4351
4347 4357
4347 4361
4347 4363
4347 4382
4347 4386
4347 4390
4348 4352
4348 4358
4348 4362
4348 4363
4348 4383
4348 4387
4348 4391
4349 4351
4349 4359
4349 4361
4349 4364
4349 4384
4349 4388
4349 4392
4350 4352
4350 4360
4350 4362
4350 4364
4350 4385
4350 4389
4350 4393
4351 4352
4351 4361
4351 4363
4351 4364
4351 4390
4351 4392
4351 4394
4352 4362
4352 4363
4352 4364
4352 4391
4352 4393
4352 4394
4353 4365
4353 4366
4353 4367
4353 4370
4353 4371
4353 4395
4354 4365
4354 4368
4354 4369
4354 4372
4354 4373
4354 4396
4355 4366
4355 4368
4355 4374
4355 4376
4355 4379
4355 4397
4356 4367
4356 4369
4356 4375
4356 4377
4356 4380
4356 4398
4357 4370
4357 4374
4357 4378
4357 4382
4357 4386
4357 4399
4358 4371
4358 4375
4358 4378
4358 4383
4358 4387
4358 4400
4359 4372
4359 4376
4359 4381
4359 4384
4359 4388
4359 4401
4360 4373
4360 4377
4360 4381
4360 4385
4360 4389
4360 4402
4361 4379
4361 4382
4361 4384
4361 4390
4361 4392
4361 4403
4362 4380
4362 4383
4362 4385
4362 4391
4362 4393
4362 4404
4363 4386
4363 4387
4363 4390
4363 4391
4363 4394
4363 4405
4364 4388
4364 4389
4364 4392
4364 4393
4364 4394
4364 4406
4365 4366
4365 4367
4365 4368
4365 4369
4365 4395
4365 4396
4365 4407
4365 4408
4366 4368
4366 4370
4366 4374
4366 4395
4366 4397
4366 4407
4366 4409
4367 4369
4367 4371
4367 4375
4367 4395
4367 4398
4367 4408
4367 4410
4368 4372
4368 4376
4368 4396
4368 4397
4368 4407
4368 4411
4369 4373
4369 4377
4369 4396
4369 4398
4369 4408
4369 4412
4370 4371
4370 4374
4370 4378
4370 4395
4370 4399
4370 4409
4370 4413
4371 4375
4371 4378
4371 4395
4371 4400
4371 4410
4371 4413
4372 4373
4372 4376
4372 4381
4372 4396
4372 4401
4372 4411
4372 4414
4373 4377
4373 4381
4373 4396
4373 4402
4373 4412
4373 4414
4374 4379
4374 4382
4374 4397
4374 4399
4374 4409
4374 4415
4375 4380
4375 4383
4375 4398
4375 4400
4375 4410
4375 4416
4376 4379
4376 4384
4376 4397
4376 4401
4376 4411
4376 4417
4377 4380
4377 4385
4377 4398
4377 4402
4377 4412
4377 4418
4378 4386
4378 4387
4378 4399
4378 4400
4378 4413
4378 4419
4379 4382
4379 4384
4379 4397
4379 4403
4379 4415
4379 4417
4380 4383
4380 4385
4380 4398
4380 4404
4380 4416
4380 4418
4381 4388
4381 4389
4381 4401
4381 4402
4381 4414
4381 4420
4382 4386
4382 4390
4382 4399
4382 4403
4382 4415
4382 4421
4383 4387
4383 4391
4383 4400
4383 4404
4383 4416
4383 4422
4384 4388
4384 4392
4384 4401
4384 4403
4384 4417
4384 4423
4385 4389
4385 4393
4385 4402
4385 4404
4385 4418
4385 4424
4386 4387
4386 4390
4386 4399
4386 4405
4386 4419
4386 4421
4387 4391
4387 4400
4387 4405
4387 4419
4387 4422
4388 4389
4388 4392
4388 4401
4388 4406
4388 4420
4388 4423
4389 4393
4389 4402
4389 4406
4389 4420
4389 4424
4390 4392
4390 4394
4390 4403
4390 4405
4390 4421
4390 4425
4391 4393
4391 4394
4391 4404
4391 4405
4391 4422
4391 4426
4392 4394
4392 4403
4392 4406
4392 4423
4392 4425
4393 4394
4393 4404
4393 4406
4393 4424
4393 4426
4394 4405
4394 4406
4394 4425
4394 4426
4395 4407
4395 4408
4395 4409
4395 4410
4395 4413
4395 4427
4396 4407
4396 4408
4396 4411
4396 4412
4396 4414
4396 4428
4397 4407
4397 4409
4397 4411
4397 4415
4397 4417
4397 4429
4398 4408
4398 4410
4398 4412
4398 4416
4398 4418
4398 4430
4399 4409
4399 4413
4399 4415
4399 4419
4399 4421
4399 4431
4400 4410
4400 4413
4400 4416
4400 4419
4400 4422
4400 4432
4401 4411
4401 4414
4401 4417
4401 4420
4401 4423
4401 4433
4402 4412
4402 4414
4402 4418
4402 4420
4402 4424
4402 4434
4403 4415
4403 4417
4403 4421
4403 4423
4403 4425
4403 4435
4404 4416
4404 4418
4404 4422
4404 4424
4404 4426
4404 4436
4405 4419
4405 4421
4405 4422
4405 4425
4405 4426
4405 4437
4406 4420
4406 4423
4406 4424
4406 4425
4406 4426
4406 4438
4407 4408
4407 4409
4407 4411
4407 4427
4407 4428
4407 4429
4408 4410
4408 4412
4408 4427
4408 4428
4408 4430
4409 4413
4409 4415
4409 4427
4409 4429
4409 4431
4410 4413
4410 4416
4410 4427
4410 4430
4410 4432
4411 4414
4411 4417
4411 4428
4411 4429
4411 4433
4412 4414
4412 4418
4412 4428
4412 4430
4412 4434
4413 4419
4413 4427
4413 4431
4413 4432
4414 4420
4414 4428
4414 4433
4414 4434
4415 4417
4415 4421
4415 4429
4415 4431
4415 4435
4416 4418
4416 4422
4416 4430
4416 4432
4416 4436
4417 4423
4417 4429
4417 4433
4417 4435
4418 4424
4418 4430
4418 4434
4418 4436
4419 4421
4419 4422
4419 4431
4419 4432
4419 4437
4420 4423
4420 4424
4420 4433
4420 4434
4420 4438
4421 4425
4421 4431
4421 4435
4421 4437
4422 4426
4422 4432
4422 4436
4422 4437
4423 4425
4423 4433
4423 4435
4423 4438
4424 4426
4424 4434
4424 4436
4424 4438
4425 4426
4425 4435
4425 4437
4425 4438
4426 4436
4426 4437
4426 4438
4427 4428
4427 4429
4427 4430
4427 4431
4427 4432
4427 4439
4428 4429
4428 4430
4428 4433
4428 4434
4428 4439
4429 4431
4429 4433
4429 4435
4429 4439
4430 4432
4430 4434
4430 4436
4430 4439
4431 4432
4431 4435
4431 4437
4431 4439
4432 4436
4432 4437
4432 4439
4433 4434
4433 4435
4433 4438
4433 4439
4434 4436
4434 4438
4434 4439
4435 4437
4435 4438
4435 4439
4436 4437
4436 4438
4436 4439
4437 4438
4437 4439
4438 4439
4440 4441
4440 4442
4440 4443
4440 4444
4440 4445
4440 4446
4440 4447
4440 4448
4440 4449
4440 4450
4440 4451
4440 4452
4441 4442
4441 4443
4441 4444
4441 4445
4441 4446
4441 4453
4441 4454
4441 4455
4441 4456
4441 4459
4441 4473
4442 4443
4442 4444
4442 4447
4442 4448
4442 4453
4442 4454
4442 4457
4442 4458
4442 4460
4442 4474
4443 4445
4443 4447
4443 4449
4443 4453
4443 4455
4443 4457
4443 4461
4443 4463
4443 4475
4444 4446
4444 4448
4444 4450
4444 4454
4444 4456
4444 4458
4444 4462
4444 4464
4444 4476
4445 4446
4445 4449
4445 4451
4445 4455
4445 4459
4445 4461
4445 4465
4445 4467
4445 4477
4446 4450
4446 4451
4446 4456
4446 4459
4446 4462
4446 4465
4446 4468
4446 4478
4447 4448
4447 4449
4447 4452
4447 4457
4447 4460
4447 4463
4447 4466
4447 4469
4447 4479
4448 4450
4448 4452
4448 4458
4448 4460
4448 4464
4448 4466
4448 4470
4448 4480
4449 4451
4449 4452
4449 4461
4449 4463
4449 4467
4449 4469
4449 4471
4449 4481
4450 4451
4450 4452
4450 4462
4450 4464
4450 4468
4450 4470
4450 4472
4450 4482
4451 4452
4451 4465
4451 4467
4451 4468
4451 4471
4451 4472
4451 4483
4452 4466
4452 4469
4452 4470
4452 4471
4452 4472
4452 4484
4453 4454
4453 4455
4453 4457
4453 4473
4453 4474
4453 4475
4453 4485
4453 4486
4453 4488
4454 4456
4454 4458
4454 4473
4454 4474
4454 4476
4454 4485
4454 4487
4454 4489
4455 4459
4455 4461
4455 4473
4455 4475
4455 4477
4455 4486
4455 4490
4455 4494
4456 4459
4456 4462
4456 4473
4456 4476
4456 4478
4456 4487
4456 4491
4456 4495
4457 4460
4457 4463
4457 4474
4457 4475
4457 4479
4457 4488
4457 4492
4457 4496
4458 4460
4458 4464
4458 4474
4458 4476
4458 4480
4458 4489
4458 4493
4458 4497
4459 4465
4459 4473
4459 4477
4459 4478
4459 4490
4459 4491
4459 4498
4460 4466
4460 4474
4460 4479
4460 4480
4460 4492
4460 4493
4460 4501
4461 4463
4461 4467
4461 4475
4461 4477
4461 4481
4461 4494
4461 4499
4461 4502
4462 4464
4462 4468
4462 4476
4462 4478
4462 4482
4462 4495
4462 4500
4462 4503
4463 4469
4463 4475
4463 4479
4463 4481
4463 4496
4463 4499
4463 4504
4464 4470
4464 4476
4464 4480
4464 4482
4464 4497
4464 4500
4464 4505
4465 4467
4465 4468
4465 4477
4465 4478
4465 4483
4465 4498
4465 4506
4465 4507
4466 4469
4466 4470
4466 4479
4466 4480
4466 4484
4466 4501
4466 4508
4466 4509
4467 4471
4467 4477
4467 4481
4467 4483
4467 4502
4467 4506
4467 4510
4468 4472
4468 4478
4468 4482
4468 4483
4468 4503
4468 4507
4468 4511
4469 4471
4469 4479
4469 4481
4469 4484
4469 4504
4469 4508
4469 4512
4470 4472
4470 4480
4470 4482
4470 4484
4470 4505
4470 4509
4470 4513
4471 4472
4471 4481
4471 4483
4471 4484
4471 4510
4471 4512
4471 4514
4472 4482
4472 4483
4472 4484
4472 4511
4472 4513
4472 4514
4473 4485
4473 4486
4473 4487
4473 4490
4473 4491
4473 4515
4474 4485
4474 4488
4474 4489
4474 4492
4474 4493
4474 4516
4475 4486
4475 4488
4475 4494
4475 4496
4475 4499
4475 4517
4476 4487
4476 4489
4476 4495
4476 4497
4476 4500
4476 4518
4477 4490
4477 4494
4477 4498
4477 4502
4477 4506
4477 4519
4478 4491
4478 4495
4478 4498
4478 4503
4478 4507
4478 4520
4479 4492
4479 4496
4479 4501
4479 4504
4479 4508
4479 4521
4480 4493
4480 4497
4480 4501
4480 4505
4480 4509
4480 4522
4481 4499
4481 4502
4481 4504
4481 4510
4481 4512
4481 4523
4482 4500
4482 4503
4482 4505
4482 4511
4482 4513
4482 4524
4483 4506
4483 4507
4483 4510
4483 4511
4483 4514
4483 4525
4484 4508
4484 4509
4484 4512
4484 4513
4484 4514
4484 4526
4485 4486
4485 4487
4485 4488
4485 4489
4485 4515
4485 4516
4485 4527
4485 4528
4486 4488
4486 4490
4486 4494
4486 4515
4486 4517
4486 4527
4486 4529
4487 4489
4487 4491
4487 4495
4487 4515
4487 4518
4487 4528
4487 4530
4488 4492
4488 4496
4488 4516
4488 4517
4488 4527
4488 4531
4489 4493
4489 4497
4489 4516
4489 4518
4489 4528
4489 4532
4490 4491
4490 4494
4490 4498
4490 4515
4490 4519
4490 4529
4490 4533
4491 4495
4491 4498
4491 4515
4491 4520
4491 4530
4491 4533
4492 4493
4492 4496
4492 4501
4492 4516
4492 4521
4492 4531
4492 4534
4493 4497
4493 4501
4493 4516
4493 4522
4493 4532
4493 4534
4494 4499
4494 4502
4494 4517
4494 4519
4494 4529
4494 4535
4495 4500
4495 4503
4495 4518
4495 4520
4495 4530
4495 4536
4496 4499
4496 4504
4496 4517
4496 4521
4496 4531
4496 4537
4497 4500
4497 4505
4497 4518
4497 4522
4497 4532
4497 4538
4498 4506
4498 4507
4498 4519
4498 4520
4498 4533
4498 4539
4499 4502
4499 4504
4499 4517
4499 4523
4499 4535
4499 4537
4500 4503
4500 4505
4500 4518
4500 4524
4500 4536
4500 4538
4501 4508
4501 4509
4501 4521
4501 4522
4501 4534
4501 4540
4502 4506
4502 4510
4502 4519
4502 4523
4502 4535
4502 4541
4503 4507
4503 4511
4503 4520
4503 4524
4503 4536
4503 4542
4504 4508
4504 4512
4504 4521
4504 4523
4504 4537
4504 4543
4505 4509
4505 4513
4505 4522
4505 4524
4505 4538
4505 4544
4506 4507
4506 4510
4506 4519
4506 4525
4506 4539
4506 4541
4507 4511
4507 4520
4507 4525
4507 4539
4507 4542
4508 4509
4508 4512
4508 4521
4508 4526
4508 4540
4508 4543
4509 4513
4509 4522
4509 4526
4509 4540
4509 4544
4510 4512
4510 4514
4510 4523
4510 4525
4510 4541
4510 4545
4511 4513
4511 4514
4511 4524
4511 4525
4511 4542
4511 4546
4512 4514
4512 4523
4512 4526
4512 4543
4512 4545
4513 4514
4513 4524
4513 4526
4513 4544
4513 4546
4514 4525
4514 4526
4514 4545
4514 4546
4515 4527
4515 4528
4515 4529
4515 4530
4515 4533
4515 4547
4516 4527
4516 4528
4516 4531
4516 4532
4516 4534
4516 4548
4517 4527
4517 4529
4517 4531
4517 4535
4517 4537
4517 4549
4518 4528
4518 4530
4518 4532
4518 4536
4518 4538
4518 4550
4519 4529
4519 4533
4519 4535
4519 4539
4519 4541
4519 4551
4520 4530
4520 4533
4520 4536
4520 4539
4520 4542
4520 4552
4521 4531
4521 4534
4521 4537
4521 4540
4521 4543
4521 4553
4522 4532
4522 4534
4522 4538
4522 4540
4522 4544
4522 4554
4523 4535
4523 4537
4523 4541
4523 4543
4523 4545
4523 4555
4524 4536
4524 4538
4524 4542
4524 4544
4524 4546
4524 4556
4525 4539
4525 4541
4525 4542
4525 4545
4525 4546
4525 4557
4526 4540
4526 4543
4526 4544
4526 4545
4526 4546
4526 4558
4527 4528
4527 4529
4527 4531
4527 4547
4527 4548
4527 4549
4528 4530
4528 4532
4528 4547
4528 4548
4528 4550
4529 4533
4529 4535
4529 4547
4529 4549
4529 4551
4530 4533
4530 4536
4530 4547
4530 4550
4530 4552
4531 4534
4531 4537
4531 4548
4531 4549
4531 4553
4532 4534
4532 4538
4532 4548
4532 4550
4532 4554
4533 4539
4533 4547
4533 4551
4533 4552
4534 4540
4534 4548
4534 4553
4534 4554
4535 4537
4535 4541
4535 4549
4535 4551
4535 4555
4536 4538
4536 4542
4536 4550
4536 4552
4536 4556
4537 4543
4537 4549
4537 4553
4537 4555
4538 4544
4538 4550
4538 4554
4538 4556
4539 4541
4539 4542
4539 4551
4539 4552
4539 4557
4540 4543
4540 4544
4540 4553
4540 4554
4540 4558
4541 4545
4541 4551
4541 4555
4541 4557
4542 4546
4542 4552
4542 4556
4542 4557
4543 4545
4543 4553
4543 4555
4543 4558
4544 4546
4544 4554
4544 4556
4544 4558
4545 4546
4545 4555
4545 4557
4545 4558
4546 4556
4546 4557
4546 4558
4547 4548
4547 4549
4547 4550
4547 4551
4547 4552
4547 4559
4548 4549
4548 4550
4548 4553
4548 4554
4548 4559
4549 4551
4549 4553
4549 4555
4549 4559
4550 4552
4550 4554
4550 4556
4550 4559
4551 4552
4551 4555
4551 4557
4551 4559
4552 4556
4552 4557
4552 4559
4553 4554
4553 4555
4553 4558
4553 4559
4554 4556
4554 4558
4554 4559
4555 4557
4555 4558
4555 4559
4556 4557
4556 4558
4556 4559
4557 4558
4557 4559
4558 4559
4560 4561
4560 4562
4560 4563
4560 4564
4560 4565
4560 4566
4560 4567
4560 4568
4560 4569
4560 4570
4560 4571
4560 4572
4561 4562
4561 4563
4561 4564
4561 4565
4561 4566
4561 4573
4561 4574
4561 4575
4561 4576
4561 4579
4561 4593
4562 4563
4562 4564
4562 4567
4562 4568
4562 4573
4562 4574
4562 4577
4562 4578
4562 4580
4562 4594
4563 4565
4563 4567
4563 4569
4563 4573
4563 4575
4563 4577
4563 4581
4563 4583
4563 4595
4564 4566
4564 4568
4564 4570
4564 4574
4564 4576
4564 4578
4564 4582
4564 4584
4564 4596
4565 4566
4565 4569
4565 4571
4565 4575
4565 4579
4565 4581
4565 4585
4565 4587
4565 4597
4566 4570
4566 4571
4566 4576
4566 4579
4566 4582
4566 4585
4566 4588
4566 4598
4567 4568
4567 4569
4567 4572
4567 4577
4567 4580
4567 4583
4567 4586
4567 4589
4567 4599
4568 4570
4568 4572
4568 4578
4568 4580
4568 4584
4568 4586
4568 4590
4568 4600
4569 4571
4569 4572
4569 4581
4569 4583
4569 4587
4569 4589
4569 4591
4569 4601
4570 4571
4570 4572
4570 4582
4570 4584
4570 4588
4570 4590
4570 4592
4570 4602
4571 4572
4571 4585
4571 4587
4571 4588
4571 4591
4571 4592
4571 4603
4572 4586
4572 4589
4572 4590
4572 4591
4572 4592
4572 4604
4573 4574
4573 4575
4573 4577
4573 4593
4573 4594
4573 4595
4573 4605
4573 4606
4573 4608
4574 4576
4574 4578
4574 4593
4574 4594
4574 4596
4574 4605
4574 4607
4574 4609
4575 4579
4575 4581
4575 4593
4575 4595
4575 4597
4575 4606
4575 4610
4575 4614
4576 4579
4576 4582
4576 4593
4576 4596
4576 4598
4576 4607
4576 4611
4576 4615
4577 4580
4577 4583
4577 4594
4577 4595
4577 4599
4577 4608
4577 4612
4577 4616
4578 4580
4578 4584
4578 4594
4578 4596
4578 4600
4578 4609
4578 4613
4578 4617
4579 4585
4579 4593
4579 4597
4579 4598
4579 4610
4579 4611
4579 4618
4580 4586
4580 4594
4580 4599
4580 4600
4580 4612
4580 4613
4580 4621
4581 4583
4581 4587
4581 4595
4581 4597
4581 4601
4581 4614
4581 4619
4581 4622
4582 4584
4582 4588
4582 4596
4582 4598
4582 4602
4582 4615
4582 4620
4582 4623
4583 4589
4583 4595
4583 4599
4583 4601
4583 4616
4583 4619
4583 4624
4584 4590
4584 4596
4584 4600
4584 4602
4584 4617
4584 4620
4584 4625
4585 4587
4585 4588
4585 4597
4585 4598
4585 4603
4585 4618
4585 4626
4585 4627
4586 4589
4586 4590
4586 4599
4586 4600
4586 4604
4586 4621
4586 4628
4586 4629
4587 4591
4587 4597
4587 4601
4587 4603
4587 4622
4587 4626
4587 4630
4588 4592
4588 4598
4588 4602
4588 4603
4588 4623
4588 4627
4588 4631
4589 4591
4589 4599
4589 4601
4589 4604
4589 4624
4589 4628
4589 4632
4590 4592
4590 4600
4590 4602
4590 4604
4590 4625
4590 4629
4590 4633
4591 4592
4591 4601
4591 4603
4591 4604
4591 4630
4591 4632
4591 4634
4592 4602
4592 4603
4592 4604
4592 4631
4592 4633
4592 4634
4593 4605
4593 4606
4593 4607
4593 4610
4593 4611
4593 4635
4594 4605
4594 4608
4594 4609
4594 4612
4594 4613
4594 4636
4595 4606
4595 4608
4595 4614
4595 4616
4595 4619
4595 4637
4596 4607
4596 4609
4596 4615
4596 4617
4596 4620
4596 4638
4597 4610
4597 4614
4597 4618
4597 4622
4597 4626
4597 4639
4598 4611
4598 4615
4598 4618
4598 4623
4598 4627
4598 4640
4599 4612
4599 4616
4599 4621
4599 4624
4599 4628
4599 4641
4600 4613
4600 4617
4600 4621
4600 4625
4600 4629
4600 4642
4601 4619
4601 4622
4601 4624
4601 4630
4601 4632
4601 4643
4602 4620
4602 4623
4602 4625
4602 4631
4602 4633
4602 4644
4603 4626
4603 4627
4603 4630
4603 4631
4603 4634
4603 4645
4604 4628
4604 4629
4604 4632
4604 4633
4604 4634
4604 4646
4605 4606
4605 4607
4605 4608
4605 4609
4605 4635
4605 4636
4605 4647
4605 4648
4606 4608
4606 4610
4606 4614
4606 4635
4606 4637
4606 4647
4606 4649
4607 4609
4607 4611
4607 4615
4607 4635
4607 4638
4607 4648
4607 4650
4608 4612
4608 4616
4608 4636
4608 4637
4608 4647
4608 4651
4609 4613
4609 4617
4609 4636
4609 4638
4609 4648
4609 4652
4610 4611
4610 4614
4610 4618
4610 4635
4610 4639
4610 4649
4610 4653
4611 4615
4611 4618
4611 4635
4611 4640
4611 4650
4611 4653
4612 4613
4612 4616
4612 4621
4612 4636
4612 4641
4612 4651
4612 4654
4613 4617
4613 4621
4613 4636
4613 4642
4613 4652
4613 4654
4614 4619
4614 4622
4614 4637
4614 4639
4614 4649
4614 4655
4615 4620
4615 4623
4615 4638
4615 4640
4615 4650
4615 4656
4616 4619
4616 4624
4616 4637
4616 4641
4616 4651
4616 4657
4617 4620
4617 4625
4617 4638
4617 4642
4617 4652
4617 4658
4618 4626
4618 4627
4618 4639
4618 4640
4618 4653
4618 4659
4619 4622
4619 4624
4619 4637
4619 4643
4619 4655
4619 4657
4620 4623
4620 4625
4620 4638
4620 4644
4620 4656
4620 4658
4621 4628
4621 4629
4621 4641
4621 4642
4621 4654
4621 4660
4622 4626
4622 4630
4622 4639
4622 4643
4622 4655
4622 4661
4623 4627
4623 4631
4623 4640
4623 4644
4623 4656
4623 4662
4624 4628
4624 4632
4624 4641
4624 4643
4624 4657
4624 4663
4625 4629
4625 4633
4625 4642
4625 4644
4625 4658
4625 4664
4626 4627
4626 4630
4626 4639
4626 4645
4626 4659
4626 4661
4627 4631
4627 4640
4627 4645
4627 4659
4627 4662
4628 4629
4628 4632
4628 4641
4628 4646
4628 4660
4628 4663
4629 4633
4629 4642
4629 4646
4629 4660
4629 4664
4630 4632
4630 4634
4630 4643
4630 4645
4630 4661
4630 4665
4631 4633
4631 4634
4631 4644
4631 4645
4631 4662
4631 4666
4632 4634
4632 4643
4632 4646
4632 4663
4632 4665
4633 4634
4633 4644
4633 4646
4633 4664
4633 4666
4634 4645
4634 4646
4634 4665
4634 4666
4635 4647
4635 4648
4635 4649
4635 4650
4635 4653
4635 4667
4636 4647
4636 4648
4636 4651
4636 4652
4636 4654
4636 4668
4637 4647
4637 4649
4637 4651
4637 4655
4637 4657
4637 4669
4638 4648
4638 4650
4638 4652
4638 4656
4638 4658
4638 4670
4639 4649
4639 4653
4639 4655
4639 4659
4639 4661
4639 4671
4640 4650
4640 4653
4640 4656
4640 4659
4640 4662
4640 4672
4641 4651
4641 4654
4641 4657
4641 4660
4641 4663
4641 4673
4642 4652
4642 4654
4642 4658
4642 4660
4642 4664
4642 4674
4643 4655
4643 4657
4643 4661
4643 4663
4643 4665
4643 4675
4644 4656
4644 4658
4644 4662
4644 4664
4644 4666
4644 4676
4645 4659
4645 4661
4645 4662
4645 4665
4645 4666
4645 4677
4646 4660
4646 4663
4646 4664
4646 4665
4646 4666
4646 4678
4647 4648
4647 4649
4647 4651
4647 4667
4647 4668
4647 4669
4648 4650
4648 4652
4648 4667
4648 4668
4648 4670
4649 4653
4649 4655
4649 4667
4649 4669
4649 4671
4650 4653
4650 4656
4650 4667
4650 4670
4650 4672
4651 4654
4651 4657
4651 4668
4651 4669
4651 4673
4652 4654
4652 4658
4652 4668
4652 4670
4652 4674
4653 4659
4653 4667
4653 4671
4653 4672
4654 4660
4654 4668
4654 4673
4654 4674
4655 4657
4655 4661
4655 4669
4655 4671
4655 4675
4656 4658
4656 4662
4656 4670
4656 4672
4656 4676
4657 4663
4657 4669
4657 4673
4657 4675
4658 4664
4658 4670
4658 4674
4658 4676
4659 4661
4659 4662
4659 4671
4659 4672
4659 4677
4660 4663
4660 4664
4660 4673
4660 4674
4660 4678
4661 4665
4661 4671
4661 4675
4661 4677
4662 4666
4662 4672
4662 4676
4662 4677
4663 4665
4663 4673
4663 4675
4663 4678
4664 4666
4664 4674
4664 4676
4664 4678
4665 4666
4665 4675
4665 4677
4665 4678
4666 4676
4666 4677
4666 4678
4667 4668
4667 4669
4667 4670
4667 4671
4667 4672
4667 4679
4668 4669
4668 4670
4668 4673
4668 4674
4668 4679
4669 4671
4669 4673
4669 4675
4669 4679
4670 4672
4670 4674
4670 4676
4670 4679
4671 4672
4671 4675
4671 4677
4671 4679
4672 4676
4672 4677
4672 4679
4673 4674
4673 4675
4673 4678
4673 4679
4674 4676
4674 4678
4674 4679
4675 4677
4675 4678
4675 4679
4676 4677
4676 4678
4676 4679
4677 4678
4677 4679
4678 4679
4680 4681
4680 4682
4680 4683
4680 4684
4680 4685
4680 4686
4680 4687
4680 4688
4680 4689
4680 4690
4680 4691
4680 4692
4681 4682
4681 4683
4681 4684
4681 4685
4681 4686
4681 4693
4681 4694
4681 4695
4681 4696
4681 4699
4681 4713
4682 4683
4682 4684
4682 4687
4682 4688
4682 4693
4682 4694
4682 4697
4682 4698
4682 4700
4682 4714
4683 4685
4683 4687
4683 4689
4683 4693
4683 4695
4683 4697
4683 4701
4683 4703
4683 4715
4684 4686
4684 4688
4684 4690
4684 4694
4684 4696
4684 4698
4684 4702
4684 4704
4684 4716
4685 4686
4685 4689
4685 4691
4685 4695
4685 4699
4685 4701
4685 4705
4685 4707
4685 4717
4686 4690
4686 4691
4686 4696
4686 4699
4686 4702
4686 4705
4686 4708
4686 4718
4687 4688
4687 4689
4687 4692
4687 4697
4687 4700
4687 4703
4687 4706
4687 4709
4687 4719
4688 4690
4688 4692
4688 4698
4688 4700
4688 4704
4688 4706
4688 4710
4688 4720
4689 4691
4689 4692
4689 4701
4689 4703
4689 4707
4689 4709
4689 4711
4689 4721
4690 4691
4690 4692
4690 4702
4690 4704
4690 4708
4690 4710
4690 4712
4690 4722
4691 4692
4691 4705
4691 4707
4691 4708
4691 4711
4691 4712
4691 4723
4692 4706
4692 4709
4692 4710
4692 4711
4692 4712
4692 4724
4693 4694
4693 4695
4693 4697
4693 4713
4693 4714
4693 4715
4693 4725
4693 4726
4693 4728
4694 4696
4694 4698
4694 4713
4694 4714
4694 4716
4694 4725
4694 4727
4694 4729
4695 4699
4695 4701
4695 4713
4695 4715
4695 4717
4695 4726
4695 4730
4695 4734
4696 4699
4696 4702
4696 4713
4696 4716
4696 4718
4696 4727
4696 4731
4696 4735
4697 4700
4697 4703
4697 4714
4697 4715
4697 4719
4697 4728
4697 4732
4697 4736
4698 4700
4698 4704
4698 4714
4698 4716
4698 4720
4698 4729
4698 4733
4698 4737
4699 4705
4699 4713
4699 4717
4699 4718
4699 4730
4699 4731
4699 4738
4700 4706
4700 4714
4700 4719
4700 4720
4700 4732
4700 4733
4700 4741
4701 4703
4701 4707
4701 4715
4701 4717
4701 4721
4701 4734
4701 4739
4701 4742
4702 4704
4702 4708
4702 4716
4702 4718
4702 4722
4702 4735
4702 4740
4702 4743
4703 4709
4703 4715
4703 4719
4703 4721
4703 4736
4703 4739
4703 4744
4704 4710
4704 4716
4704 4720
4704 4722
4704 4737
4704 4740
4704 4745
4705 4707
4705 4708
4705 4717
4705 4718
4705 4723
4705 4738
4705 4746
4705 4747
4706 4709
4706 4710
4706 4719
4706 4720
4706 4724
4706 4741
4706 4748
4706 4749
4707 4711
4707 4717
4707 4721
4707 4723
4707 4742
4707 4746
4707 4750
4708 4712
4708 4718
4708 4722
4708 4723
4708 4743
4708 4747
4708 4751
4709 4711
4709 4719
4709 4721
4709 4724
4709 4744
4709 4748
4709 4752
4710 4712
4710 4720
4710 4722
4710 4724
4710 4745
4710 4749
4710 4753
4711 4712
4711 4721
4711 4723
4711 4724
4711 4750
4711 4752
4711 4754
4712 4722
4712 4723
4712 4724
4712 4751
4712 4753
4712 4754
4713 4725
4713 4726
4713 4727
4713 4730
4713 4731
4713 4755
4714 4725
4714 4728
4714 4729
4714 4732
4714 4733
4714 4756
4715 4726
4715 4728
4715 4734
4715 4736
4715 4739
4715 4757
4716 4727
4716 4729
4716 4735
4716 4737
4716 4740
4716 4758
4717 4730
4717 4734
4717 4738
4717 4742
4717 4746
4717 4759
4718 4731
4718 4735
4718 4738
4718 4743
4718 4747
4718 4760
4719 4732
4719 4736
4719 4741
4719 4744
4719 4748
4719 4761
4720 4733
4720 4737
4720 4741
4720 4745
4720 4749
4720 4762
4721 4739
4721 4742
4721 4744
4721 4750
4721 4752
4721 4763
4722 4740
4722 4743
4722 4745
4722 4751
4722 4753
4722 4764
4723 4746
4723 4747
4723 4750
4723 4751
4723 4754
4723 4765
4724 4748
4724 4749
4724 4752
4724 4753
4724 4754
4724 4766
4725 4726
4725 4727
4725 4728
4725 4729
4725 4755
4725 4756
4725 4767
4725 4768
4726 4728
4726 4730
4726 4734
4726 4755
4726 4757
4726 4767
4726 4769
4727 4729
4727 4731
4727 4735
4727 4755
4727 4758
4727 4768
4727 4770
4728 4732
4728 4736
4728 4756
4728 4757
4728 4767
4728 4771
4729 4733
4729 4737
4729 4756
4729 4758
4729 4768
4729 4772
4730 4731
4730 4734
4730 4738
4730 4755
4730 4759
4730 4769
4730 4773
4731 4735
4731 4738
4731 4755
4731 4760
4731 4770
4731 4773
4732 4733
4732 4736
4732 4741
4732 4756
4732 4761
4732 4771
4732 4774
4733 4737
4733 4741
4733 4756
4733 4762
4733 4772
4733 4774
4734 4739
4734 4742
4734 4757
4734 4759
4734 4769
4734 4775
4735 4740
4735 4743
4735 4758
4735 4760
4735 4770
4735 4776
4736 4739
4736 4744
4736 4757
4736 4761
4736 4771
4736 4777
4737 4740
4737 4745
4737 4758
4737 4762
4737 4772
4737 4778
4738 4746
4738 4747
4738 4759
4738 4760
4738 4773
4738 4779
4739 4742
4739 4744
4739 4757
4739 4763
4739 4775
4739 4777
4740 4743
4740 4745
4740 4758
4740 4764
4740 4776
4740 4778
4741 4748
4741 4749
4741 4761
4741 4762
4741 4774
4741 4780
4742 4746
4742 4750
4742 4759
4742 4763
4742 4775
4742 4781
4743 4747
4743 4751
4743 4760
4743 4764
4743 4776
4743 4782
4744 4748
4744 4752
4744 4761
4744 4763
4744 4777
4744 4783
4745 4749
4745 4753
4745 4762
4745 4764
4745 4778
4745 4784
4746 4747
4746 4750
4746 4759
4746 4765
4746 4779
4746 4781
4747 4751
4747 4760
4747 4765
4747 4779
4747 4782
4748 4749
4748 4752
4748 4761
4748 4766
4748 4780
4748 4783
4749 4753
4749 4762
4749 4766
4749 4780
4749 4784
4750 4752
4750 4754
4750 4763
4750 4765
4750 4781
4750 4785
4751 4753
4751 4754
4751 4764
4751 4765
4751 4782
4751 4786
4752 4754
4752 4763
4752 4766
4752 4783
4752 4785
4753 4754
4753 4764
4753 4766
4753 4784
4753 4786
4754 4765
4754 4766
4754 4785
4754 4786
4755 4767
4755 4768
4755 4769
4755 4770
4755 4773
4755 4787
4756 4767
4756 4768
4756 4771
4756 4772
4756 4774
4756 4788
4757 4767
4757 4769
4757 4771
4757 4775
4757 4777
4757 4789
4758 4768
4758 4770
4758 4772
4758 4776
4758 4778
4758 4790
4759 4769
4759 4773
4759 4775
4759 4779
4759 4781
4759 4791
4760 4770
4760 4773
4760 4776
4760 4779
4760 4782
4760 4792
4761 4771
4761 4774
4761 4777
4761 4780
4761 4783
4761 4793
4762 4772
4762 4774
4762 4778
4762 4780
4762 4784
4762 4794
4763 4775
4763 4777
4763 4781
4763 4783
4763 4785
4763 4795
4764 4776
4764 4778
4764 4782
4764 4784
4764 4786
4764 4796
4765 4779
4765 4781
4765 4782
4765 4785
4765 4786
4765 4797
4766 4780
4766 4783
4766 4784
4766 4785
4766 4786
4766 4798
4767 4768
4767 4769
4767 4771
4767 4787
4767 4788
4767 4789
4768 4770
4768 4772
4768 4787
4768 4788
4768 4790
4769 4773
4769 4775
4769 4787
4769 4789
4769 4791
4770 4773
4770 4776
4770 4787
4770 4790
4770 4792
4771 4774
4771 4777
4771 4788
4771 4789
4771 4793
4772 4774
4772 4778
4772 4788
4772 4790
4772 4794
4773 4779
4773 4787
4773 4791
4773 4792
4774 4780
4774 4788
4774 4793
4774 4794
4775 4777
4775 4781
4775 4789
4775 4791
4775 4795
4776 4778
4776 4782
4776 4790
4776 4792
4776 4796
4777 4783
4777 4789
4777 4793
4777 4795
4778 4784
4778 4790
4778 4794
4778 4796
4779 4781
4779 4782
4779 4791
4779 4792
4779 4797
4780 4783
4780 4784
4780 4793
4780 4794
4780 4798
4781 4785
4781 4791
4781 4795
4781 4797
4782 4786
4782 4792
4782 4796
4782 4797
4783 4785
4783 4793
4783 4795
4783 4798
4784 4786
4784 4794
4784 4796
4784 4798
4785 4786
4785 4795
4785 4797
4785 4798
4786 4796
4786 4797
4786 4798
4787 4788
4787 4789
4787 4790
4787 4791
4787 4792
4787 4799
4788 4789
4788 4790
4788 4793
4788 4794
4788 4799
4789 4791
4789 4793
4789 4795
4789 4799
4790 4792
4790 4794
4790 4796
4790 4799
4791 4792
4791 4795
4791 4797
4791 4799
4792 4796
4792 4797
4792 4799
4793 4794
4793 4795
4793 4798
4793 4799
4794 4796
4794 4798
4794 4799
4795 4797
4795 4798
4795 4799
4796 4797
4796 4798
4796 4799
4797 4798
4797 4799
4798 4799
4800 4801
4800 4802
4800 4803
4800 4804
4800 4805
4800 4806
4800 4807
4800 4808
4800 4809
4800 4810
4800 4811
4800 4812
4801 4802
4801 4803
4801 4804
4801 4805
4801 4806
4801 4813
4801 4814
4801 4815
4801 4816
4801 4819
4801 4833
4802 4803
4802 4804
4802 4807
4802 4808
4802 4813
4802 4814
4802 4817
4802 4818
4802 4820
4802 4834
4803 4805
4803 4807
4803 4809
4803 4813
4803 4815
4803 4817
4803 4821
4803 4823
4803 4835
4804 4806
4804 4808
4804 4810
4804 4814
4804 4816
4804 4818
4804 4822
4804 4824
4804 4836
4805 4806
4805 4809
4805 4811
4805 4815
4805 4819
4805 4821
4805 4825
4805 4827
4805 4837
4806 4810
4806 4811
4806 4816
4806 4819
4806 4822
4806 4825
4806 4828
4806 4838
4807 4808
4807 4809
4807 4812
4807 4817
4807 4820
4807 4823
4807 4826
4807 4829
4807 4839
4808 4810
4808 4812
4808 4818
4808 4820
4808 4824
4808 4826
4808 4830
4808 4840
4809 4811
4809 4812
4809 4821
4809 4823
4809 4827
4809 4829
4809 4831
4809 4841
4810 4811
4810 4812
4810 4822
4810 4824
4810 4828
4810 4830
4810 4832
4810 4842
4811 4812
4811 4825
4811 4827
4811 4828
4811 4831
4811 4832
4811 4843
4812 4826
4812 4829
4812 4830
4812 4831
4812 4832
4812 4844
4813 4814
4813 4815
4813 4817
4813 4833
4813 4834
4813 4835
4813 4845
4813 4846
4813 4848
4814 4816
4814 4818
4814 4833
4814 4834
4814 4836
4814 4845
4814 4847
4814 4849
4815 4819
4815 4821
4815 4833
4815 4835
4815 4837
4815 4846
4815 4850
4815 4854
4816 4819
4816 4822
4816 4833
4816 4836
4816 4838
4816 4847
4816 4851
4816 4855
4817 4820
4817 4823
4817 4834
4817 4835
4817 4839
4817 4848
4817 4852
4817 4856
4818 4820
4818 4824
4818 4834
4818 4836
4818 4840
4818 4849
4818 4853
4818 4857
4819 4825
4819 4833
4819 4837
4819 4838
4819 4850
4819 4851
4819 4858
4820 4826
4820 4834
4820 4839
4820 4840
4820 4852
4820 4853
4820 4861
4821 4823
4821 4827
4821 4835
4821 4837
4821 4841
4821 4854
4821 4859
4821 4862
4822 4824
4822 4828
4822 4836
4822 4838
4822 4842
4822 4855
4822 4860
4822 4863
4823 4829
4823 4835
4823 4839
4823 4841
4823 4856
4823 4859
4823 4864
4824 4830
4824 4836
4824 4840
4824 4842
4824 4857
4824 4860
4824 4865
4825 4827
4825 4828
4825 4837
4825 4838
4825 4843
4825 4858
4825 4866
4825 4867
4826 4829
4826 4830
4826 4839
4826 4840
4826 4844
4826 4861
4826 4868
4826 4869
4827 4831
4827 4837
4827 4841
4827 4843
4827 4862
4827 4866
4827 4870
4828 4832
4828 4838
4828 4842
4828 4843
4828 4863
4828 4867
4828 4871
4829 4831
4829 4839
4829 4841
4829 4844
4829 4864
4829 4868
4829 4872
4830 4832
4830 4840
4830 4842
4830 4844
4830 4865
4830 4869
4830 4873
4831 4832
4831 4841
4831 4843
4831 4844
4831 4870
4831 4872
4831 4874
4832 4842
4832 4843
4832 4844
4832 4871
4832 4873
4832 4874
4833 4845
4833 4846
4833 4847
4833 4850
4833 4851
4833 4875
4834 4845
4834 4848
4834 4849
4834 4852
4834 4853
4834 4876
4835 4846
4835 4848
4835 4854
4835 4856
4835 4859
4835 4877
4836 4847
4836 4849
4836 4855
4836 4857
4836 4860
4836 4878
4837 4850
4837 4854
4837 4858
4837 4862
4837 4866
4837 4879
4838 4851
4838 4855
4838 4858
4838 4863
4838 4867
4838 4880
4839 4852
4839 4856
4839 4861
4839 4864
4839 4868
4839 4881
4840 4853
4840 4857
4840 4861
4840 4865
4840 4869
4840 4882
4841 4859
4841 4862
4841 4864
4841 4870
4841 4872
4841 4883
4842 4860
4842 4863
4842 4865
4842 4871
4842 4873
4842 4884
4843 4866
4843 4867
4843 4870
4843 4871
4843 4874
4843 4885
4844 4868
4844 4869
4844 4872
4844 4873
4844 4874
4844 4886
4845 4846
4845 4847
4845 4848
4845 4849
4845 4875
4845 4876
4845 4887
4845 4888
4846 4848
4846 4850
4846 4854
4846 4875
4846 4877
4846 4887
4846 4889
4847 4849
4847 4851
4847 4855
4847 4875
4847 4878
4847 4888
4847 4890
4848 4852
4848 4856
4848 4876
4848 4877
4848 4887
4848 4891
4849 4853
4849 4857
4849 4876
4849 4878
4849 4888
4849 4892
4850 4851
4850 4854
4850 4858
4850 4875
4850 4879
4850 4889
4850 4893
4851 4855
4851 4858
4851 4875
4851 4880
4851 4890
4851 4893
4852 4853
4852 4856
4852 4861
4852 4876
4852 4881
4852 4891
4852 4894
4853 4857
4853 4861
4853 4876
4853 4882
4853 4892
4853 4894
4854 4859
4854 4862
4854 4877
4854 4879
4854 4889
4854 4895
4855 4860
4855 4863
4855 4878
4855 4880
4855 4890
4855 4896
4856 4859
4856 4864
4856 4877
4856 4881
4856 4891
4856 4897
4857 4860
4857 4865
4857 4878
4857 4882
4857 4892
4857 4898
4858 4866
4858 4867
4858 4879
4858 4880
4858 4893
4858 4899
4859 4862
4859 4864
4859 4877
4859 4883
4859 4895
4859 4897
4860 4863
4860 4865
4860 4878
4860 4884
4860 4896
4860 4898
4861 4868
4861 4869
4861 4881
4861 4882
4861 4894
4861 4900
4862 4866
4862 4870
4862 4879
4862 4883
4862 4895
4862 4901
4863 4867
4863 4871
4863 4880
4863 4884
4863 4896
4863 4902
4864 4868
4864 4872
4864 4881
4864 4883
4864 4897
4864 4903
4865 4869
4865 4873
4865 4882
4865 4884
4865 4898
4865 4904
4866 4867
4866 4870
4866 4879
4866 4885
4866 4899
4866 4901
4867 4871
4867 4880
4867 4885
4867 4899
4867 4902
4868 4869
4868 4872
4868 4881
4868 4886
4868 4900
4868 4903
4869 4873
4869 4882
4869 4886
4869 4900
4869 4904
4870 4872
4870 4874
4870 4883
4870 4885
4870 4901
4870 4905
4871 4873
4871 4874
4871 4884
4871 4885
4871 4902
4871 4906
4872 4874
4872 4883
4872 4886
4872 4903
4872 4905
4873 4874
4873 4884
4873 4886
4873 4904
4873 4906
4874 4885
4874 4886
4874 4905
4874 4906
4875 4887
4875 4888
4875 4889
4875 4890
4875 4893
4875 4907
4876 4887
4876 4888
4876 4891
4876 4892
4876 4894
4876 4908
4877 4887
4877 4889
4877 4891
4877 4895
4877 4897
4877 4909
4878 4888
4878 4890
4878 4892
4878 4896
4878 4898
4878 4910
4879 4889
4879 4893
4879 4895
4879 4899
4879 4901
4879 4911
4880 4890
4880 4893
4880 4896
4880 4899
4880 4902
4880 4912
4881 4891
4881 4894
4881 4897
4881 4900
4881 4903
4881 4913
4882 4892
4882 4894
4882 4898
4882 4900
4882 4904
4882 4914
4883 4895
4883 4897
4883 4901
4883 4903
4883 4905
4883 4915
4884 4896
4884 4898
4884 4902
4884 4904
4884 4906
4884 4916
4885 4899
4885 4901
4885 4902
4885 4905
4885 4906
4885 4917
4886 4900
4886 4903
4886 4904
4886 4905
4886 4906
4886 4918
4887 4888
4887 4889
4887 4891
4887 4907
4887 4908
4887 4909
4888 4890
4888 4892
4888 4907
4888 4908
4888 4910
4889 4893
4889 4895
4889 4907
4889 4909
4889 4911
4890 4893
4890 4896
4890 4907
4890 4910
4890 4912
4891 4894
4891 4897
4891 4908
4891 4909
4891 4913
4892 4894
4892 4898
4892 4908
4892 4910
4892 4914
4893 4899
4893 4907
4893 4911
4893 4912
4894 4900
4894 4908
4894 4913
4894 4914
4895 4897
4895 4901
4895 4909
4895 4911
4895 4915
4896 4898
4896 4902
4896 4910
4896 4912
4896 4916
4897 4903
4897 4909
4897 4913
4897 4915
4898 4904
4898 4910
4898 4914
4898 4916
4899 4901
4899 4902
4899 4911
4899 4912
4899 4917
4900 4903
4900 4904
4900 4913
4900 4914
4900 4918
4901 4905
4901 4911
4901 4915
4901 4917
4902 4906
4902 4912
4902 4916
4902 4917
4903 4905
4903 4913
4903 4915
4903 4918
4904 4906
4904 4914
4904 4916
4904 4918
4905 4906
4905 4915
4905 4917
4905 4918
4906 4916
4906 4917
4906 4918
4907 4908
4907 4909
4907 4910
4907 4911
4907 4912
4907 4919
4908 4909
4908 4910
4908 4913
4908 4914
4908 4919
4909 4911
4909 4913
4909 4915
4909 4919
4910 4912
4910 4914
4910 4916
4910 4919
4911 4912
4911 4915
4911 4917
4911 4919
4912 4916
4912 4917
4912 4919
4913 4914
4913 4915
4913 4918
4913 4919
4914 4916
4914 4918
4914 4919
4915 4917
4915 4918
4915 4919
4916 4917
4916 4918
4916 4919
4917 4918
4917 4919
4918 4919
4920 4921
4920 4922
4920 4923
4920 4924
4920 4925
4920 4926
4920 4927
4920 4928
4920 4929
4920 4930
4920 4931
4920 4932
4921 4922
4921 4923
4921 4924
4921 4925
4921 4926
4921 4933
4921 4934
4921 4935
4921 4936
4921 4939
4921 4953
4922 4923
4922 4924
4922 4927
4922 4928
4922 4933
4922 4934
4922 4937
4922 4938
4922 4940
4922 4954
4923 4925
4923 4927
4923 4929
4923 4933
4923 4935
4923 4937
4923 4941
4923 4943
4923 4955
4924 4926
4924 4928
4924 4930
4924 4934
4924 4936
4924 4938
4924 4942
4924 4944
4924 4956
4925 4926
4925 4929
4925 4931
4925 4935
4925 4939
4925 4941
4925 4945
4925 4947
4925 4957
4926 4930
4926 4931
4926 4936
4926 4939
4926 4942
4926 4945
4926 4948
4926 4958
4927 4928
4927 4929
4927 4932
4927 4937
4927 4940
4927 4943
4927 4946
4927 4949
4927 4959
4928 4930
4928 4932
4928 4938
4928 4940
4928 4944
4928 4946
4928 4950
4928 4960
4929 4931
4929 4932
4929 4941
4929 4943
4929 4947
4929 4949
4929 4951
4929 4961
4930 4931
4930 4932
4930 4942
4930 4944
4930 4948
4930 4950
4930 4952
4930 4962
4931 4932
4931 4945
4931 4947
4931 4948
4931 4951
4931 4952
4931 4963
4932 4946
4932 4949
4932 4950
4932 4951
4932 4952
4932 4964
4933 4934
4933 4935
4933 4937
4933 4953
4933 4954
4933 4955
4933 4965
4933 4966
4933 4968
4934 4936
4934 4938
4934 4953
4934 4954
4934 4956
4934 4965
4934 4967
4934 4969
4935 4939
4935 4941
4935 4953
4935 4955
4935 4957
4935 4966
4935 4970
4935 4974
4936 4939
4936 4942
4936 4953
4936 4956
4936 4958
4936 4967
4936 4971
4936 4975
4937 4940
4937 4943
4937 4954
4937 4955
4937 4959
4937 4968
4937 4972
4937 4976
4938 4940
4938 4944
4938 4954
4938 4956
4938 4960
4938 4969
4938 4973
4938 4977
4939 4945
4939 4953
4939 4957
4939 4958
4939 4970
4939 4971
4939 4978
4940 4946
4940 4954
4940 4959
4940 4960
4940 4972
4940 4973
4940 4981
4941 4943
4941 4947
4941 4955
4941 4957
4941 4961
4941 4974
4941 4979
4941 4982
4942 4944
4942 4948
4942 4956
4942 4958
4942 4962
4942 4975
4942 4980
4942 4983
4943 4949
4943 4955
4943 4959
4943 4961
4943 4976
4943 4979
4943 4984
4944 4950
4944 4956
4944 4960
4944 4962
4944 4977
4944 4980
4944 4985
4945 4947
4945 4948
4945 4957
4945 4958
4945 4963
4945 4978
4945 4986
4945 4987
4946 4949
4946 4950
4946 4959
4946 4960
4946 4964
4946 4981
4946 4988
4946 4989
4947 4951
4947 4957
4947 4961
4947 4963
4947 4982
4947 4986
4947 4990
4948 4952
4948 4958
4948 4962
4948 4963
4948 4983
4948 4987
4948 4991
4949 4951
4949 4959
4949 4961
4949 4964
4949 4984
4949 4988
4949 4992
4950 4952
4950 4960
4950 4962
4950 4964
4950 4985
4950 4989
4950 4993
4951 4952
4951 4961
4951 4963
4951 4964
4951 4990
4951 4992
4951 4994
4952 4962
4952 4963
4952 4964
4952 4991
4952 4993
4952 4994
4953 4965
4953 4966
4953 4967
4953 4970
4953 4971
4953 4995
4954 4965
4954 4968
4954 4969
4954 4972
4954 4973
4954 4996
4955 4966
4955 4968
4955 4974
4955 4976
4955 4979
4955 4997
4956 4967
4956 4969
4956 4975
4956 4977
4956 4980
4956 4998
4957 4970
4957 4974
4957 4978
4957 4982
4957 4986
4957 4999
4958 4971
4958 4975
4958 4978
4958 4983
4958 4987
4958 5000
4959 4972
4959 4976
4959 4981
4959 4984
4959 4988
4959 5001
4960 4973
4960 4977
4960 4981
4960 4985
4960 4989
4960 5002
4961 4979
4961 4982
4961 4984
4961 4990
4961 4992
4961 5003
4962 4980
4962 4983
4962 4985
4962 4991
4962 4993
4962 5004
4963 4986
4963 4987
4963 4990
4963 4991
4963 4994
4963 5005
4964 4988
4964 4989
4964 4992
4964 4993
4964 4994
4964 5006
4965 4966
4965 4967
4965 4968
4965 4969
4965 4995
4965 4996
4965 5007
4965 5008
4966 4968
4966 4970
4966 4974
4966 4995
4966 4997
4966 5007
4966 5009
4967 4969
4967 4971
4967 4975
4967 4995
4967 4998
4967 5008
4967 5010
4968 4972
4968 4976
4968 4996
4968 4997
4968 5007
4968 5011
4969 4973
4969 4977
4969 4996
4969 4998
4969 5008
4969 5012
4970 4971
4970 4974
4970 4978
4970 4995
4970 4999
4970 5009
4970 5013
4971 4975
4971 4978
4971 4995
4971 5000
4971 5010
4971 5013
4972 4973
4972 4976
4972 4981
4972 4996
4972 5001
4972 5011
4972 5014
4973 4977
4973 4981
4973 4996
4973 5002
4973 5012
4973 5014
4974 4979
4974 4982
4974 4997
4974 4999
4974 5009
4974 5015
4975 4980
4975 4983
4975 4998
4975 5000
4975 5010
4975 5016
4976 4979
4976 4984
4976 4997
4976 5001
4976 5011
4976 5017
4977 4980
4977 4985
4977 4998
4977 5002
4977 5012
4977 5018
4978 4986
4978 4987
4978 4999
4978 5000
4978 5013
4978 5019
4979 4982
4979 4984
4979 4997
4979 5003
4979 5015
4979 5017
4980 4983
4980 4985
4980 4998
4980 5004
4980 5016
4980 5018
4981 4988
4981 4989
4981 5001
4981 5002
4981 5014
4981 5020
4982 4986
4982 4990
4982 4999
4982 5003
4982 5015
4982 5021
4983 4987
4983 4991
4983 5000
4983 5004
4983 5016
4983 5022
4984 4988
4984 4992
4984 5001
4984 5003
4984 5017
4984 5023
4985 4989
4985 4993
4985 5002
4985 5004
4985 5018
4985 5024
4986 4987
4986 4990
4986 4999
4986 5005
4986 5019
4986 5021
4987 4991
4987 5000
4987 5005
4987 5019
4987 5022
4988 4989
4988 4992
4988 5001
4988 5006
4988 5020
4988 5023
4989 4993
4989 5002
4989 5006
4989 5020
4989 5024
4990 4992
4990 4994
4990 5003
4990 5005
4990 5021
4990 5025
4991 4993
4991 4994
4991 5004
4991 5005
4991 5022
4991 5026
4992 4994
4992 5003
4992 5006
4992 5023
4992 5025
4993 4994
4993 5004
4993 5006
4993 5024
4993 5026
4994 5005
4994 5006
4994 5025
4994 5026
4995 5007
4995 5008
4995 5009
4995 5010
4995 5013
4995 5027
4996 5007
4996 5008
4996 5011
4996 5012
4996 5014
4996 5028
4997 5007
4997 5009
4997 5011
4997 5015
4997 5017
4997 5029
4998 5008
4998 5010
4998 5012
4998 5016
4998 5018
4998 5030
4999 5009
4999 5013
4999 5015
4999 5019
4999 5021
4999 5031
5000 5010
5000 5013
5000 5016
5000 5019
5000 5022
5000 5032
5001 5011
5001 5014
5001 5017
5001 5020
5001 5023
5001 5033
5002 5012
5002 5014
5002 5018
5002 5020
5002 5024
5002 5034
5003 5015
5003 5017
5003 5021
5003 5023
5003 5025
5003 5035
5004 5016
5004 5018
5004 5022
5004 5024
5004 5026
5004 5036
5005 5019
5005 5021
5005 5022
5005 5025
5005 5026
5005 5037
5006 5020
5006 5023
5006 5024
5006 5025
5006 5026
5006 5038
5007 5008
5007 5009
5007 5011
5007 5027
5007 5028
5007 5029
5008 5010
5008 5012
5008 5027
5008 5028
5008 5030
5009 5013
5009 5015
5009 5027
5009 5029
5009 5031
5010 5013
5010 5016
5010 5027
5010 5030
5010 5032
5011 5014
5011 5017
5011 5028
5011 5029
5011 5033
5012 5014
5012 5018
5012 5028
5012 5030
5012 5034
5013 5019
5013 5027
5013 5031
5013 5032
5014 5020
5014 5028
5014 5033
5014 5034
5015 5017
5015 5021
5015 5029
5015 5031
5015 5035
5016 5018
5016 5022
5016 5030
5016 5032
5016 5036
5017 5023
5017 5029
5017 5033
5017 5035
5018 5024
5018 5030
5018 5034
5018 5036
5019 5021
5019 5022
5019 5031
5019 5032
5019 5037
5020 5023
5020 5024
5020 5033
5020 5034
5020 5038
5021 5025
5021 5031
5021 5035
5021 5037
5022 5026
5022 5032
5022 5036
5022 5037
5023 5025
5023 5033
5023 5035
5023 5038
5024 5026
5024 5034
5024 5036
5024 5038
5025 5026
5025 5035
5025 5037
5025 5038
5026 5036
5026 5037
5026 5038
5027 5028
5027 5029
5027 5030
5027 5031
5027 5032
5027 5039
5028 5029
5028 5030
5028 5033
5028 5034
5028 5039
5029 5031
5029 5033
5029 5035
5029 5039
5030 5032
5030 5034
5030 5036
5030 5039
5031 5032
5031 5035
5031 5037
5031 5039
5032 5036
5032 5037
5032 5039
5033 5034
5033 5035
5033 5038
5033 5039
5034 5036
5034 5038
5034 5039
5035 5037
5035 5038
5035 5039
5036 5037
5036 5038
5036 5039
5037 5038
5037 5039
5038 5039
5040 5041
5040 5042
5040 5043
5040 5044
5040 5045
5040 5046
5040 5047
5040 5048
5040 5049
5040 5050
5040 5051
5040 5052
5041 5042
5041 5043
5041 5044
5041 5045
5041 5046
5041 5053
5041 5054
5041 5055
5041 5056
5041 5059
5041 5073
5042 5043
5042 5044
5042 5047
5042 5048
5042 5053
5042 5054
5042 5057
5042 5058
5042 5060
5042 5074
5043 5045
5043 5047
5043 5049
5043 5053
5043 5055
5043 5057
5043 5061
5043 5063
5043 5075
5044 5046
5044 5048
5044 5050
5044 5054
5044 5056
5044 5058
5044 5062
5044 5064
5044 5076
5045 5046
5045 5049
5045 5051
5045 5055
5045 5059
5045 5061
5045 5065
5045 5067
5045 5077
5046 5050
5046 5051
5046 5056
5046 5059
5046 5062
5046 5065
5046 5068
5046 5078
5047 5048
5047 5049
5047 5052
5047 5057
5047 5060
5047 5063
5047 5066
5047 5069
5047 5079
5048 5050
5048 5052
5048 5058
5048 5060
5048 5064
5048 5066
5048 5070
5048 5080
5049 5051
5049 5052
5049 5061
5049 5063
5049 5067
5049 5069
5049 5071
5049 5081
5050 5051
5050 5052
5050 5062
5050 5064
5050 5068
5050 5070
5050 5072
5050 5082
5051 5052
5051 5065
5051 5067
5051 5068
5051 5071
5051 5072
5051 5083
5052 5066
5052 5069
5052 5070
5052 5071
5052 5072
5052 5084
5053 5054
5053 5055
5053 5057
5053 5073
5053 5074
5053 5075
5053 5085
5053 5086
5053 5088
5054 5056
5054 5058
5054 5073
5054 5074
5054 5076
5054 5085
5054 5087
5054 5089
5055 5059
5055 5061
5055 5073
5055 5075
5055 5077
5055 5086
5055 5090
5055 5094
5056 5059
5056 5062
5056 5073
5056 5076
5056 5078
5056 5087
5056 5091
5056 5095
5057 5060
5057 5063
5057 5074
5057 5075
5057 5079
5057 5088
5057 5092
5057 5096
5058 5060
5058 5064
5058 5074
5058 5076
5058 5080
5058 5089
5058 5093
5058 5097
5059 5065
5059 5073
5059 5077
5059 5078
5059 5090
5059 5091
5059 5098
5060 5066
5060 5074
5060 5079
5060 5080
5060 5092
5060 5093
5060 5101
5061 5063
5061 5067
5061 5075
5061 5077
5061 5081
5061 5094
5061 5099
5061 5102
5062 5064
5062 5068
5062 5076
5062 5078
5062 5082
5062 5095
5062 5100
5062 5103
5063 5069
5063 5075
5063 5079
5063 5081
5063 5096
5063 5099
5063 5104
5064 5070
5064 5076
5064 5080
5064 5082
5064 5097
5064 5100
5064 5105
5065 5067
5065 5068
5065 5077
5065 5078
5065 5083
5065 5098
5065 5106
5065 5107
5066 5069
5066 5070
5066 5079
5066 5080
5066 5084
5066 5101
5066 5108
5066 5109
5067 5071
5067 5077
5067 5081
5067 5083
5067 5102
5067 5106
5067 5110
5068 5072
5068 5078
5068 5082
5068 5083
5068 5103
5068 5107
5068 5111
5069 5071
5069 5079
5069 5081
5069 5084
5069 5104
5069 5108
5069 5112
5070 5072
5070 5080
5070 5082
5070 5084
5070 5105
5070 5109
5070 5113
5071 5072
5071 5081
5071 5083
5071 5084
5071 5110
5071 5112
5071 5114
5072 5082
5072 5083
5072 5084
5072 5111
5072 5113
5072 5114
5073 5085
5073 5086
5073 5087
5073 5090
5073 5091
5073 5115
5074 5085
5074 5088
5074 5089
5074 5092
5074 5093
5074 5116
5075 5086
5075 5088
5075 5094
5075 5096
5075 5099
5075 5117
5076 5087
5076 5089
5076 5095
5076 5097
5076 5100
5076 5118
5077 5090
5077 5094
5077 5098
5077 5102
5077 5106
5077 5119
5078 5091
5078 5095
5078 5098
5078 5103
5078 5107
5078 5120
5079 5092
5079 5096
5079 5101
5079 5104
5079 5108
5079 5121
5080 5093
5080 5097
5080 5101
5080 5105
5080 5109
5080 5122
5081 5099
5081 5102
5081 5104
5081 5110
5081 5112
5081 5123
5082 5100
5082 5103
5082 5105
5082 5111
5082 5113
5082 5124
5083 5106
5083 5107
5083 5110
5083 5111
5083 5114
5083 5125
5084 5108
5084 5109
5084 5112
5084 5113
5084 5114
5084 5126
5085 5086
5085 5087
5085 5088
5085 5089
5085 5115
5085 5116
5085 5127
5085 5128
5086 5088
5086 5090
5086 5094
5086 5115
5086 5117
5086 5127
5086 5129
5087 5089
5087 5091
5087 5095
5087 5115
5087 5118
5087 5128
5087 5130
5088 5092
5088 5096
5088 5116
5088 5117
5088 5127
5088 5131
5089 5093
5089 5097
5089 5116
5089 5118
5089 5128
5089 5132
5090 5091
5090 5094
5090 5098
5090 5115
5090 5119
5090 5129
5090 5133
5091 5095
5091 5098
5091 5115
5091 5120
5091 5130
5091 5133
5092 5093
5092 5096
5092 5101
5092 5116
5092 5121
5092 5131
5092 5134
5093 5097
5093 5101
5093 5116
5093 5122
5093 5132
5093 5134
5094 5099
5094 5102
5094 5117
5094 5119
5094 5129
5094 5135
5095 5100
5095 5103
5095 5118
5095 5120
5095 5130
5095 5136
5096 5099
5096 5104
5096 5117
5096 5121
5096 5131
5096 5137
5097 5100
5097 5105
5097 5118
5097 5122
5097 5132
5097 5138
5098 5106
5098 5107
5098 5119
5098 5120
5098 5133
5098 5139
5099 5102
5099 5104
5099 5117
5099 5123
5099 5135
5099 5137
5100 5103
5100 5105
5100 5118
5100 5124
5100 5136
5100 5138
5101 5108
5101 5109
5101 5121
5101 5122
5101 5134
5101 5140
5102 5106
5102 5110
5102 5119
5102 5123
5102 5135
5102 5141
5103 5107
5103 5111
5103 5120
5103 5124
5103 5136
5103 5142
5104 5108
5104 5112
5104 5121
5104 5123
5104 5137
5104 5143
5105 5109
5105 5113
5105 5122
5105 5124
5105 5138
5105 5144
5106 5107
5106 5110
5106 5119
5106 5125
5106 5139
5106 5141
5107 5111
5107 5120
5107 5125
5107 5139
5107 5142
5108 5109
5108 5112
5108 5121
5108 5126
5108 5140
5108 5143
5109 5113
5109 5122
5109 5126
5109 5140
5109 5144
5110 5112
5110 5114
5110 5123
5110 5125
5110 5141
5110 5145
5111 5113
5111 5114
5111 5124
5111 5125
5111 5142
5111 5146
5112 5114
5112 5123
5112 5126
5112 5143
5112 5145
5113 5114
5113 5124
5113 5126
5113 5144
5113 5146
5114 5125
5114 5126
5114 5145
5114 5146
5115 5127
5115 5128
5115 5129
5115 5130
5115 5133
5115 5147
5116 5127
5116 5128
5116 5131
5116 5132
5116 5134
5116 5148
5117 5127
5117 5129
5117 5131
5117 5135
5117 5137
5117 5149
5118 5128
5118 5130
5118 5132
5118 5136
5118 5138
5118 5150
5119 5129
5119 5133
5119 5135
5119 5139
5119 5141
5119 5151
5120 5130
5120 5133
5120 5136
5120 5139
5120 5142
5120 5152
5121 5131
5121 5134
5121 5137
5121 5140
5121 5143
5121 5153
5122 5132
5122 5134
5122 5138
5122 5140
5122 5144
5122 5154
5123 5135
5123 5137
5123 5141
5123 5143
5123 5145
5123 5155
5124 5136
5124 5138
5124 5142
5124 5144
5124 5146
5124 5156
5125 5139
5125 5141
5125 5142
5125 5145
5125 5146
5125 5157
5126 5140
5126 5143
5126 5144
5126 5145
5126 5146
5126 5158
5127 5128
5127 5129
5127 5131
5127 5147
5127 5148
5127 5149
5128 5130
5128 5132
5128 5147
5128 5148
5128 5150
5129 5133
5129 5135
5129 5147
5129 5149
5129 5151
5130 5133
5130 5136
5130 5147
5130 5150
5130 5152
5131 5134
5131 5137
5131 5148
5131 5149
5131 5153
5132 5134
5132 5138
5132 5148
5132 5150
5132 5154
5133 5139
5133 5147
5133 5151
5133 5152
5134 5140
5134 5148
5134 5153
5134 5154
5135 5137
5135 5141
5135 5149
5135 5151
5135 5155
5136 5138
5136 5142
5136 5150
5136 5152
5136 5156
5137 5143
5137 5149
5137 5153
5137 5155
5138 5144
5138 5150
5138 5154
5138 5156
5139 5141
5139 5142
5139 5151
5139 5152
5139 5157
5140 5143
5140 5144
5140 5153
5140 5154
5140 5158
5141 5145
5141 5151
5141 5155
5141 5157
5142 5146
5142 5152
5142 5156
5142 5157
5143 5145
5143 5153
5143 5155
5143 5158
5144 5146
5144 5154
5144 5156
5144 5158
5145 5146
5145 5155
5145 5157
5145 5158
5146 5156
5146 5157
5146 5158
5147 5148
5147 5149
5147 5150
5147 5151
5147 5152
5147 5159
5148 5149
5148 5150
5148 5153
5148 5154
5148 5159
5149 5151
5149 5153
5149 5155
5149 5159
5150 5152
5150 5154
5150 5156
5150 5159
5151 5152
5151 5155
5151 5157
5151 5159
5152 5156
5152 5157
5152 5159
5153 5154
5153 5155
5153 5158
5153 5159
5154 5156
5154 5158
5154 5159
5155 5157
5155 5158
5155 5159
5156 5157
5156 5158
5156 5159
5157 5158
5157 5159
5158 5159
5160 5161
5160 5162
5160 5163
5160 5164
5160 5165
5160 5166
5160 5167
5160 5168
5160 5169
5160 5170
5160 5171
5160 5172
5161 5162
5161 5163
5161 5164
5161 5165
5161 5166
5161 5173
5161 5174
5161 5175
5161 5176
5161 5179
5161 5193
5162 5163
5162 5164
5162 5167
5162 5168
5162 5173
5162 5174
5162 5177
5162 5178
5162 5180
5162 5194
5163 5165
5163 5167
5163 5169
5163 5173
5163 5175
5163 5177
5163 5181
5163 5183
5163 5195
5164 5166
5164 5168
5164 5170
5164 5174
5164 5176
5164 5178
5164 5182
5164 5184
5164 5196
5165 5166
5165 5169
5165 5171
5165 5175
5165 5179
5165 5181
5165 5185
5165 5187
5165 5197
5166 5170
5166 5171
5166 5176
5166 5179
5166 5182
5166 5185
5166 5188
5166 5198
5167 5168
5167 5169
5167 5172
5167 5177
5167 5180
5167 5183
5167 5186
5167 5189
5167 5199
5168 5170
5168 5172
5168 5178
5168 5180
5168 5184
5168 5186
5168 5190
5168 5200
5169 5171
5169 5172
5169 5181
5169 5183
5169 5187
5169 5189
5169 5191
5169 5201
5170 5171
5170 5172
5170 5182
5170 5184
5170 5188
5170 5190
5170 5192
5170 5202
5171 5172
5171 5185
5171 5187
5171 5188
5171 5191
5171 5192
5171 5203
5172 5186
5172 5189
5172 5190
5172 5191
5172 5192
5172 5204
5173 5174
5173 5175
5173 5177
5173 5193
5173 5194
5173 5195
5173 5205
5173 5206
5173 5208
5174 5176
5174 5178
5174 5193
5174 5194
5174 5196
5174 5205
5174 5207
5174 5209
5175 5179
5175 5181
5175 5193
5175 5195
5175 5197
5175 5206
5175 5210
5175 5214
5176 5179
5176 5182
5176 5193
5176 5196
5176 5198
5176 5207
5176 5211
5176 5215
5177 5180
5177 5183
5177 5194
5177 5195
5177 5199
5177 5208
5177 5212
5177 5216
5178 5180
5178 5184
5178 5194
5178 5196
5178 5200
5178 5209
5178 5213
5178 5217
5179 5185
5179 5193
5179 5197
5179 5198
5179 5210
5179 5211
5179 5218
5180 5186
5180 5194
5180 5199
5180 5200
5180 5212
5180 5213
5180 5221
5181 5183
5181 5187
5181 5195
5181 5197
5181 5201
5181 5214
5181 5219
5181 5222
5182 5184
5182 5188
5182 5196
5182 5198
5182 5202
5182 5215
5182 5220
5182 5223
5183 5189
5183 5195
5183 5199
5183 5201
5183 5216
5183 5219
5183 5224
5184 5190
5184 5196
5184 5200
5184 5202
5184 5217
5184 5220
5184 5225
5185 5187
5185 5188
5185 5197
5185 5198
5185 5203
5185 5218
5185 5226
5185 5227
5186 5189
5186 5190
5186 5199
5186 5200
5186 5204
5186 5221
5186 5228
5186 5229
5187 5191
5187 5197
5187 5201
5187 5203
5187 5222
5187 5226
5187 5230
5188 5192
5188 5198
5188 5202
5188 5203
5188 5223
5188 5227
5188 5231
5189 5191
5189 5199
5189 5201
5189 5204
5189 5224
5189 5228
5189 5232
5190 5192
5190 5200
5190 5202
5190 5204
5190 5225
5190 5229
5190 5233
5191 5192
5191 5201
5191 5203
5191 5204
5191 5230
5191 5232
5191 5234
5192 5202
5192 5203
5192 5204
5192 5231
5192 5233
5192 5234
5193 5205
5193 5206
5193 5207
5193 5210
5193 5211
5193 5235
5194 5205
5194 5208
5194 5209
5194 5212
5194 5213
5194 5236
5195 5206
5195 5208
5195 5214
5195 5216
5195 5219
5195 5237
5196 5207
5196 5209
5196 5215
5196 5217
5196 5220
5196 5238
5197 5210
5197 5214
5197 5218
5197 5222
5197 5226
5197 5239
5198 5211
5198 5215
5198 5218
5198 5223
5198 5227
5198 5240
5199 5212
5199 5216
5199 5221
5199 5224
5199 5228
5199 5241
5200 5213
5200 5217
5200 5221
5200 5225
5200 5229
5200 5242
5201 5219
5201 5222
5201 5224
5201 5230
5201 5232
5201 5243
5202 5220
5202 5223
5202 5225
5202 5231
5202 5233
5202 5244
5203 5226
5203 5227
5203 5230
5203 5231
5203 5234
5203 5245
5204 5228
5204 5229
5204 5232
5204 5233
5204 5234
5204 5246
5205 5206
5205 5207
5205 5208
5205 5209
5205 5235
5205 5236
5205 5247
5205 5248
5206 5208
5206 5210
5206 5214
5206 5235
5206 5237
5206 5247
5206 5249
5207 5209
5207 5211
5207 5215
5207 5235
5207 5238
5207 5248
5207 5250
5208 5212
5208 5216
5208 5236
5208 5237
5208 5247
5208 5251
5209 5213
5209 5217
5209 5236
5209 5238
5209 5248
5209 5252
5210 5211
5210 5214
5210 5218
5210 5235
5210 5239
5210 5249
5210 5253
5211 5215
5211 5218
5211 5235
5211 5240
5211 5250
5211 5253
5212 5213
5212 5216
5212 5221
5212 5236
5212 5241
5212 5251
5212 5254
5213 5217
5213 5221
5213 5236
5213 5242
5213 5252
5213 5254
5214 5219
5214 5222
5214 5237
5214 5239
5214 5249
5214 5255
5215 5220
5215 5223
5215 5238
5215 5240
5215 5250
5215 5256
5216 5219
5216 5224
5216 5237
5216 5241
5216 5251
5216 5257
5217 5220
5217 5225
5217 5238
5217 5242
5217 5252
5217 5258
5218 5226
5218 5227
5218 5239
5218 5240
5218 5253
5218 5259
5219 5222
5219 5224
5219 5237
5219 5243
5219 5255
5219 5257
5220 5223
5220 5225
5220 5238
5220 5244
5220 5256
5220 5258
5221 5228
5221 5229
5221 5241
5221 5242
5221 5254
5221 5260
5222 5226
5222 5230
5222 5239
5222 5243
5222 5255
5222 5261
5223 5227
5223 5231
5223 5240
5223 5244
5223 5256
5223 5262
5224 5228
5224 5232
5224 5241
5224 5243
5224 5257
5224 5263
5225 5229
5225 5233
5225 5242
5225 5244
5225 5258
5225 5264
5226 5227
5226 5230
5226 5239
5226 5245
5226 5259
5226 5261
5227 5231
5227 5240
5227 5245
5227 5259
5227 5262
5228 5229
5228 5232
5228 5241
5228 5246
5228 5260
5228 5263
5229 5233
5229 5242
5229 5246
5229 5260
5229 5264
5230 5232
5230 5234
5230 5243
5230 5245
5230 5261
5230 5265
5231 5233
5231 5234
5231 5244
5231 5245
5231 5262
5231 5266
5232 5234
5232 5243
5232 5246
5232 5263
5232 5265
5233 5234
5233 5244
5233 5246
5233 5264
5233 5266
5234 5245
5234 5246
5234 5265
5234 5266
5235 5247
5235 5248
5235 5249
5235 5250
5235 5253
5235 5267
5236 5247
5236 5248
5236 5251
5236 5252
5236 5254
5236 5268
5237 5247
5237 5249
5237 5251
5237 5255
5237 5257
5237 5269
5238 5248
5238 5250
5238 5252
5238 5256
5238 5258
5238 5270
5239 5249
5239 5253
5239 5255
5239 5259
5239 5261
5239 5271
5240 5250
5240 5253
5240 5256
5240 5259
5240 5262
5240 5272
5241 5251
5241 5254
5241 5257
5241 5260
5241 5263
5241 5273
5242 5252
5242 5254
5242 5258
5242 5260
5242 5264
5242 5274
5243 5255
5243 5257
5243 5261
5243 5263
5243 5265
5243 5275
5244 5256
5244 5258
5244 5262
5244 5264
5244 5266
5244 5276
5245 5259
5245 5261
5245 5262
5245 5265
5245 5266
5245 5277
5246 5260
5246 5263
5246 5264
5246 5265
5246 5266
5246 5278
5247 5248
5247 5249
5247 5251
5247 5267
5247 5268
5247 5269
5248 5250
5248 5252
5248 5267
5248 5268
5248 5270
5249 5253
5249 5255
5249 5267
5249 5269
5249 5271
5250 5253
5250 5256
5250 5267
5250 5270
5250 5272
5251 5254
5251 5257
5251 5268
5251 5269
5251 5273
5252 5254
5252 5258
5252 5268
5252 5270
5252 5274
5253 5259
5253 5267
5253 5271
5253 5272
5254 5260
5254 5268
5254 5273
5254 5274
5255 5257
5255 5261
5255 5269
5255 5271
5255 5275
5256 5258
5256 5262
5256 5270
5256 5272
5256 5276
5257 5263
5257 5269
5257 5273
5257 5275
5258 5264
5258 5270
5258 5274
5258 5276
5259 5261
5259 5262
5259 5271
5259 5272
5259 5277
5260 5263
5260 5264
5260 5273
5260 5274
5260 5278
5261 5265
5261 5271
5261 5275
5261 5277
5262 5266
5262 5272
5262 5276
5262 5277
5263 5265
5263 5273
5263 5275
5263 5278
5264 5266
5264 5274
5264 5276
5264 5278
5265 5266
5265 5275
5265 5277
5265 5278
5266 5276
5266 5277
5266 5278
5267 5268
5267 5269
5267 5270
5267 5271
5267 5272
5267 5279
5268 5269
5268 5270
5268 5273
5268 5274
5268 5279
5269 5271
5269 5273
5269 5275
5269 5279
5270 5272
5270 5274
5270 5276
5270 5279
5271 5272
5271 5275
5271 5277
5271 5279
5272 5276
5272 5277
5272 5279
5273 5274
5273 5275
5273 5278
5273 5279
5274 5276
5274 5278
5274 5279
5275 5277
5275 5278
5275 5279
5276 5277
5276 5278
5276 5279
5277 5278
5277 5279
5278 5279
5280 5281
5280 5282
5280 5283
5280 5284
5280 5285
5280 5286
5280 5287
5280 5288
5280 5289
5280 5290
5280 5291
5280 5292
5281 5282
5281 5283
5281 5284
5281 5285
5281 5286
5281 5293
5281 5294
5281 5295
5281 5296
5281 5299
5281 5313
5282 5283
5282 5284
5282 5287
5282 5288
5282 5293
5282 5294
5282 5297
5282 5298
5282 5300
5282 5314
5283 5285
5283 5287
5283 5289
5283 5293
5283 5295
5283 5297
5283 5301
5283 5303
5283 5315
5284 5286
5284 5288
5284 5290
5284 5294
5284 5296
5284 5298
5284 5302
5284 5304
5284 5316
5285 5286
5285 5289
5285 5291
5285 5295
5285 5299
5285 5301
5285 5305
5285 5307
5285 5317
5286 5290
5286 5291
5286 5296
5286 5299
5286 5302
5286 5305
5286 5308
5286 5318
5287 5288
5287 5289
5287 5292
5287 5297
5287 5300
5287 5303
5287 5306
5287 5309
5287 5319
5288 5290
5288 5292
5288 5298
5288 5300
5288 5304
5288 5306
5288 5310
5288 5320
5289 5291
5289 5292
5289 5301
5289 5303
5289 5307
5289 5309
5289 5311
5289 5321
5290 5291
5290 5292
5290 5302
5290 5304
5290 5308
5290 5310
5290 5312
5290 5322
5291 5292
5291 5305
5291 5307
5291 5308
5291 5311
5291 5312
5291 5323
5292 5306
5292 5309
5292 5310
5292 5311
5292 5312
5292 5324
5293 5294
5293 5295
5293 5297
5293 5313
5293 5314
5293 5315
5293 5325
5293 5326
5293 5328
5294 5296
5294 5298
5294 5313
5294 5314
5294 5316
5294 5325
5294 5327
5294 5329
5295 5299
5295 5301
5295 5313
5295 5315
5295 5317
5295 5326
5295 5330
5295 5334
5296 5299
5296 5302
5296 5313
5296 5316
5296 5318
5296 5327
5296 5331
5296 5335
5297 5300
5297 5303
5297 5314
5297 5315
5297 5319
5297 5328
5297 5332
5297 5336
5298 5300
5298 5304
5298 5314
5298 5316
5298 5320
5298 5329
5298 5333
5298 5337
5299 5305
5299 5313
5299 5317
5299 5318
5299 5330
5299 5331
5299 5338
5300 5306
5300 5314
5300 5319
5300 5320
5300 5332
5300 5333
5300 5341
5301 5303
5301 5307
5301 5315
5301 5317
5301 5321
5301 5334
5301 5339
5301 5342
5302 5304
5302 5308
5302 5316
5302 5318
5302 5322
5302 5335
5302 5340
5302 5343
5303 5309
5303 5315
5303 5319
5303 5321
5303 5336
5303 5339
5303 5344
5304 5310
5304 5316
5304 5320
5304 5322
5304 5337
5304 5340
5304 5345
5305 5307
5305 5308
5305 5317
5305 5318
5305 5323
5305 5338
5305 5346
5305 5347
5306 5309
5306 5310
5306 5319
5306 5320
5306 5324
5306 5341
5306 5348
5306 5349
5307 5311
5307 5317
5307 5321
5307 5323
5307 5342
5307 5346
5307 5350
5308 5312
5308 5318
5308 5322
5308 5323
5308 5343
5308 5347
5308 5351
5309 5311
5309 5319
5309 5321
5309 5324
5309 5344
5309 5348
5309 5352
5310 5312
5310 5320
5310 5322
5310 5324
5310 5345
5310 5349
5310 5353
5311 5312
5311 5321
5311 5323
5311 5324
5311 5350
5311 5352
5311 5354
5312 5322
5312 5323
5312 5324
5312 5351
5312 5353
5312 5354
5313 5325
5313 5326
5313 5327
5313 5330
5313 5331
5313 5355
5314 5325
5314 5328
5314 5329
5314 5332
5314 5333
5314 5356
5315 5326
5315 5328
5315 5334
5315 5336
5315 5339
5315 5357
5316 5327
5316 5329
5316 5335
5316 5337
5316 5340
5316 5358
5317 5330
5317 5334
5317 5338
5317 5342
5317 5346
5317 5359
5318 5331
5318 5335
5318 5338
5318 5343
5318 5347
5318 5360
5319 5332
5319 5336
5319 5341
5319 5344
5319 5348
5319 5361
5320 5333
5320 5337
5320 5341
5320 5345
5320 5349
5320 5362
5321 5339
5321 5342
5321 5344
5321 5350
5321 5352
5321 5363
5322 5340
5322 5343
5322 5345
5322 5351
5322 5353
5322 5364
5323 5346
5323 5347
5323 5350
5323 5351
5323 5354
5323 5365
5324 5348
5324 5349
5324 5352
5324 5353
5324 5354
5324 5366
5325 5326
5325 5327
5325 5328
5325 5329
5325 5355
5325 5356
5325 5367
5325 5368
5326 5328
5326 5330
5326 5334
5326 5355
5326 5357
5326 5367
5326 5369
5327 5329
5327 5331
5327 5335
5327 5355
5327 5358
5327 5368
5327 5370
5328 5332
5328 5336
5328 5356
5328 5357
5328 5367
5328 5371
5329 5333
5329 5337
5329 5356
5329 5358
5329 5368
5329 5372
5330 5331
5330 5334
5330 5338
5330 5355
5330 5359
5330 5369
5330 5373
5331 5335
5331 5338
5331 5355
5331 5360
5331 5370
5331 5373
5332 5333
5332 5336
5332 5341
5332 5356
5332 5361
5332 5371
5332 5374
5333 5337
5333 5341
5333 5356
5333 5362
5333 5372
5333 5374
5334 5339
5334 5342
5334 5357
5334 5359
5334 5369
5334 5375
5335 5340
5335 5343
5335 5358
5335 5360
5335 5370
5335 5376
5336 5339
5336 5344
5336 5357
5336 5361
5336 5371
5336 5377
5337 5340
5337 5345
5337 5358
5337 5362
5337 5372
5337 5378
5338 5346
5338 5347
5338 5359
5338 5360
5338 5373
5338 5379
5339 5342
5339 5344
5339 5357
5339 5363
5339 5375
5339 5377
5340 5343
5340 5345
5340 5358
5340 5364
5340 5376
5340 5378
5341 5348
5341 5349
5341 5361
5341 5362
5341 5374
5341 5380
5342 5346
5342 5350
5342 5359
5342 5363
5342 5375
5342 5381
5343 5347
5343 5351
5343 5360
5343 5364
5343 5376
5343 5382
5344 5348
5344 5352
5344 5361
5344 5363
5344 5377
5344 5383
5345 5349
5345 5353
5345 5362
5345 5364
5345 5378
5345 5384
5346 5347
5346 5350
5346 5359
5346 5365
5346 5379
5346 5381
5347 5351
5347 5360
5347 5365
5347 5379
5347 5382
5348 5349
5348 5352
5348 5361
5348 5366
5348 5380
5348 5383
5349 5353
5349 5362
5349 5366
5349 5380
5349 5384
5350 5352
5350 5354
5350 5363
5350 5365
5350 5381
5350 5385
5351 5353
5351 5354
5351 5364
5351 5365
5351 5382
5351 5386
5352 5354
5352 5363
5352 5366
5352 5383
5352 5385
5353 5354
5353 5364
5353 5366
5353 5384
5353 5386
5354 5365
5354 5366
5354 5385
5354 5386
5355 5367
5355 5368
5355 5369
5355 5370
5355 5373
5355 5387
5356 5367
5356 5368
5356 5371
5356 5372
5356 5374
5356 5388
5357 5367
5357 5369
5357 5371
5357 5375
5357 5377
5357 5389
5358 5368
5358 5370
5358 5372
5358 5376
5358 5378
5358 5390
5359 5369
5359 5373
5359 5375
5359 5379
5359 5381
5359 5391
5360 5370
5360 5373
5360 5376
5360 5379
5360 5382
5360 5392
5361 5371
5361 5374
5361 5377
5361 5380
5361 5383
5361 5393
5362 5372
5362 5374
5362 5378
5362 5380
5362 5384
5362 5394
5363 5375
5363 5377
5363 5381
5363 5383
5363 5385
5363 5395
5364 5376
5364 5378
5364 5382
5364 5384
5364 5386
5364 5396
5365 5379
5365 5381
5365 5382
5365 5385
5365 5386
5365 5397
5366 5380
5366 5383
5366 5384
5366 5385
5366 5386
5366 5398
5367 5368
5367 5369
5367 5371
5367 5387
5367 5388
5367 5389
5368 5370
5368 5372
5368 5387
5368 5388
5368 5390
5369 5373
5369 5375
5369 5387
5369 5389
5369 5391
5370 5373
5370 5376
5370 5387
5370 5390
5370 5392
5371 5374
5371 5377
5371 5388
5371 5389
5371 5393
5372 5374
5372 5378
5372 5388
5372 5390
5372 5394
5373 5379
5373 5387
5373 5391
5373 5392
5374 5380
5374 5388
5374 5393
5374 5394
5375 5377
5375 5381
5375 5389
5375 5391
5375 5395
5376 5378
5376 5382
5376 5390
5376 5392
5376 5396
5377 5383
5377 5389
5377 5393
5377 5395
5378 5384
5378 5390
5378 5394
5378 5396
5379 5381
5379 5382
5379 5391
5379 5392
5379 5397
5380 5383
5380 5384
5380 5393
5380 5394
5380 5398
5381 5385
5381 5391
5381 5395
5381 5397
5382 5386
5382 5392
5382 5396
5382 5397
5383 5385
5383 5393
5383 5395
5383 5398
5384 5386
5384 5394
5384 5396
5384 5398
5385 5386
5385 5395
5385 5397
5385 5398
5386 5396
5386 5397
5386 5398
5387 5388
5387 5389
5387 5390
5387 5391
5387 5392
5387 5399
5388 5389
5388 5390
5388 5393
5388 5394
5388 5399
5389 5391
5389 5393
5389 5395
5389 5399
5390 5392
5390 5394
5390 5396
5390 5399
5391 5392
5391 5395
5391 5397
5391 5399
5392 5396
5392 5397
5392 5399
5393 5394
5393 5395
5393 5398
5393 5399
5394 5396
5394 5398
5394 5399
5395 5397
5395 5398
5395 5399
5396 5397
5396 5398
5396 5399
5397 5398
5397 5399
5398 5399
5400 5401
5400 5402
5400 5403
5400 5404
5400 5405
5400 5406
5400 5407
5400 5408
5400 5409
5400 5410
5400 5411
5400 5412
5401 5402
5401 5403
5401 5404
5401 5405
5401 5406
5401 5413
5401 5414
5401 5415
5401 5416
5401 5419
5401 5433
5402 5403
5402 5404
5402 5407
5402 5408
5402 5413
5402 5414
5402 5417
5402 5418
5402 5420
5402 5434
5403 5405
5403 5407
5403 5409
5403 5413
5403 5415
5403 5417
5403 5421
5403 5423
5403 5435
5404 5406
5404 5408
5404 5410
5404 5414
5404 5416
5404 5418
5404 5422
5404 5424
5404 5436
5405 5406
5405 5409
5405 5411
5405 5415
5405 5419
5405 5421
5405 5425
5405 5427
5405 5437
5406 5410
5406 5411
5406 5416
5406 5419
5406 5422
5406 5425
5406 5428
5406 5438
5407 5408
5407 5409
5407 5412
5407 5417
5407 5420
5407 5423
5407 5426
5407 5429
5407 5439
5408 5410
5408 5412
5408 5418
5408 5420
5408 5424
5408 5426
5408 5430
5408 5440
5409 5411
5409 5412
5409 5421
5409 5423
5409 5427
5409 5429
5409 5431
5409 5441
5410 5411
5410 5412
5410 5422
5410 5424
5410 5428
5410 5430
5410 5432
5410 5442
5411 5412
5411 5425
5411 5427
5411 5428
5411 5431
5411 5432
5411 5443
5412 5426
5412 5429
5412 5430
5412 5431
5412 5432
5412 5444
5413 5414
5413 5415
5413 5417
5413 5433
5413 5434
5413 5435
5413 5445
5413 5446
5413 5448
5414 5416
5414 5418
5414 5433
5414 5434
5414 5436
5414 5445
5414 5447
5414 5449
5415 5419
5415 5421
5415 5433
5415 5435
5415 5437
5415 5446
5415 5450
5415 5454
5416 5419
5416 5422
5416 5433
5416 5436
5416 5438
5416 5447
5416 5451
5416 5455
5417 5420
5417 5423
5417 5434
5417 5435
5417 5439
5417 5448
5417 5452
5417 5456
5418 5420
5418 5424
5418 5434
5418 5436
5418 5440
5418 5449
5418 5453
5418 5457
5419 5425
5419 5433
5419 5437
5419 5438
5419 5450
5419 5451
5419 5458
5420 5426
5420 5434
5420 5439
5420 5440
5420 5452
5420 5453
5420 5461
5421 5423
5421 5427
5421 5435
5421 5437
5421 5441
5421 5454
5421 5459
5421 5462
5422 5424
5422 5428
5422 5436
5422 5438
5422 5442
5422 5455
5422 5460
5422 5463
5423 5429
5423 5435
5423 5439
5423 5441
5423 5456
5423 5459
5423 5464
5424 5430
5424 5436
5424 5440
5424 5442
5424 5457
5424 5460
5424 5465
5425 5427
5425 5428
5425 5437
5425 5438
5425 5443
5425 5458
5425 5466
5425 5467
5426 5429
5426 5430
5426 5439
5426 5440
5426 5444
5426 5461
5426 5468
5426 5469
5427 5431
5427 5437
5427 5441
5427 5443
5427 5462
5427 5466
5427 5470
5428 5432
5428 5438
5428 5442
5428 5443
5428 5463
5428 5467
5428 5471
5429 5431
5429 5439
5429 5441
5429 5444
5429 5464
5429 5468
5429 5472
5430 5432
5430 5440
5430 5442
5430 5444
5430 5465
5430 5469
5430 5473
5431 5432
5431 5441
5431 5443
5431 5444
5431 5470
5431 5472
5431 5474
5432 5442
5432 5443
5432 5444
5432 5471
5432 5473
5432 5474
5433 5445
5433 5446
5433 5447
5433 5450
5433 5451
5433 5475
5434 5445
5434 5448
5434 5449
5434 5452
5434 5453
5434 5476
5435 5446
5435 5448
5435 5454
5435 5456
5435 5459
5435 5477
5436 5447
5436 5449
5436 5455
5436 5457
5436 5460
5436 5478
5437 5450
5437 5454
5437 5458
5437 5462
5437 5466
5437 5479
5438 5451
5438 5455
5438 5458
5438 5463
5438 5467
5438 5480
5439 5452
5439 5456
5439 5461
5439 5464
5439 5468
5439 5481
5440 5453
5440 5457
5440 5461
5440 5465
5440 5469
5440 5482
5441 5459
5441 5462
5441 5464
5441 5470
5441 5472
5441 5483
5442 5460
5442 5463
5442 5465
5442 5471
5442 5473
5442 5484
5443 5466
5443 5467
5443 5470
5443 5471
5443 5474
5443 5485
5444 5468
5444 5469
5444 5472
5444 5473
5444 5474
5444 5486
5445 5446
5445 5447
5445 5448
5445 5449
5445 5475
5445 5476
5445 5487
5445 5488
5446 5448
5446 5450
5446 5454
5446 5475
5446 5477
5446 5487
5446 5489
5447 5449
5447 5451
5447 5455
5447 5475
5447 5478
5447 5488
5447 5490
5448 5452
5448 5456
5448 5476
5448 5477
5448 5487
5448 5491
5449 5453
5449 5457
5449 5476
5449 5478
5449 5488
5449 5492
5450 5451
5450 5454
5450 5458
5450 5475
5450 5479
5450 5489
5450 5493
5451 5455
5451 5458
5451 5475
5451 5480
5451 5490
5451 5493
5452 5453
5452 5456
5452 5461
5452 5476
5452 5481
5452 5491
5452 5494
5453 5457
5453 5461
5453 5476
5453 5482
5453 5492
5453 5494
5454 5459
5454 5462
5454 5477
5454 5479
5454 5489
5454 5495
5455 5460
5455 5463
5455 5478
5455 5480
5455 5490
5455 5496
5456 5459
5456 5464
5456 5477
5456 5481
5456 5491
5456 5497
5457 5460
5457 5465
5457 5478
5457 5482
5457 5492
5457 5498
5458 5466
5458 5467
5458 5479
5458 5480
5458 5493
5458 5499
5459 5462
5459 5464
5459 5477
5459 5483
5459 5495
5459 5497
5460 5463
5460 5465
5460 5478
5460 5484
5460 5496
5460 5498
5461 5468
5461 5469
5461 5481
5461 5482
5461 5494
5461 5500
5462 5466
5462 5470
5462 5479
5462 5483
5462 5495
5462 5501
5463 5467
5463 5471
5463 5480
5463 5484
5463 5496
5463 5502
5464 5468
5464 5472
5464 5481
5464 5483
5464 5497
5464 5503
5465 5469
5465 5473
5465 5482
5465 5484
5465 5498
5465 5504
5466 5467
5466 5470
5466 5479
5466 5485
5466 5499
5466 5501
5467 5471
5467 5480
5467 5485
5467 5499
5467 5502
5468 5469
5468 5472
5468 5481
5468 5486
5468 5500
5468 5503
5469 5473
5469 5482
5469 5486
5469 5500
5469 5504
5470 5472
5470 5474
5470 5483
5470 5485
5470 5501
5470 5505
5471 5473
5471 5474
5471 5484
5471 5485
5471 5502
5471 5506
5472 5474
5472 5483
5472 5486
5472 5503
5472 5505
5473 5474
5473 5484
5473 5486
5473 5504
5473 5506
5474 5485
5474 5486
5474 5505
5474 5506
5475 5487
5475 5488
5475 5489
5475 5490
5475 5493
5475 5507
5476 5487
5476 5488
5476 5491
5476 5492
5476 5494
5476 5508
5477 5487
5477 5489
5477 5491
5477 5495
5477 5497
5477 5509
5478 5488
5478 5490
5478 5492
5478 5496
5478 5498
5478 5510
5479 5489
5479 5493
5479 5495
5479 5499
5479 5501
5479 5511
5480 5490
5480 5493
5480 5496
5480 5499
5480 5502
5480 5512
5481 5491
5481 5494
5481 5497
5481 5500
5481 5503
5481 5513
5482 5492
5482 5494
5482 5498
5482 5500
5482 5504
5482 5514
5483 5495
5483 5497
5483 5501
5483 5503
5483 5505
5483 5515
5484 5496
5484 5498
5484 5502
5484 5504
5484 5506
5484 5516
5485 5499
5485 5501
5485 5502
5485 5505
5485 5506
5485 5517
5486 5500
5486 5503
5486 5504
5486 5505
5486 5506
5486 5518
5487 5488
5487 5489
5487 5491
5487 5507
5487 5508
5487 5509
5488 5490
5488 5492
5488 5507
5488 5508
5488 5510
5489 5493
5489 5495
5489 5507
5489 5509
5489 5511
5490 5493
5490 5496
5490 5507
5490 5510
5490 5512
5491 5494
5491 5497
5491 5508
5491 5509
5491 5513
5492 5494
5492 5498
5492 5508
5492 5510
5492 5514
5493 5499
5493 5507
5493 5511
5493 5512
5494 5500
5494 5508
5494 5513
5494 5514
5495 5497
5495 5501
5495 5509
5495 5511
5495 5515
5496 5498
5496 5502
5496 5510
5496 5512
5496 5516
5497 5503
5497 5509
5497 5513
5497 5515
5498 5504
5498 5510
5498 5514
5498 5516
5499 5501
5499 5502
5499 5511
5499 5512
5499 5517
5500 5503
5500 5504
5500 5513
5500 5514
5500 5518
5501 5505
5501 5511
5501 5515
5501 5517
5502 5506
5502 5512
5502 5516
5502 5517
5503 5505
5503 5513
5503 5515
5503 5518
5504 5506
5504 5514
5504 5516
5504 5518
5505 5506
5505 5515
5505 5517
5505 5518
5506 5516
5506 5517
5506 5518
5507 5508
5507 5509
5507 5510
5507 5511
5507 5512
5507 5519
5508 5509
5508 5510
5508 5513
5508 5514
5508 5519
5509 5511
5509 5513
5509 5515
5509 5519
5510 5512
5510 5514
5510 5516
5510 5519
5511 5512
5511 5515
5511 5517
5511 5519
5512 5516
5512 5517
5512 5519
5513 5514
5513 5515
5513 5518
5513 5519
5514 5516
5514 5518
5514 5519
5515 5517
5515 5518
5515 5519
5516 5517
5516 5518
5516 5519
5517 5518
5517 5519
5518 5519
5520 5521
5520 5522
5520 5523
5520 5524
5520 5525
5520 5526
5520 5527
5520 5528
5520 5529
5520 5530
5520 5531
5520 5532
5521 5522
5521 5523
5521 5524
5521 5525
5521 5526
5521 5533
5521 5534
5521 5535
5521 5536
5521 5539
5521 5553
5522 5523
5522 5524
5522 5527
5522 5528
5522 5533
5522 5534
5522 5537
5522 5538
5522 5540
5522 5554
5523 5525
5523 5527
5523 5529
5523 5533
5523 5535
5523 5537
5523 5541
5523 5543
5523 5555
5524 5526
5524 5528
5524 5530
5524 5534
5524 5536
5524 5538
5524 5542
5524 5544
5524 5556
5525 5526
5525 5529
5525 5531
5525 5535
5525 5539
5525 5541
5525 5545
5525 5547
5525 5557
5526 5530
5526 5531
5526 5536
5526 5539
5526 5542
5526 5545
5526 5548
5526 5558
5527 5528
5527 5529
5527 5532
5527 5537
5527 5540
5527 5543
5527 5546
5527 5549
5527 5559
5528 5530
5528 5532
5528 5538
5528 5540
5528 5544
5528 5546
5528 5550
5528 5560
5529 5531
5529 5532
5529 5541
5529 5543
5529 5547
5529 5549
5529 5551
5529 5561
5530 5531
5530 5532
5530 5542
5530 5544
5530 5548
5530 5550
5530 5552
5530 5562
5531 5532
5531 5545
5531 5547
5531 5548
5531 5551
5531 5552
5531 5563
5532 5546
5532 5549
5532 5550
5532 5551
5532 5552
5532 5564
5533 5534
5533 5535
5533 5537
5533 5553
5533 5554
5533 5555
5533 5565
5533 5566
5533 5568
5534 5536
5534 5538
5534 5553
5534 5554
5534 5556
5534 5565
5534 5567
5534 5569
5535 5539
5535 5541
5535 5553
5535 5555
5535 5557
5535 5566
5535 5570
5535 5574
5536 5539
5536 5542
5536 5553
5536 5556
5536 5558
5536 5567
5536 5571
5536 5575
5537 5540
5537 5543
5537 5554
5537 5555
5537 5559
5537 5568
5537 5572
5537 5576
5538 5540
5538 5544
5538 5554
5538 5556
5538 5560
5538 5569
5538 5573
5538 5577
5539 5545
5539 5553
5539 5557
5539 5558
5539 5570
5539 5571
5539 5578
5540 5546
5540 5554
5540 5559
5540 5560
5540 5572
5540 5573
5540 5581
5541 5543
5541 5547
5541 5555
5541 5557
5541 5561
5541 5574
5541 5579
5541 5582
5542 5544
5542 5548
5542 5556
5542 5558
5542 5562
5542 5575
5542 5580
5542 5583
5543 5549
5543 5555
5543 5559
5543 5561
5543 5576
5543 5579
5543 5584
5544 5550
5544 5556
5544 5560
5544 5562
5544 5577
5544 5580
5544 5585
5545 5547
5545 5548
5545 5557
5545 5558
5545 5563
5545 5578
5545 5586
5545 5587
5546 5549
5546 5550
5546 5559
5546 5560
5546 5564
5546 5581
5546 5588
5546 5589
5547 5551
5547 5557
5547 5561
5547 5563
5547 5582
5547 5586
5547 5590
5548 5552
5548 5558
5548 5562
5548 5563
5548 5583
5548 5587
5548 5591
5549 5551
5549 5559
5549 5561
5549 5564
5549 5584
5549 5588
5549 5592
5550 5552
5550 5560
5550 5562
5550 5564
5550 5585
5550 5589
5550 5593
5551 5552
5551 5561
5551 5563
5551 5564
5551 5590
5551 5592
5551 5594
5552 5562
5552 5563
5552 5564
5552 5591
5552 5593
5552 5594
5553 5565
5553 5566
5553 5567
5553 5570
5553 5571
5553 5595
5554 5565
5554 5568
5554 5569
5554 5572
5554 5573
5554 5596
5555 5566
5555 5568
5555 5574
5555 5576
5555 5579
5555 5597
5556 5567
5556 5569
5556 5575
5556 5577
5556 5580
5556 5598
5557 5570
5557 5574
5557 5578
5557 5582
5557 5586
5557 5599
5558 5571
5558 5575
5558 5578
5558 5583
5558 5587
5558 5600
5559 5572
5559 5576
5559 5581
5559 5584
5559 5588
5559 5601
5560 5573
5560 5577
5560 5581
5560 5585
5560 5589
5560 5602
5561 5579
5561 5582
5561 5584
5561 5590
5561 5592
5561 5603
5562 5580
5562 5583
5562 5585
5562 5591
5562 5593
5562 5604
5563 5586
5563 5587
5563 5590
5563 5591
5563 5594
5563 5605
5564 5588
5564 5589
5564 5592
5564 5593
5564 5594
5564 5606
5565 5566
5565 5567
5565 5568
5565 5569
5565 5595
5565 5596
5565 5607
5565 5608
5566 5568
5566 5570
5566 5574
5566 5595
5566 5597
5566 5607
5566 5609
5567 5569
5567 5571
5567 5575
5567 5595
5567 5598
5567 5608
5567 5610
5568 5572
5568 5576
5568 5596
5568 5597
5568 5607
5568 5611
5569 5573
5569 5577
5569 5596
5569 5598
5569 5608
5569 5612
5570 5571
5570 5574
5570 5578
5570 5595
5570 5599
5570 5609
5570 5613
5571 5575
5571 5578
5571 5595
5571 5600
5571 5610
5571 5613
5572 5573
5572 5576
5572 5581
5572 5596
5572 5601
5572 5611
5572 5614
5573 5577
5573 5581
5573 5596
5573 5602
5573 5612
5573 5614
5574 5579
5574 5582
5574 5597
5574 5599
5574 5609
5574 5615
5575 5580
5575 5583
5575 5598
5575 5600
5575 5610
5575 5616
5576 5579
5576 5584
5576 5597
5576 5601
5576 5611
5576 5617
5577 5580
5577 5585
5577 5598
5577 5602
5577 5612
5577 5618
5578 5586
5578 5587
5578 5599
5578 5600
5578 5613
5578 5619
5579 5582
5579 5584
5579 5597
5579 5603
5579 5615
5579 5617
5580 5583
5580 5585
5580 5598
5580 5604
5580 5616
5580 5618
5581 5588
5581 5589
5581 5601
5581 5602
5581 5614
5581 5620
5582 5586
5582 5590
5582 5599
5582 5603
5582 5615
5582 5621
5583 5587
5583 5591
5583 5600
5583 5604
5583 5616
5583 5622
5584 5588
5584 5592
5584 5601
5584 5603
5584 5617
5584 5623
5585 5589
5585 5593
5585 5602
5585 5604
5585 5618
5585 5624
5586 5587
5586 5590
5586 5599
5586 5605
5586 5619
5586 5621
5587 5591
5587 5600
5587 5605
5587 5619
5587 5622
5588 5589
5588 5592
5588 5601
5588 5606
5588 5620
5588 5623
5589 5593
5589 5602
5589 5606
5589 5620
5589 5624
5590 5592
5590 5594
5590 5603
5590 5605
5590 5621
5590 5625
5591 5593
5591 5594
5591 5604
5591 5605
5591 5622
5591 5626
5592 5594
5592 5603
5592 5606
5592 5623
5592 5625
5593 5594
5593 5604
5593 5606
5593 5624
5593 5626
5594 5605
5594 5606
5594 5625
5594 5626
5595 5607
5595 5608
5595 5609
5595 5610
5595 5613
5595 5627
5596 5607
5596 5608
5596 5611
5596 5612
5596 5614
5596 5628
5597 5607
5597 5609
5597 5611
5597 5615
5597 5617
5597 5629
5598 5608
5598 5610
5598 5612
5598 5616
5598 5618
5598 5630
5599 5609
5599 5613
5599 5615
5599 5619
5599 5621
5599 5631
5600 5610
5600 5613
5600 5616
5600 5619
5600 5622
5600 5632
5601 5611
5601 5614
5601 5617
5601 5620
5601 5623
5601 5633
5602 5612
5602 5614
5602 5618
5602 5620
5602 5624
5602 5634
5603 5615
5603 5617
5603 5621
5603 5623
5603 5625
5603 5635
5604 5616
5604 5618
5604 5622
5604 5624
5604 5626
5604 5636
5605 5619
5605 5621
5605 5622
5605 5625
5605 5626
5605 5637
5606 5620
5606 5623
5606 5624
5606 5625
5606 5626
5606 5638
5607 5608
5607 5609
5607 5611
5607 5627
5607 5628
5607 5629
5608 5610
5608 5612
5608 5627
5608 5628
5608 5630
5609 5613
5609 5615
5609 5627
5609 5629
5609 5631
5610 5613
5610 5616
5610 5627
5610 5630
5610 5632
5611 5614
5611 5617
5611 5628
5611 5629
5611 5633
5612 5614
5612 5618
5612 5628
5612 5630
5612 5634
5613 5619
5613 5627
5613 5631
5613 5632
5614 5620
5614 5628
5614 5633
5614 5634
5615 5617
5615 5621
5615 5629
5615 5631
5615 5635
5616 5618
5616 5622
5616 5630
5616 5632
5616 5636
5617 5623
5617 5629
5617 5633
5617 5635
5618 5624
5618 5630
5618 5634
5618 5636
5619 5621
5619 5622
5619 5631
5619 5632
5619 5637
5620 5623
5620 5624
5620 5633
5620 5634
5620 5638
5621 5625
5621 5631
5621 5635
5621 5637
5622 5626
5622 5632
5622 5636
5622 5637
5623 5625
5623 5633
5623 5635
5623 5638
5624 5626
5624 5634
5624 5636
5624 5638
5625 5626
5625 5635
5625 5637
5625 5638
5626 5636
5626 5637
5626 5638
5627 5628
5627 5629
5627 5630
5627 5631
5627 5632
5627 5639
5628 5629
5628 5630
5628 5633
5628 5634
5628 5639
5629 5631
5629 5633
5629 5635
5629 5639
5630 5632
5630 5634
5630 5636
5630 5639
5631 5632
5631 5635
5631 5637
5631 5639
5632 5636
5632 5637
5632 5639
5633 5634
5633 5635
5633 5638
5633 5639
5634 5636
5634 5638
5634 5639
5635 5637
5635 5638
5635 5639
5636 5637
5636 5638
5636 5639
5637 5638
5637 5639
5638 5639
5640 5641
5640 5642
5640 5643
5640 5644
5640 5645
5640 5646
5640 5647
5640 5648
5640 5649
5640 5650
5640 5651
5640 5652
5641 5642
5641 5643
5641 5644
5641 5645
5641 5646
5641 5653
5641 5654
5641 5655
5641 5656
5641 5659
5641 5673
5642 5643
5642 5644
5642 5647
5642 5648
5642 5653
5642 5654
5642 5657
5642 5658
5642 5660
5642 5674
5643 5645
5643 5647
5643 5649
5643 5653
5643 5655
5643 5657
5643 5661
5643 5663
5643 5675
5644 5646
5644 5648
5644 5650
5644 5654
5644 5656
5644 5658
5644 5662
5644 5664
5644 5676
5645 5646
5645 5649
5645 5651
5645 5655
5645 5659
5645 5661
5645 5665
5645 5667
5645 5677
5646 5650
5646 5651
5646 5656
5646 5659
5646 5662
5646 5665
5646 5668
5646 5678
5647 5648
5647 5649
5647 5652
5647 5657
5647 5660
5647 5663
5647 5666
5647 5669
5647 5679
5648 5650
5648 5652
5648 5658
5648 5660
5648 5664
5648 5666
5648 5670
5648 5680
5649 5651
5649 5652
5649 5661
5649 5663
5649 5667
5649 5669
5649 5671
5649 5681
5650 5651
5650 5652
5650 5662
5650 5664
5650 5668
5650 5670
5650 5672
5650 5682
5651 5652
5651 5665
5651 5667
5651 5668
5651 5671
5651 5672
5651 5683
5652 5666
5652 5669
5652 5670
5652 5671
5652 5672
5652 5684
5653 5654
5653 5655
5653 5657
5653 5673
5653 5674
5653 5675
5653 5685
5653 5686
5653 5688
5654 5656
5654 5658
5654 5673
5654 5674
5654 5676
5654 5685
5654 5687
5654 5689
5655 5659
5655 5661
5655 5673
5655 5675
5655 5677
5655 5686
5655 5690
5655 5694
5656 5659
5656 5662
5656 5673
5656 5676
5656 5678
5656 5687
5656 5691
5656 5695
5657 5660
5657 5663
5657 5674
5657 5675
5657 5679
5657 5688
5657 5692
5657 5696
5658 5660
5658 5664
5658 5674
5658 5676
5658 5680
5658 5689
5658 5693
5658 5697
5659 5665
5659 5673
5659 5677
5659 5678
5659 5690
5659 5691
5659 5698
5660 5666
5660 5674
5660 5679
5660 5680
5660 5692
5660 5693
5660 5701
5661 5663
5661 5667
5661 5675
5661 5677
5661 5681
5661 5694
5661 5699
5661 5702
5662 5664
5662 5668
5662 5676
5662 5678
5662 5682
5662 5695
5662 5700
5662 5703
5663 5669
5663 5675
5663 5679
5663 5681
5663 5696
5663 5699
5663 5704
5664 5670
5664 5676
5664 5680
5664 5682
5664 5697
5664 5700
5664 5705
5665 5667
5665 5668
5665 5677
5665 5678
5665 5683
5665 5698
5665 5706
5665 5707
5666 5669
5666 5670
5666 5679
5666 5680
5666 5684
5666 5701
5666 5708
5666 5709
5667 5671
5667 5677
5667 5681
5667 5683
5667 5702
5667 5706
5667 5710
5668 5672
5668 5678
5668 5682
5668 5683
5668 5703
5668 5707
5668 5711
5669 5671
5669 5679
5669 5681
5669 5684
5669 5704
5669 5708
5669 5712
5670 5672
5670 5680
5670 5682
5670 5684
5670 5705
5670 5709
5670 5713
5671 5672
5671 5681
5671 5683
5671 5684
5671 5710
5671 5712
5671 5714
5672 5682
5672 5683
5672 5684
5672 5711
5672 5713
5672 5714
5673 5685
5673 5686
5673 5687
5673 5690
5673 5691
5673 5715
5674 5685
5674 5688
5674 5689
5674 5692
5674 5693
5674 5716
5675 5686
5675 5688
5675 5694
5675 5696
5675 5699
5675 5717
5676 5687
5676 5689
5676 5695
5676 5697
5676 5700
5676 5718
5677 5690
5677 5694
5677 5698
5677 5702
5677 5706
5677 5719
5678 5691
5678 5695
5678 5698
5678 5703
5678 5707
5678 5720
5679 5692
5679 5696
5679 5701
5679 5704
5679 5708
5679 5721
5680 5693
5680 5697
5680 5701
5680 5705
5680 5709
5680 5722
5681 5699
5681 5702
5681 5704
5681 5710
5681 5712
5681 5723
5682 5700
5682 5703
5682 5705
5682 5711
5682 5713
5682 5724
5683 5706
5683 5707
5683 5710
5683 5711
5683 5714
5683 5725
5684 5708
5684 5709
5684 5712
5684 5713
5684 5714
5684 5726
5685 5686
5685 5687
5685 5688
5685 5689
5685 5715
5685 5716
5685 5727
5685 5728
5686 5688
5686 5690
5686 5694
5686 5715
5686 5717
5686 5727
5686 5729
5687 5689
5687 5691
5687 5695
5687 5715
5687 5718
5687 5728
5687 5730
5688 5692
5688 5696
5688 5716
5688 5717
5688 5727
5688 5731
5689 5693
5689 5697
5689 5716
5689 5718
5689 5728
5689 5732
5690 5691
5690 5694
5690 5698
5690 5715
5690 5719
5690 5729
5690 5733
5691 5695
5691 5698
5691 5715
5691 5720
5691 5730
5691 5733
5692 5693
5692 5696
5692 5701
5692 5716
5692 5721
5692 5731
5692 5734
5693 5697
5693 5701
5693 5716
5693 5722
5693 5732
5693 5734
5694 5699
5694 5702
5694 5717
5694 5719
5694 5729
5694 5735
5695 5700
5695 5703
5695 5718
5695 5720
5695 5730
5695 5736
5696 5699
5696 5704
5696 5717
5696 5721
5696 5731
5696 5737
5697 5700
5697 5705
5697 5718
5697 5722
5697 5732
5697 5738
5698 5706
5698 5707
5698 5719
5698 5720
5698 5733
5698 5739
5699 5702
5699 5704
5699 5717
5699 5723
5699 5735
5699 5737
5700 5703
5700 5705
5700 5718
5700 5724
5700 5736
5700 5738
5701 5708
5701 5709
5701 5721
5701 5722
5701 5734
5701 5740
5702 5706
5702 5710
5702 5719
5702 5723
5702 5735
5702 5741
5703 5707
5703 5711
5703 5720
5703 5724
5703 5736
5703 5742
5704 5708
5704 5712
5704 5721
5704 5723
5704 5737
5704 5743
5705 5709
5705 5713
5705 5722
5705 5724
5705 5738
5705 5744
5706 5707
5706 5710
5706 5719
5706 5725
5706 5739
5706 5741
5707 5711
5707 5720
5707 5725
5707 5739
5707 5742
5708 5709
5708 5712
5708 5721
5708 5726
5708 5740
5708 5743
5709 5713
5709 5722
5709 5726
5709 5740
5709 5744
5710 5712
5710 5714
5710 5723
5710 5725
5710 5741
5710 5745
5711 5713
5711 5714
5711 5724
5711 5725
5711 5742
5711 5746
5712 5714
5712 5723
5712 5726
5712 5743
5712 5745
5713 5714
5713 5724
5713 5726
5713 5744
5713 5746
5714 5725
5714 5726
5714 5745
5714 5746
5715 5727
5715 5728
5715 5729
5715 5730
5715 5733
5715 5747
5716 5727
5716 5728
5716 5731
5716 5732
5716 5734
5716 5748
5717 5727
5717 5729
5717 5731
5717 5735
5717 5737
5717 5749
5718 5728
5718 5730
5718 5732
5718 5736
5718 5738
5718 5750
5719 5729
5719 5733
5719 5735
5719 5739
5719 5741
5719 5751
5720 5730
5720 5733
5720 5736
5720 5739
5720 5742
5720 5752
5721 5731
5721 5734
5721 5737
5721 5740
5721 5743
5721 5753
5722 5732
5722 5734
5722 5738
5722 5740
5722 5744
5722 5754
5723 5735
5723 5737
5723 5741
5723 5743
5723 5745
5723 5755
5724 5736
5724 5738
5724 5742
5724 5744
5724 5746
5724 5756
5725 5739
5725 5741
5725 5742
5725 5745
5725 5746
5725 5757
5726 5740
5726 5743
5726 5744
5726 5745
5726 5746
5726 5758
5727 5728
5727 5729
5727 5731
5727 5747
5727 5748
5727 5749
5728 5730
5728 5732
5728 5747
5728 5748
5728 5750
5729 5733
5729 5735
5729 5747
5729 5749
5729 5751
5730 5733
5730 5736
5730 5747
5730 5750
5730 5752
5731 5734
5731 5737
5731 5748
5731 5749
5731 5753
5732 5734
5732 5738
5732 5748
5732 5750
5732 5754
5733 5739
5733 5747
5733 5751
5733 5752
5734 5740
5734 5748
5734 5753
5734 5754
5735 5737
5735 5741
5735 5749
5735 5751
5735 5755
5736 5738
5736 5742
5736 5750
5736 5752
5736 5756
5737 5743
5737 5749
5737 5753
5737 5755
5738 5744
5738 5750
5738 5754
5738 5756
5739 5741
5739 5742
5739 5751
5739 5752
5739 5757
5740 5743
5740 5744
5740 5753
5740 5754
5740 5758
5741 5745
5741 5751
5741 5755
5741 5757
5742 5746
5742 5752
5742 5756
5742 5757
5743 5745
5743 5753
5743 5755
5743 5758
5744 5746
5744 5754
5744 5756
5744 5758
5745 5746
5745 5755
5745 5757
5745 5758
5746 5756
5746 5757
5746 5758
5747 5748
5747 5749
5747 5750
5747 5751
5747 5752
5747 5759
5748 5749
5748 5750
5748 5753
5748 5754
5748 5759
5749 5751
5749 5753
5749 5755
5749 5759
5750 5752
5750 5754
5750 5756
5750 5759
5751 5752
5751 5755
5751 5757
5751 5759
5752 5756
5752 5757
5752 5759
5753 5754
5753 5755
5753 5758
5753 5759
5754 5756
5754 5758
5754 5759
5755 5757
5755 5758
5755 5759
5756 5757
5756 5758
5756 5759
5757 5758
5757 5759
5758 5759
5760 5761
5760 5762
5760 5763
5760 5764
5760 5765
5760 5766
5760 5767
5760 5768
5760 5769
5760 5770
5760 5771
5760 5772
5761 5762
5761 5763
5761 5764
5761 5765
5761 5766
5761 5773
5761 5774
5761 5775
5761 5776
5761 5779
5761 5793
5762 5763
5762 5764
5762 5767
5762 5768
5762 5773
5762 5774
5762 5777
5762 5778
5762 5780
5762 5794
5763 5765
5763 5767
5763 5769
5763 5773
5763 5775
5763 5777
5763 5781
5763 5783
5763 5795
5764 5766
5764 5768
5764 5770
5764 5774
5764 5776
5764 5778
5764 5782
5764 5784
5764 5796
5765 5766
5765 5769
5765 5771
5765 5775
5765 5779
5765 5781
5765 5785
5765 5787
5765 5797
5766 5770
5766 5771
5766 5776
5766 5779
5766 5782
5766 5785
5766 5788
5766 5798
5767 5768
5767 5769
5767 5772
5767 5777
5767 5780
5767 5783
5767 5786
5767 5789
5767 5799
5768 5770
5768 5772
5768 5778
5768 5780
5768 5784
5768 5786
5768 5790
5768 5800
5769 5771
5769 5772
5769 5781
5769 5783
5769 5787
5769 5789
5769 5791
5769 5801
5770 5771
5770 5772
5770 5782
5770 5784
5770 5788
5770 5790
5770 5792
5770 5802
5771 5772
5771 5785
5771 5787
5771 5788
5771 5791
5771 5792
5771 5803
5772 5786
5772 5789
5772 5790
5772 5791
5772 5792
5772 5804
5773 5774
5773 5775
5773 5777
5773 5793
5773 5794
5773 5795
5773 5805
5773 5806
5773 5808
5774 5776
5774 5778
5774 5793
5774 5794
5774 5796
5774 5805
5774 5807
5774 5809
5775 5779
5775 5781
5775 5793
5775 5795
5775 5797
5775 5806
5775 5810
5775 5814
5776 5779
5776 5782
5776 5793
5776 5796
5776 5798
5776 5807
5776 5811
5776 5815
5777 5780
5777 5783
5777 5794
5777 5795
5777 5799
5777 5808
5777 5812
5777 5816
5778 5780
5778 5784
5778 5794
5778 5796
5778 5800
5778 5809
5778 5813
5778 5817
5779 5785
5779 5793
5779 5797
5779 5798
5779 5810
5779 5811
5779 5818
5780 5786
5780 5794
5780 5799
5780 5800
5780 5812
5780 5813
5780 5821
5781 5783
5781 5787
5781 5795
5781 5797
5781 5801
5781 5814
5781 5819
5781 5822
5782 5784
5782 5788
5782 5796
5782 5798
5782 5802
5782 5815
5782 5820
5782 5823
5783 5789
5783 5795
5783 5799
5783 5801
5783 5816
5783 5819
5783 5824
5784 5790
5784 5796
5784 5800
5784 5802
5784 5817
5784 5820
5784 5825
5785 5787
5785 5788
5785 5797
5785 5798
5785 5803
5785 5818
5785 5826
5785 5827
5786 5789
5786 5790
5786 5799
5786 5800
5786 5804
5786 5821
5786 5828
5786 5829
5787 5791
5787 5797
5787 5801
5787 5803
5787 5822
5787 5826
5787 5830
5788 5792
5788 5798
5788 5802
5788 5803
5788 5823
5788 5827
5788 5831
5789 5791
5789 5799
5789 5801
5789 5804
5789 5824
5789 5828
5789 5832
5790 5792
5790 5800
5790 5802
5790 5804
5790 5825
5790 5829
5790 5833
5791 5792
5791 5801
5791 5803
5791 5804
5791 5830
5791 5832
5791 5834
5792 5802
5792 5803
5792 5804
5792 5831
5792 5833
5792 5834
5793 5805
5793 5806
5793 5807
5793 5810
5793 5811
5793 5835
5794 5805
5794 5808
5794 5809
5794 5812
5794 5813
5794 5836
5795 5806
5795 5808
5795 5814
5795 5816
5795 5819
5795 5837
5796 5807
5796 5809
5796 5815
5796 5817
5796 5820
5796 5838
5797 5810
5797 5814
5797 5818
5797 5822
5797 5826
5797 5839
5798 5811
5798 5815
5798 5818
5798 5823
5798 5827
5798 5840
5799 5812
5799 5816
5799 5821
5799 5824
5799 5828
5799 5841
5800 5813
5800 5817
5800 5821
5800 5825
5800 5829
5800 5842
5801 5819
5801 5822
5801 5824
5801 5830
5801 5832
5801 5843
5802 5820
5802 5823
5802 5825
5802 5831
5802 5833
5802 5844
5803 5826
5803 5827
5803 5830
5803 5831
5803 5834
5803 5845
5804 5828
5804 5829
5804 5832
5804 5833
5804 5834
5804 5846
5805 5806
5805 5807
5805 5808
5805 5809
5805 5835
5805 5836
5805 5847
5805 5848
5806 5808
5806 5810
5806 5814
5806 5835
5806 5837
5806 5847
5806 5849
5807 5809
5807 5811
5807 5815
5807 5835
5807 5838
5807 5848
5807 5850
5808 5812
5808 5816
5808 5836
5808 5837
5808 5847
5808 5851
5809 5813
5809 5817
5809 5836
5809 5838
5809 5848
5809 5852
5810 5811
5810 5814
5810 5818
5810 5835
5810 5839
5810 5849
5810 5853
5811 5815
5811 5818
5811 5835
5811 5840
5811 5850
5811 5853
5812 5813
5812 5816
5812 5821
5812 5836
5812 5841
5812 5851
5812 5854
5813 5817
5813 5821
5813 5836
5813 5842
5813 5852
5813 5854
5814 5819
5814 5822
5814 5837
5814 5839
5814 5849
5814 5855
5815 5820
5815 5823
5815 5838
5815 5840
5815 5850
5815 5856
5816 5819
5816 5824
5816 5837
5816 5841
5816 5851
5816 5857
5817 5820
5817 5825
5817 5838
5817 5842
5817 5852
5817 5858
5818 5826
5818 5827
5818 5839
5818 5840
5818 5853
5818 5859
5819 5822
5819 5824
5819 5837
5819 5843
5819 5855
5819 5857
5820 5823
5820 5825
5820 5838
5820 5844
5820 5856
5820 5858
5821 5828
5821 5829
5821 5841
5821 5842
5821 5854
5821 5860
5822 5826
5822 5830
5822 5839
5822 5843
5822 5855
5822 5861
5823 5827
5823 5831
5823 5840
5823 5844
5823 5856
5823 5862
5824 5828
5824 5832
5824 5841
5824 5843
5824 5857
5824 5863
5825 5829
5825 5833
5825 5842
5825 5844
5825 5858
5825 5864
5826 5827
5826 5830
5826 5839
5826 5845
5826 5859
5826 5861
5827 5831
5827 5840
5827 5845
5827 5859
5827 5862
5828 5829
5828 5832
5828 5841
5828 5846
5828 5860
5828 5863
5829 5833
5829 5842
5829 5846
5829 5860
5829 5864
5830 5832
5830 5834
5830 5843
5830 5845
5830 5861
5830 5865
5831 5833
5831 5834
5831 5844
5831 5845
5831 5862
5831 5866
5832 5834
5832 5843
5832 5846
5832 5863
5832 5865
5833 5834
5833 5844
5833 5846
5833 5864
5833 5866
5834 5845
5834 5846
5834 5865
5834 5866
5835 5847
5835 5848
5835 5849
5835 5850
5835 5853
5835 5867
5836 5847
5836 5848
5836 5851
5836 5852
5836 5854
5836 5868
5837 5847
5837 5849
5837 5851
5837 5855
5837 5857
5837 5869
5838 5848
5838 5850
5838 5852
5838 5856
5838 5858
5838 5870
5839 5849
5839 5853
5839 5855
5839 5859
5839 5861
5839 5871
5840 5850
5840 5853
5840 5856
5840 5859
5840 5862
5840 5872
5841 5851
5841 5854
5841 5857
5841 5860
5841 5863
5841 5873
5842 5852
5842 5854
5842 5858
5842 5860
5842 5864
5842 5874
5843 5855
5843 5857
5843 5861
5843 5863
5843 5865
5843 5875
5844 5856
5844 5858
5844 5862
5844 5864
5844 5866
5844 5876
5845 5859
5845 5861
5845 5862
5845 5865
5845 5866
5845 5877
5846 5860
5846 5863
5846 5864
5846 5865
5846 5866
5846 5878
5847 5848
5847 5849
5847 5851
5847 5867
5847 5868
5847 5869
5848 5850
5848 5852
5848 5867
5848 5868
5848 5870
5849 5853
5849 5855
5849 5867
5849 5869
5849 5871
5850 5853
5850 5856
5850 5867
5850 5870
5850 5872
5851 5854
5851 5857
5851 5868
5851 5869
5851 5873
5852 5854
5852 5858
5852 5868
5852 5870
5852 5874
5853 5859
5853 5867
5853 5871
5853 5872
5854 5860
5854 5868
5854 5873
5854 5874
5855 5857
5855 5861
5855 5869
5855 5871
5855 5875
5856 5858
5856 5862
5856 5870
5856 5872
5856 5876
5857 5863
5857 5869
5857 5873
5857 5875
5858 5864
5858 5870
5858 5874
5858 5876
5859 5861
5859 5862
5859 5871
5859 5872
5859 5877
5860 5863
5860 5864
5860 5873
5860 5874
5860 5878
5861 5865
5861 5871
5861 5875
5861 5877
5862 5866
5862 5872
5862 5876
5862 5877
5863 5865
5863 5873
5863 5875
5863 5878
5864 5866
5864 5874
5864 5876
5864 5878
5865 5866
5865 5875
5865 5877
5865 5878
5866 5876
5866 5877
5866 5878
5867 5868
5867 5869
5867 5870
5867 5871
5867 5872
5867 5879
5868 5869
5868 5870
5868 5873
5868 5874
5868 5879
5869 5871
5869 5873
5869 5875
5869 5879
5870 5872
5870 5874
5870 5876
5870 5879
5871 5872
5871 5875
5871 5877
5871 5879
5872 5876
5872 5877
5872 5879
5873 5874
5873 5875
5873 5878
5873 5879
5874 5876
5874 5878
5874 5879
5875 5877
5875 5878
5875 5879
5876 5877
5876 5878
5876 5879
5877 5878
5877 5879
5878 5879
5880 5881
5880 5882
5880 5883
5880 5884
5880 5885
5880 5886
5880 5887
5880 5888
5880 5889
5880 5890
5880 5891
5880 5892
5881 5882
5881 5883
5881 5884
5881 5885
5881 5886
5881 5893
5881 5894
5881 5895
5881 5896
5881 5899
5881 5913
5882 5883
5882 5884
5882 5887
5882 5888
5882 5893
5882 5894
5882 5897
5882 5898
5882 5900
5882 5914
5883 5885
5883 5887
5883 5889
5883 5893
5883 5895
5883 5897
5883 5901
5883 5903
5883 5915
5884 5886
5884 5888
5884 5890
5884 5894
5884 5896
5884 5898
5884 5902
5884 5904
5884 5916
5885 5886
5885 5889
5885 5891
5885 5895
5885 5899
5885 5901
5885 5905
5885 5907
5885 5917
5886 5890
5886 5891
5886 5896
5886 5899
5886 5902
5886 5905
5886 5908
5886 5918
5887 5888
5887 5889
5887 5892
5887 5897
5887 5900
5887 5903
5887 5906
5887 5909
5887 5919
5888 5890
5888 5892
5888 5898
5888 5900
5888 5904
5888 5906
5888 5910
5888 5920
5889 5891
5889 5892
5889 5901
5889 5903
5889 5907
5889 5909
5889 5911
5889 5921
5890 5891
5890 5892
5890 5902
5890 5904
5890 5908
5890 5910
5890 5912
5890 5922
5891 5892
5891 5905
5891 5907
5891 5908
5891 5911
5891 5912
5891 5923
5892 5906
5892 5909
5892 5910
5892 5911
5892 5912
5892 5924
5893 5894
5893 5895
5893 5897
5893 5913
5893 5914
5893 5915
5893 5925
5893 5926
5893 5928
5894 5896
5894 5898
5894 5913
5894 5914
5894 5916
5894 5925
5894 5927
5894 5929
5895 5899
5895 5901
5895 5913
5895 5915
5895 5917
5895 5926
5895 5930
5895 5934
5896 5899
5896 5902
5896 5913
5896 5916
5896 5918
5896 5927
5896 5931
5896 5935
5897 5900
5897 5903
5897 5914
5897 5915
5897 5919
5897 5928
5897 5932
5897 5936
5898 5900
5898 5904
5898 5914
5898 5916
5898 5920
5898 5929
5898 5933
5898 5937
5899 5905
5899 5913
5899 5917
5899 5918
5899 5930
5899 5931
5899 5938
5900 5906
5900 5914
5900 5919
5900 5920
5900 5932
5900 5933
5900 5941
5901 5903
5901 5907
5901 5915
5901 5917
5901 5921
5901 5934
5901 5939
5901 5942
5902 5904
5902 5908
5902 5916
5902 5918
5902 5922
5902 5935
5902 5940
5902 5943
5903 5909
5903 5915
5903 5919
5903 5921
5903 5936
5903 5939
5903 5944
5904 5910
5904 5916
5904 5920
5904 5922
5904 5937
5904 5940
5904 5945
5905 5907
5905 5908
5905 5917
5905 5918
5905 5923
5905 5938
5905 5946
5905 5947
5906 5909
5906 5910
5906 5919
5906 5920
5906 5924
5906 5941
5906 5948
5906 5949
5907 5911
5907 5917
5907 5921
5907 5923
5907 5942
5907 5946
5907 5950
5908 5912
5908 5918
5908 5922
5908 5923
5908 5943
5908 5947
5908 5951
5909 5911
5909 5919
5909 5921
5909 5924
5909 5944
5909 5948
5909 5952
5910 5912
5910 5920
5910 5922
5910 5924
5910 5945
5910 5949
5910 5953
5911 5912
5911 5921
5911 5923
5911 5924
5911 5950
5911 5952
5911 5954
5912 5922
5912 5923
5912 5924
5912 5951
5912 5953
5912 5954
5913 5925
5913 5926
5913 5927
5913 5930
5913 5931
5913 5955
5914 5925
5914 5928
5914 5929
5914 5932
5914 5933
5914 5956
5915 5926
5915 5928
5915 5934
5915 5936
5915 5939
5915 5957
5916 5927
5916 5929
5916 5935
5916 5937
5916 5940
5916 5958
5917 5930
5917 5934
5917 5938
5917 5942
5917 5946
5917 5959
5918 5931
5918 5935
5918 5938
5918 5943
5918 5947
5918 5960
5919 5932
5919 5936
5919 5941
5919 5944
5919 5948
5919 5961
5920 5933
5920 5937
5920 5941
5920 5945
5920 5949
5920 5962
5921 5939
5921 5942
5921 5944
5921 5950
5921 5952
5921 5963
5922 5940
5922 5943
5922 5945
5922 5951
5922 5953
5922 5964
5923 5946
5923 5947
5923 5950
5923 5951
5923 5954
5923 5965
5924 5948
5924 5949
5924 5952
5924 5953
5924 5954
5924 5966
5925 5926
5925 5927
5925 5928
5925 5929
5925 5955
5925 5956
5925 5967
5925 5968
5926 5928
5926 5930
5926 5934
5926 5955
5926 5957
5926 5967
5926 5969
5927 5929
5927 5931
5927 5935
5927 5955
5927 5958
5927 5968
5927 5970
5928 5932
5928 5936
5928 5956
5928 5957
5928 5967
5928 5971
5929 5933
5929 5937
5929 5956
5929 5958
5929 5968
5929 5972
5930 5931
5930 5934
5930 5938
5930 5955
5930 5959
5930 5969
5930 5973
5931 5935
5931 5938
5931 5955
5931 5960
5931 5970
5931 5973
5932 5933
5932 5936
5932 5941
5932 5956
5932 5961
5932 5971
5932 5974
5933 5937
5933 5941
5933 5956
5933 5962
5933 5972
5933 5974
5934 5939
5934 5942
5934 5957
5934 5959
5934 5969
5934 5975
5935 5940
5935 5943
5935 5958
5935 5960
5935 5970
5935 5976
5936 5939
5936 5944
5936 5957
5936 5961
5936 5971
5936 5977
5937 5940
5937 5945
5937 5958
5937 5962
5937 5972
5937 5978
5938 5946
5938 5947
5938 5959
5938 5960
5938 5973
5938 5979
5939 5942
5939 5944
5939 5957
5939 5963
5939 5975
5939 5977
5940 5943
5940 5945
5940 5958
5940 5964
5940 5976
5940 5978
5941 5948
5941 5949
5941 5961
5941 5962
5941 5974
5941 5980
5942 5946
5942 5950
5942 5959
5942 5963
5942 5975
5942 5981
5943 5947
5943 5951
5943 5960
5943 5964
5943 5976
5943 5982
5944 5948
5944 5952
5944 5961
5944 5963
5944 5977
5944 5983
5945 5949
5945 5953
5945 5962
5945 5964
5945 5978
5945 5984
5946 5947
5946 5950
5946 5959
5946 5965
5946 5979
5946 5981
5947 5951
5947 5960
5947 5965
5947 5979
5947 5982
5948 5949
5948 5952
5948 5961
5948 5966
5948 5980
5948 5983
5949 5953
5949 5962
5949 5966
5949 5980
5949 5984
5950 5952
5950 5954
5950 5963
5950 5965
5950 5981
5950 5985
5951 5953
5951 5954
5951 5964
5951 5965
5951 5982
5951 5986
5952 5954
5952 5963
5952 5966
5952 5983
5952 5985
5953 5954
5953 5964
5953 5966
5953 5984
5953 5986
5954 5965
5954 5966
5954 5985
5954 5986
5955 5967
5955 5968
5955 5969
5955 5970
5955 5973
5955 5987
5956 5967
5956 5968
5956 5971
5956 5972
5956 5974
5956 5988
5957 5967
5957 5969
5957 5971
5957 5975
5957 5977
5957 5989
5958 5968
5958 5970
5958 5972
5958 5976
5958 5978
5958 5990
5959 5969
5959 5973
5959 5975
5959 5979
5959 5981
5959 5991
5960 5970
5960 5973
5960 5976
5960 5979
5960 5982
5960 5992
5961 5971
5961 5974
5961 5977
5961 5980
5961 5983
5961 5993
5962 5972
5962 5974
5962 5978
5962 5980
5962 5984
5962 5994
5963 5975
5963 5977
5963 5981
5963 5983
5963 5985
5963 5995
5964 5976
5964 5978
5964 5982
5964 5984
5964 5986
5964 5996
5965 5979
5965 5981
5965 5982
5965 5985
5965 5986
5965 5997
5966 5980
5966 5983
5966 5984
5966 5985
5966 5986
5966 5998
5967 5968
5967 5969
5967 5971
5967 5987
5967 5988
5967 5989
5968 5970
5968 5972
5968 5987
5968 5988
5968 5990
5969 5973
5969 5975
5969 5987
5969 5989
5969 5991
5970 5973
5970 5976
5970 5987
5970 5990
5970 5992
5971 5974
5971 5977
5971 5988
5971 5989
5971 5993
5972 5974
5972 5978
5972 5988
5972 5990
5972 5994
5973 5979
5973 5987
5973 5991
5973 5992
5974 5980
5974 5988
5974 5993
5974 5994
5975 5977
5975 5981
5975 5989
5975 5991
5975 5995
5976 5978
5976 5982
5976 5990
5976 5992
5976 5996
5977 5983
5977 5989
5977 5993
5977 5995
5978 5984
5978 5990
5978 5994
5978 5996
5979 5981
5979 5982
5979 5991
5979 5992
5979 5997
5980 5983
5980 5984
5980 5993
5980 5994
5980 5998
5981 5985
5981 5991
5981 5995
5981 5997
5982 5986
5982 5992
5982 5996
5982 5997
5983 5985
5983 5993
5983 5995
5983 5998
5984 5986
5984 5994
5984 5996
5984 5998
5985 5986
5985 5995
5985 5997
5985 5998
5986 5996
5986 5997
5986 5998
5987 5988
5987 5989
5987 5990
5987 5991
5987 5992
5987 5999
5988 5989
5988 5990
5988 5993
5988 5994
5988 5999
5989 5991
5989 5993
5989 5995
5989 5999
5990 5992
5990 5994
5990 5996
5990 5999
5991 5992
5991 5995
5991 5997
5991 5999
5992 5996
5992 5997
5992 5999
5993 5994
5993 5995
5993 5998
5993 5999
5994 5996
5994 5998
5994 5999
5995 5997
5995 5998
5995 5999
5996 5997
5996 5998
5996 5999
5997 5998
5997 5999
5998 5999
0 120
1 121
2 122
3 123
4 124
5 125
6 126
7 127
8 128
9 129
10 130
11 131
12 132
13 133
14 134
15 135
16 136
17 137
18 138
19 139
20 140
21 141
22 142
23 143
24 144
25 145
26 146
27 147
28 148
29 149
30 150
31 151
32 152
33 153
34 154
35 155
36 156
37 157
38 158
39 159
40 160
41 161
42 162
43 163
44 164
45 165
46 166
47 167
48 168
49 169
50 170
51 171
52 172
53 173
54 174
55 175
56 176
57 177
58 178
59 179
60 180
61 181
62 182
63 183
64 184
65 185
66 186
67 187
68 188
69 189
70 190
71 191
72 192
73 193
74 194
75 195
76 196
77 197
78 198
79 199
80 200
81 201
82 202
83 203
84 204
85 205
86 206
87 207
88 208
89 209
90 210
91 211
92 212
93 213
94 214
95 215
96 216
97 217
98 218
99 219
100 220
101 221
102 222
103 223
104 224
105 225
106 226
107 227
108 228
109 229
110 230
111 231
112 232
113 233
114 234
115 235
116 236
117 237
118 238
119 239
120 240
121 241
122 242
123 243
124 244
125 245
126 246
127 247
128 248
129 249
130 250
131 251
132 252
133 253
134 254
135 255
136 256
137 257
138 258
139 259
140 260
141 261
142 262
143 263
144 264
145 265
146 266
147 267
148 268
149 269
150 270
151 271
152 272
153 273
154 274
155 275
156 276
157 277
158 278
159 279
160 280
161 281
162 282
163 283
164 284
165 285
166 286
167 287
168 288
169 289
170 290
171 291
172 292
173 293
174 294
175 295
176 296
177 297
178 298
179 299
180 300
181 301
182 302
183 303
184 304
185 305
186 306
187 307
188 308
189 309
190 310
191 311
192 312
193 313
194 314
195 315
196 316
197 317
198 318
199 319
200 320
201 321
202 322
203 323
204 324
205 325
206 326
207 327
208 328
209 329
210 330
211 331
212 332
213 333
214 334
215 335
216 336
217 337
218 338
219 339
220 340
221 341
222 342
223 343
224 344
225 345
226 346
227 347
228 348
229 349
230 350
231 351
232 352
233 353
234 354
235 355
236 356
237 357
238 358
239 359
240 360
241 361
242 362
243 363
244 364
245 365
246 366
247 367
248 368
249 369
250 370
251 371
252 372
253 373
254 374
255 375
256 376
257 377
258 378
259 379
260 380
261 381
262 382
263 383
264 384
265 385
266 386
267 387
268 388
269 389
270 390
271 391
272 392
273 393
274 394
275 395
276 396
277 397
278 398
279 399
280 400
281 401
282 402
283 403
284 404
285 405
286 406
287 407
288 408
289 409
290 410
291 411
292 412
293 413
294 414
295 415
296 416
297 417
298 418
299 419
300 420
301 421
302 422
303 423
304 424
305 425
306 426
307 427
308 428
309 429
310 430
311 431
312 432
313 433
314 434
315 435
316 436
317 437
318 438
319 439
320 440
321 441
322 442
323 443
324 444
325 445
326 446
327 447
328 448
329 449
330 450
331 451
332 452
333 453
334 454
335 455
336 456
337 457
338 458
339 459
340 460
341 461
342 462
343 463
344 464
345 465
346 466
347 467
348 468
349 469
350 470
351 471
352 472
353 473
354 474
355 475
356 476
357 477
358 478
359 479
360 480
361 481
362 482
363 483
364 484
365 485
366 486
367 487
368 488
369 489
370 490
371 491
372 492
373 493
374 494
375 495
376 496
377 497
378 498
379 499
380 500
381 501
382 502
383 503
384 504
385 505
386 506
387 507
388 508
389 509
390 510
391 511
392 512
393 513
394 514
395 515
396 516
397 517
398 518
399 519
400 520
401 521
402 522
403 523
404 524
405 525
406 526
407 527
408 528
409 529
410 530
411 531
412 532
413 533
414 534
415 535
416 536
417 537
418 538
419 539
420 540
421 541
422 542
423 543
424 544
425 545
426 546
427 547
428 548
429 549
430 550
431 551
432 552
433 553
434 554
435 555
436 556
437 557
438 558
439 559
440 560
441 561
442 562
443 563
444 564
445 565
446 566
447 567
448 568
449 569
450 570
451 571
452 572
453 573
454 574
455 575
456 576
457 577
458 578
459 579
460 580
461 581
462 582
463 583
464 584
465 585
466 586
467 587
468 588
469 589
470 590
471 591
472 592
473 593
474 594
475 595
476 596
477 597
478 598
479 599
480 600
481 601
482 602
483 603
484 604
485 605
486 606
487 607
488 608
489 609
490 610
491 611
492 612
493 613
494 614
495 615
496 616
497 617
498 618
499 619
500 620
501 621
502 622
503 623
504 624
505 625
506 626
507 627
508 628
509 629
510 630
511 631
512 632
513 633
514 634
515 635
516 636
517 637
518 638
519 639
520 640
521 641
522 642
523 643
524 644
525 645
526 646
527 647
528 648
529 649
530 650
531 651
532 652
533 653
534 654
535 655
536 656
537 657
538 658
539 659
540 660
541 661
542 662
543 663
544 664
545 665
546 666
547 667
548 668
549 669
550 670
551 671
552 672
553 673
554 674
555 675
556 676
557 677
558 678
559 679
560 680
561 681
562 682
563 683
564 684
565 685
566 686
567 687
568 688
569 689
570 690
571 691
572 692
573 693
574 694
575 695
576 696
577 697
578 698
579 699
580 700
581 701
582 702
583 703
584 704
585 705
586 706
587 707
588 708
589 709
590 710
591 711
592 712
593 713
594 714
595 715
596 716
597 717
598 718
599 719
600 720
601 721
602 722
603 723
604 724
605 725
606 726
607 727
608 728
609 729
610 730
611 731
612 732
613 733
614 734
615 735
616 736
617 737
618 738
619 739
620 740
621 741
622 742
623 743
624 744
625 745
626 746
627 747
628 748
629 749
630 750
631 751
632 752
633 753
634 754
635 755
636 756
637 757
638 758
639 759
640 760
641 761
642 762
643 763
644 764
645 765
646 766
647 767
648 768
649 769
650 770
651 771
652 772
653 773
654 774
655 775
656 776
657 777
658 778
659 779
660 780
661 781
662 782
663 783
664 784
665 785
666 786
667 787
668 788
669 789
670 790
671 791
672 792
673 793
674 794
675 795
676 796
677 797
678 798
679 799
680 800
681 801
682 802
683 803
684 804
685 805
686 806
687 807
688 808
689 809
690 810
691 811
692 812
693 813
694 814
695 815
696 816
697 817
698 818
699 819
700 820
701 821
702 822
703 823
704 824
705 825
706 826
707 827
708 828
709 829
710 830
711 831
712 832
713 833
714 834
715 835
716 836
717 837
718 838
719 839
720 840
721 841
722 842
723 843
724 844
725 845
726 846
727 847
728 848
729 849
730 850
731 851
732 852
733 853
734 854
735 855
736 856
737 857
738 858
739 859
740 860
741 861
742 862
743 863
744 864
745 865
746 866
747 867
748 868
749 869
750 870
751 871
752 872
753 873
754 874
755 875
756 876
757 877
758 878
759 879
760 880
761 881
762 882
763 883
764 884
765 885
766 886
767 887
768 888
769 889
770 890
771 891
772 892
773 893
774 894
775 895
776 896
777 897
778 898
779 899
780 900
781 901
782 902
783 903
784 904
785 905
786 906
787 907
788 908
789 909
790 910
791 911
792 912
793 913
794 914
795 915
796 916
797 917
798 918
799 919
800 920
801 921
802 922
803 923
804 924
805 925
806 926
807 927
808 928
809 929
810 930
811 931
812 932
813 933
814 934
815 935
816 936
817 937
818 938
819 939
820 940
821 941
822 942
823 943
824 944
825 945
826 946
827 947
828 948
829 949
830 950
831 951
832 952
833 953
834 954
835 955
836 956
837 957
838 958
839 959
840 960
841 961
842 962
843 963
844 964
845 965
846 966
847 967
848 968
849 969
850 970
851 971
852 972
853 973
854 974
855 975
856 976
857 977
858 978
859 979
860 980
861 981
862 982
863 983
864 984
865 985
866 986
867 987
868 988
869 989
870 990
871 991
872 992
873 993
874 994
875 995
876 996
877 997
878 998
879 999
880 1000
881 1001
882 1002
883 1003
884 1004
885 1005
886 1006
887 1007
888 1008
889 1009
890 1010
891 1011
892 1012
893 1013
894 1014
895 1015
896 1016
897 1017
898 1018
899 1019
900 1020
901 1021
902 1022
903 1023
904 1024
905 1025
906 1026
907 1027
908 1028
909 1029
910 1030
911 1031
912 1032
913 1033
914 1034
915 1035
916 1036
917 1037
918 1038
919 1039
920 1040
921 1041
922 1042
923 1043
924 1044
925 1045
926 1046
927 1047
928 1048
929 1049
930 1050
931 1051
932 1052
933 1053
934 1054
935 1055
936 1056
937 1057
938 1058
939 1059
940 1060
941 1061
942 1062
943 1063
944 1064
945 1065
946 1066
947 1067
948 1068
949 1069
950 1070
951 1071
952 1072
953 1073
954 1074
955 1075
956 1076
957 1077
958 1078
959 1079
960 1080
961 1081
962 1082
963 1083
964 1084
965 1085
966 1086
967 1087
968 1088
969 1089
970 1090
971 1091
972 1092
973 1093
974 1094
975 1095
976 1096
977 1097
978 1098
979 1099
980 1100
981 1101
982 1102
983 1103
984 1104
985 1105
986 1106
987 1107
988 1108
989 1109
990 1110
991 1111
992 1112
993 1113
994 1114
995 1115
996 1116
997 1117
998 1118
999 1119
1000 1120
1001 1121
1002 1122
1003 1123
1004 1124
1005 1125
1006 1126
1007 1127
1008 1128
1009 1129
1010 1130
1011 1131
1012 1132
1013 1133
1014 1134
1015 1135
1016 1136
1017 1137
1018 1138
1019 1139
1020 1140
1021 1141
1022 1142
1023 1143
1024 1144
1025 1145
1026 1146
1027 1147
1028 1148
1029 1149
1030 1150
1031 1151
1032 1152
1033 1153
1034 1154
1035 1155
1036 1156
1037 1157
1038 1158
1039 1159
1040 1160
1041 1161
1042 1162
1043 1163
1044 1164
1045 1165
1046 1166
1047 1167
1048 1168
1049 1169
1050 1170
1051 1171
1052 1172
1053 1173
1054 1174
1055 1175
1056 1176
1057 1177
1058 1178
1059 1179
1060 1180
1061 1181
1062 1182
1063 1183
1064 1184
1065 1185
1066 1186
1067 1187
1068 1188
1069 1189
1070 1190
1071 1191
1072 1192
1073 1193
1074 1194
1075 1195
1076 1196
1077 1197
1078 1198
1079 1199
1080 1200
1081 1201
1082 1202
1083 1203
1084 1204
1085 1205
1086 1206
1087 1207
1088 1208
1089 1209
1090 1210
1091 1211
1092 1212
1093 1213
1094 1214
1095 1215
1096 1216
1097 1217
1098 1218
1099 1219
1100 1220
1101 1221
1102 1222
1103 1223
1104 1224
1105 1225
1106 1226
1107 1227
1108 1228
1109 1229
1110 1230
1111 1231
1112 1232
1113 1233
1114 1234
1115 1235
1116 1236
1117 1237
1118 1238
1119 1239
1120 1240
1121 1241
1122 1242
1123 1243
1124 1244
1125 1245
1126 1246
1127 1247
1128 1248
1129 1249
1130 1250
1131 1251
1132 1252
1133 1253
1134 1254
1135 1255
1136 1256
1137 1257
1138 1258
1139 1259
1140 1260
1141 1261
1142 1262
1143 1263
1144 1264
1145 1265
1146 1266
1147 1267
1148 1268
1149 1269
1150 1270
1151 1271
1152 1272
1153 1273
1154 1274
1155 1275
1156 1276
1157 1277
1158 1278
1159 1279
1160 1280
1161 1281
1162 1282
1163 1283
1164 1284
1165 1285
1166 1286
1167 1287
1168 1288
1169 1289
1170 1290
1171 1291
1172 1292
1173 1293
1174 1294
1175 1295
1176 1296
1177 1297
1178 1298
1179 1299
1180 1300
1181 1301
1182 1302
1183 1303
1184 1304
1185 1305
1186 1306
1187 1307
1188 1308
1189 1309
1190 1310
1191 1311
1192 1312
1193 1313
1194 1314
1195 1315
1196 1316
1197 1317
1198 1318
1199 1319
1200 1320
1201 1321
1202 1322
1203 1323
1204 1324
1205 1325
1206 1326
1207 1327
1208 1328
1209 1329
1210 1330
1211 1331
1212 1332
1213 1333
1214 1334
1215 1335
1216 1336
1217 1337
1218 1338
1219 1339
1220 1340
1221 1341
1222 1342
1223 1343
1224 1344
1225 1345
1226 1346
1227 1347
1228 1348
1229 1349
1230 1350
1231 1351
1232 1352
1233 1353
1234 1354
1235 1355
1236 1356
1237 1357
1238 1358
1239 1359
1240 1360
1241 1361
1242 1362
1243 1363
1244 1364
1245 1365
1246 1366
1247 1367
1248 1368
1249 1369
1250 1370
1251 1371
1252 1372
1253 1373
1254 1374
1255 1375
1256 1376
1257 1377
1258 1378
1259 1379
1260 1380
1261 1381
1262 1382
1263 1383
1264 1384
1265 1385
1266 1386
1267 1387
1268 1388
1269 1389
1270 1390
1271 1391
1272 1392
1273 1393
1274 1394
1275 1395
1276 1396
1277 1397
1278 1398
1279 1399
1280 1400
1281 1401
1282 1402
1283 1403
1284 1404
1285 1405
1286 1406
1287 1407
1288 1408
1289 1409
1290 1410
1291 1411
1292 1412
1293 1413
1294 1414
1295 1415
1296 1416
1297 1417
1298 1418
1299 1419
1300 1420
1301 1421
1302 1422
1303 1423
1304 1424
1305 1425
1306 1426
1307 1427
1308 1428
1309 1429
1310 1430
1311 1431
1312 1432
1313 1433
1314 1434
1315 1435
1316 1436
1317 1437
1318 1438
1319 1439
1320 1440
1321 1441
1322 1442
1323 1443
1324 1444
1325 1445
1326 1446
1327 1447
1328 1448
1329 1449
1330 1450
1331 1451
1332 1452
1333 1453
1334 1454
1335 1455
1336 1456
1337 1457
1338 1458
1339 1459
1340 1460
1341 1461
1342 1462
1343 1463
1344 1464
1345 1465
1346 1466
1347 1467
1348 1468
1349 1469
1350 1470
1351 1471
1352 1472
1353 1473
1354 1474
1355 1475
1356 1476
1357 1477
1358 1478
1359 1479
1360 1480
1361 1481
1362 1482
1363 1483
1364 1484
1365 1485
1366 1486
1367 1487
1368 1488
1369 1489
1370 1490
1371 1491
1372 1492
1373 1493
1374 1494
1375 1495
1376 1496
1377 1497
1378 1498
1379 1499
1380 1500
1381 1501
1382 1502
1383 1503
1384 1504
1385 1505
1386 1506
1387 1507
1388 1508
1389 1509
1390 1510
1391 1511
1392 1512
1393 1513
1394 1514
1395 1515
1396 1516
1397 1517
1398 1518
1399 1519
1400 1520
1401 1521
1402 1522
1403 1523
1404 1524
1405 1525
1406 1526
1407 1527
1408 1528
1409 1529
1410 1530
1411 1531
1412 1532
1413 1533
1414 1534
1415 1535
1416 1536
1417 1537
1418 1538
1419 1539
1420 1540
1421 1541
1422 1542
1423 1543
1424 1544
1425 1545
1426 1546
1427 1547
1428 1548
1429 1549
1430 1550
1431 1551
1432 1552
1433 1553
1434 1554
1435 1555
1436 1556
1437 1557
1438 1558
1439 1559
1440 1560
1441 1561
1442 1562
1443 1563
1444 1564
1445 1565
1446 1566
1447 1567
1448 1568
1449 1569
1450 1570
1451 1571
1452 1572
1453 1573
1454 1574
1455 1575
1456 1576
1457 1577
1458 1578
1459 1579
1460 1580
1461 1581
1462 1582
1463 1583
1464 1584
1465 1585
1466 1586
1467 1587
1468 1588
1469 1589
1470 1590
1471 1591
1472 1592
1473 1593
1474 1594
1475 1595
1476 1596
1477 1597
1478 1598
1479 1599
1480 1600
1481 1601
1482 1602
1483 1603
1484 1604
1485 1605
1486 1606
1487 1607
1488 1608
1489 1609
1490 1610
1491 1611
1492 1612
1493 1613
1494 1614
1495 1615
1496 1616
1497 1617
1498 1618
1499 1619
1500 1620
1501 1621
1502 1622
1503 1623
1504 1624
1505 1625
1506 1626
1507 1627
1508 1628
1509 1629
1510 1630
1511 1631
1512 1632
1513 1633
1514 1634
1515 1635
1516 1636
1517 1637
1518 1638
1519 1639
1520 1640
1521 1641
1522 1642
1523 1643
1524 1644
1525 1645
1526 1646
1527 1647
1528 1648
1529 1649
1530 1650
1531 1651
1532 1652
1533 1653
1534 1654
1535 1655
1536 1656
1537 1657
1538 1658
1539 1659
1540 1660
1541 1661
1542 1662
1543 1663
1544 1664
1545 1665
1546 1666
1547 1667
1548 1668
1549 1669
1550 1670
1551 1671
1552 1672
1553 1673
1554 1674
1555 1675
1556 1676
1557 1677
1558 1678
1559 1679
1560 1680
1561 1681
1562 1682
1563 1683
1564 1684
1565 1685
1566 1686
1567 1687
1568 1688
1569 1689
1570 1690
1571 1691
1572 1692
1573 1693
1574 1694
1575 1695
1576 1696
1577 1697
1578 1698
1579 1699
1580 1700
1581 1701
1582 1702
1583 1703
1584 1704
1585 1705
1586 1706
1587 1707
1588 1708
1589 1709
1590 1710
1591 1711
1592 1712
1593 1713
1594 1714
1595 1715
1596 1716
1597 1717
1598 1718
1599 1719
1600 1720
1601 1721
1602 1722
1603 1723
1604 1724
1605 1725
1606 1726
1607 1727
1608 1728
1609 1729
1610 1730
1611 1731
1612 1732
1613 1733
1614 1734
1615 1735
1616 1736
1617 1737
1618 1738
1619 1739
1620 1740
1621 1741
1622 1742
1623 1743
1624 1744
1625 1745
1626 1746
1627 1747
1628 1748
1629 1749
1630 1750
1631 1751
1632 1752
1633 1753
1634 1754
1635 1755
1636 1756
1637 1757
1638 1758
1639 1759
1640 1760
1641 1761
1642 1762
1643 1763
1644 1764
1645 1765
1646 1766
1647 1767
1648 1768
1649 1769
1650 1770
1651 1771
1652 1772
1653 1773
1654 1774
1655 1775
1656 1776
1657 1777
1658 1778
1659 1779
1660 1780
1661 1781
1662 1782
1663 1783
1664 1784
1665 1785
1666 1786
1667 1787
1668 1788
1669 1789
1670 1790
1671 1791
1672 1792
1673 1793
1674 1794
1675 1795
1676 1796
1677 1797
1678 1798
1679 1799
1680 1800
1681 1801
1682 1802
1683 1803
1684 1804
1685 1805
1686 1806
1687 1807
1688 1808
1689 1809
1690 1810
1691 1811
1692 1812
1693 1813
1694 1814
1695 1815
1696 1816
1697 1817
1698 1818
1699 1819
1700 1820
1701 1821
1702 1822
1703 1823
1704 1824
1705 1825
1706 1826
1707 1827
1708 1828
1709 1829
1710 1830
1711 1831
1712 1832
1713 1833
1714 1834
1715 1835
1716 1836
1717 1837
1718 1838
1719 1839
1720 1840
1721 1841
1722 1842
1723 1843
1724 1844
1725 1845
1726 1846
1727 1847
1728 1848
1729 1849
1730 1850
1731 1851
1732 1852
1733 1853
1734 1854
1735 1855
1736 1856
1737 1857
1738 1858
1739 1859
1740 1860
1741 1861
1742 1862
1743 1863
1744 1864
1745 1865
1746 1866
1747 1867
1748 1868
1749 1869
1750 1870
1751 1871
1752 1872
1753 1873
1754 1874
1755 1875
1756 1876
1757 1877
1758 1878
1759 1879
1760 1880
1761 1881
1762 1882
1763 1883
1764 1884
1765 1885
1766 1886
1767 1887
1768 1888
1769 1889
1770 1890
1771 1891
1772 1892
1773 1893
1774 1894
1775 1895
1776 1896
1777 1897
1778 1898
1779 1899
1780 1900
1781 1901
1782 1902
1783 1903
1784 1904
1785 1905
1786 1906
1787 1907
1788 1908
1789 1909
1790 1910
1791 1911
1792 1912
1793 1913
1794 1914
1795 1915
1796 1916
1797 1917
1798 1918
1799 1919
1800 1920
1801 1921
1802 1922
1803 1923
1804 1924
1805 1925
1806 1926
1807 1927
1808 1928
1809 1929
1810 1930
1811 1931
1812 1932
1813 1933
1814 1934
1815 1935
1816 1936
1817 1937
1818 1938
1819 1939
1820 1940
1821 1941
1822 1942
1823 1943
1824 1944
1825 1945
1826 1946
1827 1947
1828 1948
1829 1949
1830 1950
1831 1951
1832 1952
1833 1953
1834 1954
1835 1955
1836 1956
1837 1957
1838 1958
1839 1959
1840 1960
1841 1961
1842 1962
1843 1963
1844 1964
1845 1965
1846 1966
1847 1967
1848 1968
1849 1969
1850 1970
1851 1971
1852 1972
1853 1973
1854 1974
1855 1975
1856 1976
1857 1977
1858 1978
1859 1979
1860 1980
1861 1981
1862 1982
1863 1983
1864 1984
1865 1985
1866 1986
1867 1987
1868 1988
1869 1989
1870 1990
1871 1991
1872 1992
1873 1993
1874 1994
1875 1995
1876 1996
1877 1997
1878 1998
1879 1999
1880 2000
1881 2001
1882 2002
1883 2003
1884 2004
1885 2005
1886 2006
1887 2007
1888 2008
1889 2009
1890 2010
1891 2011
1892 2012
1893 2013
1894 2014
1895 2015
1896 2016
1897 2017
1898 2018
1899 2019
1900 2020
1901 2021
1902 2022
1903 2023
1904 2024
1905 2025
1906 2026
1907 2027
1908 2028
1909 2029
1910 2030
1911 2031
1912 2032
1913 2033
1914 2034
1915 2035
1916 2036
1917 2037
1918 2038
1919 2039
1920 2040
1921 2041
1922 2042
1923 2043
1924 2044
1925 2045
1926 2046
1927 2047
1928 2048
1929 2049
1930 2050
1931 2051
1932 2052
1933 2053
1934 2054
1935 2055
1936 2056
1937 2057
1938 2058
1939 2059
1940 2060
1941 2061
1942 2062
1943 2063
1944 2064
1945 2065
1946 2066
1947 2067
1948 2068
1949 2069
1950 2070
1951 2071
1952 2072
1953 2073
1954 2074
1955 2075
1956 2076
1957 2077
1958 2078
1959 2079
1960 2080
1961 2081
1962 2082
1963 2083
1964 2084
1965 2085
1966 2086
1967 2087
1968 2088
1969 2089
1970 2090
1971 2091
1972 2092
1973 2093
1974 2094
1975 2095
1976 2096
1977 2097
1978 2098
1979 2099
1980 2100
1981 2101
1982 2102
1983 2103
1984 2104
1985 2105
1986 2106
1987 2107
1988 2108
1989 2109
1990 2110
1991 2111
1992 2112
1993 2113
1994 2114
1995 2115
1996 2116
1997 2117
1998 2118
1999 2119
2000 2120
2001 2121
2002 2122
2003 2123
2004 2124
2005 2125
2006 2126
2007 2127
2008 2128
2009 2129
2010 2130
2011 2131
2012 2132
2013 2133
2014 2134
2015 2135
2016 2136
2017 2137
2018 2138
2019 2139
2020 2140
2021 2141
2022 2142
2023 2143
2024 2144
2025 2145
2026 2146
2027 2147
2028 2148
2029 2149
2030 2150
2031 2151
2032 2152
2033 2153
2034 2154
2035 2155
2036 2156
2037 2157
2038 2158
2039 2159
2040 2160
2041 2161
2042 2162
2043 2163
2044 2164
2045 2165
2046 2166
2047 2167
2048 2168
2049 2169
2050 2170
2051 2171
2052 2172
2053 2173
2054 2174
2055 2175
2056 2176
2057 2177
2058 2178
2059 2179
2060 2180
2061 2181
2062 2182
2063 2183
2064 2184
2065 2185
2066 2186
2067 2187
2068 2188
2069 2189
2070 2190
2071 2191
2072 2192
2073 2193
2074 2194
2075 2195
2076 2196
2077 2197
2078 2198
2079 2199
2080 2200
2081 2201
2082 2202
2083 2203
2084 2204
2085 2205
2086 2206
2087 2207
2088 2208
2089 2209
2090 2210
2091 2211
2092 2212
2093 2213
2094 2214
2095 2215
2096 2216
2097 2217
2098 2218
2099 2219
2100 2220
2101 2221
2102 2222
2103 2223
2104 2224
2105 2225
2106 2226
2107 2227
2108 2228
2109 2229
2110 2230
2111 2231
2112 2232
2113 2233
2114 2234
2115 2235
2116 2236
2117 2237
2118 2238
2119 2239
2120 2240
2121 2241
2122 2242
2123 2243
2124 2244
2125 2245
2126 2246
2127 2247
2128 2248
2129 2249
2130 2250
2131 2251
2132 2252
2133 2253
2134 2254
2135 2255
2136 2256
2137 2257
2138 2258
2139 2259
2140 2260
2141 2261
2142 2262
2143 2263
2144 2264
2145 2265
2146 2266
2147 2267
2148 2268
2149 2269
2150 2270
2151 2271
2152 2272
2153 2273
2154 2274
2155 2275
2156 2276
2157 2277
2158 2278
2159 2279
2160 2280
2161 2281
2162 2282
2163 2283
2164 2284
2165 2285
2166 2286
2167 2287
2168 2288
2169 2289
2170 2290
2171 2291
2172 2292
2173 2293
2174 2294
2175 2295
2176 2296
2177 2297
2178 2298
2179 2299
2180 2300
2181 2301
2182 2302
2183 2303
2184 2304
2185 2305
2186 2306
2187 2307
2188 2308
2189 2309
2190 2310
2191 2311
2192 2312
2193 2313
2194 2314
2195 2315
2196 2316
2197 2317
2198 2318
2199 2319
2200 2320
2201 2321
2202 2322
2203 2323
2204 2324
2205 2325
2206 2326
2207 2327
2208 2328
2209 2329
2210 2330
2211 2331
2212 2332
2213 2333
2214 2334
2215 2335
2216 2336
2217 2337
2218 2338
2219 2339
2220 2340
2221 2341
2222 2342
2223 2343
2224 2344
2225 2345
2226 2346
2227 2347
2228 2348
2229 2349
2230 2350
2231 2351
2232 2352
2233 2353
2234 2354
2235 2355
2236 2356
2237 2357
2238 2358
2239 2359
2240 2360
2241 2361
2242 2362
2243 2363
2244 2364
2245 2365
2246 2366
2247 2367
2248 2368
2249 2369
2250 2370
2251 2371
2252 2372
2253 2373
2254 2374
2255 2375
2256 2376
2257 2377
2258 2378
2259 2379
2260 2380
2261 2381
2262 2382
2263 2383
2264 2384
2265 2385
2266 2386
2267 2387
2268 2388
2269 2389
2270 2390
2271 2391
2272 2392
2273 2393
2274 2394
2275 2395
2276 2396
2277 2397
2278 2398
2279 2399
2280 2400
2281 2401
2282 2402
2283 2403
2284 2404
2285 2405
2286 2406
2287 2407
2288 2408
2289 2409
2290 2410
2291 2411
2292 2412
2293 2413
2294 2414
2295 2415
2296 2416
2297 2417
2298 2418
2299 2419
2300 2420
2301 2421
2302 2422
2303 2423
2304 2424
2305 2425
2306 2426
2307 2427
2308 2428
2309 2429
2310 2430
2311 2431
2312 2432
2313 2433
2314 2434
2315 2435
2316 2436
2317 2437
2318 2438
2319 2439
2320 2440
2321 2441
2322 2442
2323 2443
2324 2444
2325 2445
2326 2446
2327 2447
2328 2448
2329 2449
2330 2450
2331 2451
2332 2452
2333 2453
2334 2454
2335 2455
2336 2456
2337 2457
2338 2458
2339 2459
2340 2460
2341 2461
2342 2462
2343 2463
2344 2464
2345 2465
2346 2466
2347 2467
2348 2468
2349 2469
2350 2470
2351 2471
2352 2472
2353 2473
2354 2474
2355 2475
2356 2476
2357 2477
2358 2478
2359 2479
2360 2480
2361 2481
2362 2482
2363 2483
2364 2484
2365 2485
2366 2486
2367 2487
2368 2488
2369 2489
2370 2490
2371 2491
2372 2492
2373 2493
2374 2494
2375 2495
2376 2496
2377 2497
2378 2498
2379 2499
2380 2500
2381 2501
2382 2502
2383 2503
2384 2504
2385 2505
2386 2506
2387 2507
2388 2508
2389 2509
2390 2510
2391 2511
2392 2512
2393 2513
2394 2514
2395 2515
2396 2516
2397 2517
2398 2518
2399 2519
2400 2520
2401 2521
2402 2522
2403 2523
2404 2524
2405 2525
2406 2526
2407 2527
2408 2528
2409 2529
2410 2530
2411 2531
2412 2532
2413 2533
2414 2534
2415 2535
2416 2536
2417 2537
2418 2538
2419 2539
2420 2540
2421 2541
2422 2542
2423 2543
2424 2544
2425 2545
2426 2546
2427 2547
2428 2548
2429 2549
2430 2550
2431 2551
2432 2552
2433 2553
2434 2554
2435 2555
2436 2556
2437 2557
2438 2558
2439 2559
2440 2560
2441 2561
2442 2562
2443 2563
2444 2564
2445 2565
2446 2566
2447 2567
2448 2568
2449 2569
2450 2570
2451 2571
2452 2572
2453 2573
2454 2574
2455 2575
2456 2576
2457 2577
2458 2578
2459 2579
2460 2580
2461 2581
2462 2582
2463 2583
2464 2584
2465 2585
2466 2586
2467 2587
2468 2588
2469 2589
2470 2590
2471 2591
2472 2592
2473 2593
2474 2594
2475 2595
2476 2596
2477 2597
2478 2598
2479 2599
2480 2600
2481 2601
2482 2602
2483 2603
2484 2604
2485 2605
2486 2606
2487 2607
2488 2608
2489 2609
2490 2610
2491 2611
2492 2612
2493 2613
2494 2614
2495 2615
2496 2616
2497 2617
2498 2618
2499 2619
2500 2620
2501 2621
2502 2622
2503 2623
2504 2624
2505 2625
2506 2626
2507 2627
2508 2628
2509 2629
2510 2630
2511 2631
2512 2632
2513 2633
2514 2634
2515 2635
2516 2636
2517 2637
2518 2638
2519 2639
2520 2640
2521 2641
2522 2642
2523 2643
2524 2644
2525 2645
2526 2646
2527 2647
2528 2648
2529 2649
2530 2650
2531 2651
2532 2652
2533 2653
2534 2654
2535 2655
2536 2656
2537 2657
2538 2658
2539 2659
2540 2660
2541 2661
2542 2662
2543 2663
2544 2664
2545 2665
2546 2666
2547 2667
2548 2668
2549 2669
2550 2670
2551 2671
2552 2672
2553 2673
2554 2674
2555 2675
2556 2676
2557 2677
2558 2678
2559 2679
2560 2680
2561 2681
2562 2682
2563 2683
2564 2684
2565 2685
2566 2686
2567 2687
2568 2688
2569 2689
2570 2690
2571 2691
2572 2692
2573 2693
2574 2694
2575 2695
2576 2696
2577 2697
2578 2698
2579 2699
2580 2700
2581 2701
2582 2702
2583 2703
2584 2704
2585 2705
2586 2706
2587 2707
2588 2708
2589 2709
2590 2710
2591 2711
2592 2712
2593 2713
2594 2714
2595 2715
2596 2716
2597 2717
2598 2718
2599 2719
2600 2720
2601 2721
2602 2722
2603 2723
2604 2724
2605 2725
2606 2726
2607 2727
2608 2728
2609 2729
2610 2730
2611 2731
2612 2732
2613 2733
2614 2734
2615 2735
2616 2736
2617 2737
2618 2738
2619 2739
2620 2740
2621 2741
2622 2742
2623 2743
2624 2744
2625 2745
2626 2746
2627 2747
2628 2748
2629 2749
2630 2750
2631 2751
2632 2752
2633 2753
2634 2754
2635 2755
2636 2756
2637 2757
2638 2758
2639 2759
2640 2760
2641 2761
2642 2762
2643 2763
2644 2764
2645 2765
2646 2766
2647 2767
2648 2768
2649 2769
2650 2770
2651 2771
2652 2772
2653 2773
2654 2774
2655 2775
2656 2776
2657 2777
2658 2778
2659 2779
2660 2780
2661 2781
2662 2782
2663 2783
2664 2784
2665 2785
2666 2786
2667 2787
2668 2788
2669 2789
2670 2790
2671 2791
2672 2792
2673 2793
2674 2794
2675 2795
2676 2796
2677 2797
2678 2798
2679 2799
2680 2800
2681 2801
2682 2802
2683 2803
2684 2804
2685 2805
2686 2806
2687 2807
2688 2808
2689 2809
2690 2810
2691 2811
2692 2812
2693 2813
2694 2814
2695 2815
2696 2816
2697 2817
2698 2818
2699 2819
2700 2820
2701 2821
2702 2822
2703 2823
2704 2824
2705 2825
2706 2826
2707 2827
2708 2828
2709 2829
2710 2830
2711 2831
2712 2832
2713 2833
2714 2834
2715 2835
2716 2836
2717 2837
2718 2838
2719 2839
2720 2840
2721 2841
2722 2842
2723 2843
2724 2844
2725 2845
2726 2846
2727 2847
2728 2848
2729 2849
2730 2850
2731 2851
2732 2852
2733 2853
2734 2854
2735 2855
2736 2856
2737 2857
2738 2858
2739 2859
2740 2860
2741 2861
2742 2862
2743 2863
2744 2864
2745 2865
2746 2866
2747 2867
2748 2868
2749 2869
2750 2870
2751 2871
2752 2872
2753 2873
2754 2874
2755 2875
2756 2876
2757 2877
2758 2878
2759 2879
2760 2880
2761 2881
2762 2882
2763 2883
2764 2884
2765 2885
2766 2886
2767 2887
2768 2888
2769 2889
2770 2890
2771 2891
2772 2892
2773 2893
2774 2894
2775 2895
2776 2896
2777 2897
2778 2898
2779 2899
2780 2900
2781 2901
2782 2902
2783 2903
2784 2904
2785 2905
2786 2906
2787 2907
2788 2908
2789 2909
2790 2910
2791 2911
2792 2912
2793 2913
2794 2914
2795 2915
2796 2916
2797 2917
2798 2918
2799 2919
2800 2920
2801 2921
2802 2922
2803 2923
2804 2924
2805 2925
2806 2926
2807 2927
2808 2928
2809 2929
2810 2930
2811 2931
2812 2932
2813 2933
2814 2934
2815 2935
2816 2936
2817 2937
2818 2938
2819 2939
2820 2940
2821 2941
2822 2942
2823 2943
2824 2944
2825 2945
2826 2946
2827 2947
2828 2948
2829 2949
2830 2950
2831 2951
2832 2952
2833 2953
2834 2954
2835 2955
2836 2956
2837 2957
2838 2958
2839 2959
2840 2960
2841 2961
2842 2962
2843 2963
2844 2964
2845 2965
2846 2966
2847 2967
2848 2968
2849 2969
2850 2970
2851 2971
2852 2972
2853 2973
2854 2974
2855 2975
2856 2976
2857 2977
2858 2978
2859 2979
2860 2980
2861 2981
2862 2982
2863 2983
2864 2984
2865 2985
2866 2986
2867 2987
2868 2988
2869 2989
2870 2990
2871 2991
2872 2992
2873 2993
2874 2994
2875 2995
2876 2996
2877 2997
2878 2998
2879 2999
2880 3000
2881 3001
2882 3002
2883 3003
2884 3004
2885 3005
2886 3006
2887 3007
2888 3008
2889 3009
2890 3010
2891 3011
2892 3012
2893 3013
2894 3014
2895 3015
2896 3016
2897 3017
2898 3018
2899 3019
2900 3020
2901 3021
2902 3022
2903 3023
2904 3024
2905 3025
2906 3026
2907 3027
2908 3028
2909 3029
2910 3030
2911 3031
2912 3032
2913 3033
2914 3034
2915 3035
2916 3036
2917 3037
2918 3038
2919 3039
2920 3040
2921 3041
2922 3042
2923 3043
2924 3044
2925 3045
2926 3046
2927 3047
2928 3048
2929 3049
2930 3050
2931 3051
2932 3052
2933 3053
2934 3054
2935 3055
2936 3056
2937 3057
2938 3058
2939 3059
2940 3060
2941 3061
2942 3062
2943 3063
2944 3064
2945 3065
2946 3066
2947 3067
2948 3068
2949 3069
2950 3070
2951 3071
2952 3072
2953 3073
2954 3074
2955 3075
2956 3076
2957 3077
2958 3078
2959 3079
2960 3080
2961 3081
2962 3082
2963 3083
2964 3084
2965 3085
2966 3086
2967 3087
2968 3088
2969 3089
2970 3090
2971 3091
2972 3092
2973 3093
2974 3094
2975 3095
2976 3096
2977 3097
2978 3098
2979 3099
2980 3100
2981 3101
2982 3102
2983 3103
2984 3104
2985 3105
2986 3106
2987 3107
2988 3108
2989 3109
2990 3110
2991 3111
2992 3112
2993 3113
2994 3114
2995 3115
2996 3116
2997 3117
2998 3118
2999 3119
3000 3120
3001 3121
3002 3122
3003 3123
3004 3124
3005 3125
3006 3126
3007 3127
3008 3128
3009 3129
3010 3130
3011 3131
3012 3132
3013 3133
3014 3134
3015 3135
3016 3136
3017 3137
3018 3138
3019 3139
3020 3140
3021 3141
3022 3142
3023 3143
3024 3144
3025 3145
3026 3146
3027 3147
3028 3148
3029 3149
3030 3150
3031 3151
3032 3152
3033 3153
3034 3154
3035 3155
3036 3156
3037 3157
3038 3158
3039 3159
3040 3160
3041 3161
3042 3162
3043 3163
3044 3164
3045 3165
3046 3166
3047 3167
3048 3168
3049 3169
3050 3170
3051 3171
3052 3172
3053 3173
3054 3174
3055 3175
3056 3176
3057 3177
3058 3178
3059 3179
3060 3180
3061 3181
3062 3182
3063 3183
3064 3184
3065 3185
3066 3186
3067 3187
3068 3188
3069 3189
3070 3190
3071 3191
3072 3192
3073 3193
3074 3194
3075 3195
3076 3196
3077 3197
3078 3198
3079 3199
3080 3200
3081 3201
3082 3202
3083 3203
3084 3204
3085 3205
3086 3206
3087 3207
3088 3208
3089 3209
3090 3210
3091 3211
3092 3212
3093 3213
3094 3214
3095 3215
3096 3216
3097 3217
3098 3218
3099 3219
3100 3220
3101 3221
3102 3222
3103 3223
3104 3224
3105 3225
3106 3226
3107 3227
3108 3228
3109 3229
3110 3230
3111 3231
3112 3232
3113 3233
3114 3234
3115 3235
3116 3236
3117 3237
3118 3238
3119 3239
3120 3240
3121 3241
3122 3242
3123 3243
3124 3244
3125 3245
3126 3246
3127 3247
3128 3248
3129 3249
3130 3250
3131 3251
3132 3252
3133 3253
3134 3254
3135 3255
3136 3256
3137 3257
3138 3258
3139 3259
3140 3260
3141 3261
3142 3262
3143 3263
3144 3264
3145 3265
3146 3266
3147 3267
3148 3268
3149 3269
3150 3270
3151 3271
3152 3272
3153 3273
3154 3274
3155 3275
3156 3276
3157 3277
3158 3278
3159 3279
3160 3280
3161 3281
3162 3282
3163 3283
3164 3284
3165 3285
3166 3286
3167 3287
3168 3288
3169 3289
3170 3290
3171 3291
3172 3292
3173 3293
3174 3294
3175 3295
3176 3296
3177 3297
3178 3298
3179 3299
3180 3300
3181 3301
3182 3302
3183 3303
3184 3304
3185 3305
3186 3306
3187 3307
3188 3308
3189 3309
3190 3310
3191 3311
3192 3312
3193 3313
3194 3314
3195 3315
3196 3316
3197 3317
3198 3318
3199 3319
3200 3320
3201 3321
3202 3322
3203 3323
3204 3324
3205 3325
3206 3326
3207 3327
3208 3328
3209 3329
3210 3330
3211 3331
3212 3332
3213 3333
3214 3334
3215 3335
3216 3336
3217 3337
3218 3338
3219 3339
3220 3340
3221 3341
3222 3342
3223 3343
3224 3344
3225 3345
3226 3346
3227 3347
3228 3348
3229 3349
3230 3350
3231 3351
3232 3352
3233 3353
3234 3354
3235 3355
3236 3356
3237 3357
3238 3358
3239 3359
3240 3360
3241 3361
3242 3362
3243 3363
3244 3364
3245 3365
3246 3366
3247 3367
3248 3368
3249 3369
3250 3370
3251 3371
3252 3372
3253 3373
3254 3374
3255 3375
3256 3376
3257 3377
3258 3378
3259 3379
3260 3380
3261 3381
3262 3382
3263 3383
3264 3384
3265 3385
3266 3386
3267 3387
3268 3388
3269 3389
3270 3390
3271 3391
3272 3392
3273 3393
3274 3394
3275 3395
3276 3396
3277 3397
3278 3398
3279 3399
3280 3400
3281 3401
3282 3402
3283 3403
3284 3404
3285 3405
3286 3406
3287 3407
3288 3408
3289 3409
3290 3410
3291 3411
3292 3412
3293 3413
3294 3414
3295 3415
3296 3416
3297 3417
3298 3418
3299 3419
3300 3420
3301 3421
3302 3422
3303 3423
3304 3424
3305 3425
3306 3426
3307 3427
3308 3428
3309 3429
3310 3430
3311 3431
3312 3432
3313 3433
3314 3434
3315 3435
3316 3436
3317 3437
3318 3438
3319 3439
3320 3440
3321 3441
3322 3442
3323 3443
3324 3444
3325 3445
3326 3446
3327 3447
3328 3448
3329 3449
3330 3450
3331 3451
3332 3452
3333 3453
3334 3454
3335 3455
3336 3456
3337 3457
3338 3458
3339 3459
3340 3460
3341 3461
3342 3462
3343 3463
3344 3464
3345 3465
3346 3466
3347 3467
3348 3468
3349 3469
3350 3470
3351 3471
3352 3472
3353 3473
3354 3474
3355 3475
3356 3476
3357 3477
3358 3478
3359 3479
3360 3480
3361 3481
3362 3482
3363 3483
3364 3484
3365 3485
3366 3486
3367 3487
3368 3488
3369 3489
3370 3490
3371 3491
3372 3492
3373 3493
3374 3494
3375 3495
3376 3496
3377 3497
3378 3498
3379 3499
3380 3500
3381 3501
3382 3502
3383 3503
3384 3504
3385 3505
3386 3506
3387 3507
3388 3508
3389 3509
3390 3510
3391 3511
3392 3512
3393 3513
3394 3514
3395 3515
3396 3516
3397 3517
3398 3518
3399 3519
3400 3520
3401 3521
3402 3522
3403 3523
3404 3524
3405 3525
3406 3526
3407 3527
3408 3528
3409 3529
3410 3530
3411 3531
3412 3532
3413 3533
3414 3534
3415 3535
3416 3536
3417 3537
3418 3538
3419 3539
3420 3540
3421 3541
3422 3542
3423 3543
3424 3544
3425 3545
3426 3546
3427 3547
3428 3548
3429 3549
3430 3550
3431 3551
3432 3552
3433 3553
3434 3554
3435 3555
3436 3556
3437 3557
3438 3558
3439 3559
3440 3560
3441 3561
3442 3562
3443 3563
3444 3564
3445 3565
3446 3566
3447 3567
3448 3568
3449 3569
3450 3570
3451 3571
3452 3572
3453 3573
3454 3574
3455 3575
3456 3576
3457 3577
3458 3578
3459 3579
3460 3580
3461 3581
3462 3582
3463 3583
3464 3584
3465 3585
3466 3586
3467 3587
3468 3588
3469 3589
3470 3590
3471 3591
3472 3592
3473 3593
3474 3594
3475 3595
3476 3596
3477 3597
3478 3598
3479 3599
3480 3600
3481 3601
3482 3602
3483 3603
3484 3604
3485 3605
3486 3606
3487 3607
3488 3608
3489 3609
3490 3610
3491 3611
3492 3612
3493 3613
3494 3614
3495 3615
3496 3616
3497 3617
3498 3618
3499 3619
3500 3620
3501 3621
3502 3622
3503 3623
3504 3624
3505 3625
3506 3626
3507 3627
3508 3628
3509 3629
3510 3630
3511 3631
3512 3632
3513 3633
3514 3634
3515 3635
3516 3636
3517 3637
3518 3638
3519 3639
3520 3640
3521 3641
3522 3642
3523 3643
3524 3644
3525 3645
3526 3646
3527 3647
3528 3648
3529 3649
3530 3650
3531 3651
3532 3652
3533 3653
3534 3654
3535 3655
3536 3656
3537 3657
3538 3658
3539 3659
3540 3660
3541 3661
3542 3662
3543 3663
3544 3664
3545 3665
3546 3666
3547 3667
3548 3668
3549 3669
3550 3670
3551 3671
3552 3672
3553 3673
3554 3674
3555 3675
3556 3676
3557 3677
3558 3678
3559 3679
3560 3680
3561 3681
3562 3682
3563 3683
3564 3684
3565 3685
3566 3686
3567 3687
3568 3688
3569 3689
3570 3690
3571 3691
3572 3692
3573 3693
3574 3694
3575 3695
3576 3696
3577 3697
3578 3698
3579 3699
3580 3700
3581 3701
3582 3702
3583 3703
3584 3704
3585 3705
3586 3706
3587 3707
3588 3708
3589 3709
3590 3710
3591 3711
3592 3712
3593 3713
3594 3714
3595 3715
3596 3716
3597 3717
3598 3718
3599 3719
3600 3720
3601 3721
3602 3722
3603 3723
3604 3724
3605 3725
3606 3726
3607 3727
3608 3728
3609 3729
3610 3730
3611 3731
3612 3732
3613 3733
3614 3734
3615 3735
3616 3736
3617 3737
3618 3738
3619 3739
3620 3740
3621 3741
3622 3742
3623 3743
3624 3744
3625 3745
3626 3746
3627 3747
3628 3748
3629 3749
3630 3750
3631 3751
3632 3752
3633 3753
3634 3754
3635 3755
3636 3756
3637 3757
3638 3758
3639 3759
3640 3760
3641 3761
3642 3762
3643 3763
3644 3764
3645 3765
3646 3766
3647 3767
3648 3768
3649 3769
3650 3770
3651 3771
3652 3772
3653 3773
3654 3774
3655 3775
3656 3776
3657 3777
3658 3778
3659 3779
3660 3780
3661 3781
3662 3782
3663 3783
3664 3784
3665 3785
3666 3786
3667 3787
3668 3788
3669 3789
3670 3790
3671 3791
3672 3792
3673 3793
3674 3794
3675 3795
3676 3796
3677 3797
3678 3798
3679 3799
3680 3800
3681 3801
3682 3802
3683 3803
3684 3804
3685 3805
3686 3806
3687 3807
3688 3808
3689 3809
3690 3810
3691 3811
3692 3812
3693 3813
3694 3814
3695 3815
3696 3816
3697 3817
3698 3818
3699 3819
3700 3820
3701 3821
3702 3822
3703 3823
3704 3824
3705 3825
3706 3826
3707 3827
3708 3828
3709 3829
3710 3830
3711 3831
3712 3832
3713 3833
3714 3834
3715 3835
3716 3836
3717 3837
3718 3838
3719 3839
3720 3840
3721 3841
3722 3842
3723 3843
3724 3844
3725 3845
3726 3846
3727 3847
3728 3848
3729 3849
3730 3850
3731 3851
3732 3852
3733 3853
3734 3854
3735 3855
3736 3856
3737 3857
3738 3858
3739 3859
3740 3860
3741 3861
3742 3862
3743 3863
3744 3864
3745 3865
3746 3866
3747 3867
3748 3868
3749 3869
3750 3870
3751 3871
3752 3872
3753 3873
3754 3874
3755 3875
3756 3876
3757 3877
3758 3878
3759 3879
3760 3880
3761 3881
3762 3882
3763 3883
3764 3884
3765 3885
3766 3886
3767 3887
3768 3888
3769 3889
3770 3890
3771 3891
3772 3892
3773 3893
3774 3894
3775 3895
3776 3896
3777 3897
3778 3898
3779 3899
3780 3900
3781 3901
3782 3902
3783 3903
3784 3904
3785 3905
3786 3906
3787 3907
3788 3908
3789 3909
3790 3910
3791 3911
3792 3912
3793 3913
3794 3914
3795 3915
3796 3916
3797 3917
3798 3918
3799 3919
3800 3920
3801 3921
3802 3922
3803 3923
3804 3924
3805 3925
3806 3926
3807 3927
3808 3928
3809 3929
3810 3930
3811 3931
3812 3932
3813 3933
3814 3934
3815 3935
3816 3936
3817 3937
3818 3938
3819 3939
3820 3940
3821 3941
3822 3942
3823 3943
3824 3944
3825 3945
3826 3946
3827 3947
3828 3948
3829 3949
3830 3950
3831 3951
3832 3952
3833 3953
3834 3954
3835 3955
3836 3956
3837 3957
3838 3958
3839 3959
3840 3960
3841 3961
3842 3962
3843 3963
3844 3964
3845 3965
3846 3966
3847 3967
3848 3968
3849 3969
3850 3970
3851 3971
3852 3972
3853 3973
3854 3974
3855 3975
3856 3976
3857 3977
3858 3978
3859 3979
3860 3980
3861 3981
3862 3982
3863 3983
3864 3984
3865 3985
3866 3986
3867 3987
3868 3988
3869 3989
3870 3990
3871 3991
3872 3992
3873 3993
3874 3994
3875 3995
3876 3996
3877 3997
3878 3998
3879 3999
3880 4000
3881 4001
3882 4002
3883 4003
3884 4004
3885 4005
3886 4006
3887 4007
3888 4008
3889 4009
3890 4010
3891 4011
3892 4012
3893 4013
3894 4014
3895 4015
3896 4016
3897 4017
3898 4018
3899 4019
3900 4020
3901 4021
3902 4022
3903 4023
3904 4024
3905 4025
3906 4026
3907 4027
3908 4028
3909 4029
3910 4030
3911 4031
3912 4032
3913 4033
3914 4034
3915 4035
3916 4036
3917 4037
3918 4038
3919 4039
3920 4040
3921 4041
3922 4042
3923 4043
3924 4044
3925 4045
3926 4046
3927 4047
3928 4048
3929 4049
3930 4050
3931 4051
3932 4052
3933 4053
3934 4054
3935 4055
3936 4056
3937 4057
3938 4058
3939 4059
3940 4060
3941 4061
3942 4062
3943 4063
3944 4064
3945 4065
3946 4066
3947 4067
3948 4068
3949 4069
3950 4070
3951 4071
3952 4072
3953 4073
3954 4074
3955 4075
3956 4076
3957 4077
3958 4078
3959 4079
3960 4080
3961 4081
3962 4082
3963 4083
3964 4084
3965 4085
3966 4086
3967 4087
3968 4088
3969 4089
3970 4090
3971 4091
3972 4092
3973 4093
3974 4094
3975 4095
3976 4096
3977 4097
3978 4098
3979 4099
3980 4100
3981 4101
3982 4102
3983 4103
3984 4104
3985 4105
3986 4106
3987 4107
3988 4108
3989 4109
3990 4110
3991 4111
3992 4112
3993 4113
3994 4114
3995 4115
3996 4116
3997 4117
3998 4118
3999 4119
4000 4120
4001 4121
4002 4122
4003 4123
4004 4124
4005 4125
4006 4126
4007 4127
4008 4128
4009 4129
4010 4130
4011 4131
4012 4132
4013 4133
4014 4134
4015 4135
4016 4136
4017 4137
4018 4138
4019 4139
4020 4140
4021 4141
4022 4142
4023 4143
4024 4144
4025 4145
4026 4146
4027 4147
4028 4148
4029 4149
4030 4150
4031 4151
4032 4152
4033 4153
4034 4154
4035 4155
4036 4156
4037 4157
4038 4158
4039 4159
4040 4160
4041 4161
4042 4162
4043 4163
4044 4164
4045 4165
4046 4166
4047 4167
4048 4168
4049 4169
4050 4170
4051 4171
4052 4172
4053 4173
4054 4174
4055 4175
4056 4176
4057 4177
4058 4178
4059 4179
4060 4180
4061 4181
4062 4182
4063 4183
4064 4184
4065 4185
4066 4186
4067 4187
4068 4188
4069 4189
4070 4190
4071 4191
4072 4192
4073 4193
4074 4194
4075 4195
4076 4196
4077 4197
4078 4198
4079 4199
4080 4200
4081 4201
4082 4202
4083 4203
4084 4204
4085 4205
4086 4206
4087 4207
4088 4208
4089 4209
4090 4210
4091 4211
4092 4212
4093 4213
4094 4214
4095 4215
4096 4216
4097 4217
4098 4218
4099 4219
4100 4220
4101 4221
4102 4222
4103 4223
4104 4224
4105 4225
4106 4226
4107 4227
4108 4228
4109 4229
4110 4230
4111 4231
4112 4232
4113 4233
4114 4234
4115 4235
4116 4236
4117 4237
4118 4238
4119 4239
4120 4240
4121 4241
4122 4242
4123 4243
4124 4244
4125 4245
4126 4246
4127 4247
4128 4248
4129 4249
4130 4250
4131 4251
4132 4252
4133 4253
4134 4254
4135 4255
4136 4256
4137 4257
4138 4258
4139 4259
4140 4260
4141 4261
4142 4262
4143 4263
4144 4264
4145 4265
4146 4266
4147 4267
4148 4268
4149 4269
4150 4270
4151 4271
4152 4272
4153 4273
4154 4274
4155 4275
4156 4276
4157 4277
4158 4278
4159 4279
4160 4280
4161 4281
4162 4282
4163 4283
4164 4284
4165 4285
4166 4286
4167 4287
4168 4288
4169 4289
4170 4290
4171 4291
4172 4292
4173 4293
4174 4294
4175 4295
4176 4296
4177 4297
4178 4298
4179 4299
4180 4300
4181 4301
4182 4302
4183 4303
4184 4304
4185 4305
4186 4306
4187 4307
4188 4308
4189 4309
4190 4310
4191 4311
4192 4312
4193 4313
4194 4314
4195 4315
4196 4316
4197 4317
4198 4318
4199 4319
4200 4320
4201 4321
4202 4322
4203 4323
4204 4324
4205 4325
4206 4326
4207 4327
4208 4328
4209 4329
4210 4330
4211 4331
4212 4332
4213 4333
4214 4334
4215 4335
4216 4336
4217 4337
4218 4338
4219 4339
4220 4340
4221 4341
4222 4342
4223 4343
4224 4344
4225 4345
4226 4346
4227 4347
4228 4348
4229 4349
4230 4350
4231 4351
4232 4352
4233 4353
4234 4354
4235 4355
4236 4356
4237 4357
4238 4358
4239 4359
4240 4360
4241 4361
4242 4362
4243 4363
4244 4364
4245 4365
4246 4366
4247 4367
4248 4368
4249 4369
4250 4370
4251 4371
4252 4372
4253 4373
4254 4374
4255 4375
4256 4376
4257 4377
4258 4378
4259 4379
4260 4380
4261 4381
4262 4382
4263 4383
4264 4384
4265 4385
4266 4386
4267 4387
4268 4388
4269 4389
4270 4390
4271 4391
4272 4392
4273 4393
4274 4394
4275 4395
4276 4396
4277 4397
4278 4398
4279 4399
4280 4400
4281 4401
4282 4402
4283 4403
4284 4404
4285 4405
4286 4406
4287 4407
4288 4408
4289 4409
4290 4410
4291 4411
4292 4412
4293 4413
4294 4414
4295 4415
4296 4416
4297 4417
4298 4418
4299 4419
4300 4420
4301 4421
4302 4422
4303 4423
4304 4424
4305 4425
4306 4426
4307 4427
4308 4428
4309 4429
4310 4430
4311 4431
4312 4432
4313 4433
4314 4434
4315 4435
4316 4436
4317 4437
4318 4438
4319 4439
4320 4440
4321 4441
4322 4442
4323 4443
4324 4444
4325 4445
4326 4446
4327 4447
4328 4448
4329 4449
4330 4450
4331 4451
4332 4452
4333 4453
4334 4454
4335 4455
4336 4456
4337 4457
4338 4458
4339 4459
4340 4460
4341 4461
4342 4462
4343 4463
4344 4464
4345 4465
4346 4466
4347 4467
4348 4468
4349 4469
4350 4470
4351 4471
4352 4472
4353 4473
4354 4474
4355 4475
4356 4476
4357 4477
4358 4478
4359 4479
4360 4480
4361 4481
4362 4482
4363 4483
4364 4484
4365 4485
4366 4486
4367 4487
4368 4488
4369 4489
4370 4490
4371 4491
4372 4492
4373 4493
4374 4494
4375 4495
4376 4496
4377 4497
4378 4498
4379 4499
4380 4500
4381 4501
4382 4502
4383 4503
4384 4504
4385 4505
4386 4506
4387 4507
4388 4508
4389 4509
4390 4510
4391 4511
4392 4512
4393 4513
4394 4514
4395 4515
4396 4516
4397 4517
4398 4518
4399 4519
4400 4520
4401 4521
4402 4522
4403 4523
4404 4524
4405 4525
4406 4526
4407 4527
4408 4528
4409 4529
4410 4530
4411 4531
4412 4532
4413 4533
4414 4534
4415 4535
4416 4536
4417 4537
4418 4538
4419 4539
4420 4540
4421 4541
4422 4542
4423 4543
4424 4544
4425 4545
4426 4546
4427 4547
4428 4548
4429 4549
4430 4550
4431 4551
4432 4552
4433 4553
4434 4554
4435 4555
4436 4556
4437 4557
4438 4558
4439 4559
4440 4560
4441 4561
4442 4562
4443 4563
4444 4564
4445 4565
4446 4566
4447 4567
4448 4568
4449 4569
4450 4570
4451 4571
4452 4572
4453 4573
4454 4574
4455 4575
4456 4576
4457 4577
4458 4578
4459 4579
4460 4580
4461 4581
4462 4582
4463 4583
4464 4584
4465 4585
4466 4586
4467 4587
4468 4588
4469 4589
4470 4590
4471 4591
4472 4592
4473 4593
4474 4594
4475 4595
4476 4596
4477 4597
4478 4598
4479 4599
4480 4600
4481 4601
4482 4602
4483 4603
4484 4604
4485 4605
4486 4606
4487 4607
4488 4608
4489 4609
4490 4610
4491 4611
4492 4612
4493 4613
4494 4614
4495 4615
4496 4616
4497 4617
4498 4618
4499 4619
4500 4620
4501 4621
4502 4622
4503 4623
4504 4624
4505 4625
4506 4626
4507 4627
4508 4628
4509 4629
4510 4630
4511 4631
4512 4632
4513 4633
4514 4634
4515 4635
4516 4636
4517 4637
4518 4638
4519 4639
4520 4640
4521 4641
4522 4642
4523 4643
4524 4644
4525 4645
4526 4646
4527 4647
4528 4648
4529 4649
4530 4650
4531 4651
4532 4652
4533 4653
4534 4654
4535 4655
4536 4656
4537 4657
4538 4658
4539 4659
4540 4660
4541 4661
4542 4662
4543 4663
4544 4664
4545 4665
4546 4666
4547 4667
4548 4668
4549 4669
4550 4670
4551 4671
4552 4672
4553 4673
4554 4674
4555 4675
4556 4676
4557 4677
4558 4678
4559 4679
4560 4680
4561 4681
4562 4682
4563 4683
4564 4684
4565 4685
4566 4686
4567 4687
4568 4688
4569 4689
4570 4690
4571 4691
4572 4692
4573 4693
4574 4694
4575 4695
4576 4696
4577 4697
4578 4698
4579 4699
4580 4700
4581 4701
4582 4702
4583 4703
4584 4704
4585 4705
4586 4706
4587 4707
4588 4708
4589 4709
4590 4710
4591 4711
4592 4712
4593 4713
4594 4714
4595 4715
4596 4716
4597 4717
4598 4718
4599 4719
4600 4720
4601 4721
4602 4722
4603 4723
4604 4724
4605 4725
4606 4726
4607 4727
4608 4728
4609 4729
4610 4730
4611 4731
4612 4732
4613 4733
4614 4734
4615 4735
4616 4736
4617 4737
4618 4738
4619 4739
4620 4740
4621 4741
4622 4742
4623 4743
4624 4744
4625 4745
4626 4746
4627 4747
4628 4748
4629 4749
4630 4750
4631 4751
4632 4752
4633 4753
4634 4754
4635 4755
4636 4756
4637 4757
4638 4758
4639 4759
4640 4760
4641 4761
4642 4762
4643 4763
4644 4764
4645 4765
4646 4766
4647 4767
4648 4768
4649 4769
4650 4770
4651 4771
4652 4772
4653 4773
4654 4774
4655 4775
4656 4776
4657 4777
4658 4778
4659 4779
4660 4780
4661 4781
4662 4782
4663 4783
4664 4784
4665 4785
4666 4786
4667 4787
4668 4788
4669 4789
4670 4790
4671 4791
4672 4792
4673 4793
4674 4794
4675 4795
4676 4796
4677 4797
4678 4798
4679 4799
4680 4800
4681 4801
4682 4802
4683 4803
4684 4804
4685 4805
4686 4806
4687 4807
4688 4808
4689 4809
4690 4810
4691 4811
4692 4812
4693 4813
4694 4814
4695 4815
4696 4816
4697 4817
4698 4818
4699 4819
4700 4820
4701 4821
4702 4822
4703 4823
4704 4824
4705 4825
4706 4826
4707 4827
4708 4828
4709 4829
4710 4830
4711 4831
4712 4832
4713 4833
4714 4834
4715 4835
4716 4836
4717 4837
4718 4838
4719 4839
4720 4840
4721 4841
4722 4842
4723 4843
4724 4844
4725 4845
4726 4846
4727 4847
4728 4848
4729 4849
4730 4850
4731 4851
4732 4852
4733 4853
4734 4854
4735 4855
4736 4856
4737 4857
4738 4858
4739 4859
4740 4860
4741 4861
4742 4862
4743 4863
4744 4864
4745 4865
4746 4866
4747 4867
4748 4868
4749 4869
4750 4870
4751 4871
4752 4872
4753 4873
4754 4874
4755 4875
4756 4876
4757 4877
4758 4878
4759 4879
4760 4880
4761 4881
4762 4882
4763 4883
4764 4884
4765 4885
4766 4886
4767 4887
4768 4888
4769 4889
4770 4890
4771 4891
4772 4892
4773 4893
4774 4894
4775 4895
4776 4896
4777 4897
4778 4898
4779 4899
4780 4900
4781 4901
4782 4902
4783 4903
4784 4904
4785 4905
4786 4906
4787 4907
4788 4908
4789 4909
4790 4910
4791 4911
4792 4912
4793 4913
4794 4914
4795 4915
4796 4916
4797 4917
4798 4918
4799 4919
4800 4920
4801 4921
4802 4922
4803 4923
4804 4924
4805 4925
4806 4926
4807 4927
4808 4928
4809 4929
4810 4930
4811 4931
4812 4932
4813 4933
4814 4934
4815 4935
4816 4936
4817 4937
4818 4938
4819 4939
4820 4940
4821 4941
4822 4942
4823 4943
4824 4944
4825 4945
4826 4946
4827 4947
4828 4948
4829 4949
4830 4950
4831 4951
4832 4952
4833 4953
4834 4954
4835 4955
4836 4956
4837 4957
4838 4958
4839 4959
4840 4960
4841 4961
4842 4962
4843 4963
4844 4964
4845 4965
4846 4966
4847 4967
4848 4968
4849 4969
4850 4970
4851 4971
4852 4972
4853 4973
4854 4974
4855 4975
4856 4976
4857 4977
4858 4978
4859 4979
4860 4980
4861 4981
4862 4982
4863 4983
4864 4984
4865 4985
4866 4986
4867 4987
4868 4988
4869 4989
4870 4990
4871 4991
4872 4992
4873 4993
4874 4994
4875 4995
4876 4996
4877 4997
4878 4998
4879 4999
4880 5000
4881 5001
4882 5002
4883 5003
4884 5004
4885 5005
4886 5006
4887 5007
4888 5008
4889 5009
4890 5010
4891 5011
4892 5012
4893 5013
4894 5014
4895 5015
4896 5016
4897 5017
4898 5018
4899 5019
4900 5020
4901 5021
4902 5022
4903 5023
4904 5024
4905 5025
4906 5026
4907 5027
4908 5028
4909 5029
4910 5030
4911 5031
4912 5032
4913 5033
4914 5034
4915 5035
4916 5036
4917 5037
4918 5038
4919 5039
4920 5040
4921 5041
4922 5042
4923 5043
4924 5044
4925 5045
4926 5046
4927 5047
4928 5048
4929 5049
4930 5050
4931 5051
4932 5052
4933 5053
4934 5054
4935 5055
4936 5056
4937 5057
4938 5058
4939 5059
4940 5060
4941 5061
4942 5062
4943 5063
4944 5064
4945 5065
4946 5066
4947 5067
4948 5068
4949 5069
4950 5070
4951 5071
4952 5072
4953 5073
4954 5074
4955 5075
4956 5076
4957 5077
4958 5078
4959 5079
4960 5080
4961 5081
4962 5082
4963 5083
4964 5084
4965 5085
4966 5086
4967 5087
4968 5088
4969 5089
4970 5090
4971 5091
4972 5092
4973 5093
4974 5094
4975 5095
4976 5096
4977 5097
4978 5098
4979 5099
4980 5100
4981 5101
4982 5102
4983 5103
4984 5104
4985 5105
4986 5106
4987 5107
4988 5108
4989 5109
4990 5110
4991 5111
4992 5112
4993 5113
4994 5114
4995 5115
4996 5116
4997 5117
4998 5118
4999 5119
5000 5120
5001 5121
5002 5122
5003 5123
5004 5124
5005 5125
5006 5126
5007 5127
5008 5128
5009 5129
5010 5130
5011 5131
5012 5132
5013 5133
5014 5134
5015 5135
5016 5136
5017 5137
5018 5138
5019 5139
5020 5140
5021 5141
5022 5142
5023 5143
5024 5144
5025 5145
5026 5146
5027 5147
5028 5148
5029 5149
5030 5150
5031 5151
5032 5152
5033 5153
5034 5154
5035 5155
5036 5156
5037 5157
5038 5158
5039 5159
5040 5160
5041 5161
5042 5162
5043 5163
5044 5164
5045 5165
5046 5166
5047 5167
5048 5168
5049 5169
5050 5170
5051 5171
5052 5172
5053 5173
5054 5174
5055 5175
5056 5176
5057 5177
5058 5178
5059 5179
5060 5180
5061 5181
5062 5182
5063 5183
5064 5184
5065 5185
5066 5186
5067 5187
5068 5188
5069 5189
5070 5190
5071 5191
5072 5192
5073 5193
5074 5194
5075 5195
5076 5196
5077 5197
5078 5198
5079 5199
5080 5200
5081 5201
5082 5202
5083 5203
5084 5204
5085 5205
5086 5206
5087 5207
5088 5208
5089 5209
5090 5210
5091 5211
5092 5212
5093 5213
5094 5214
5095 5215
5096 5216
5097 5217
5098 5218
5099 5219
5100 5220
5101 5221
5102 5222
5103 5223
5104 5224
5105 5225
5106 5226
5107 5227
5108 5228
5109 5229
5110 5230
5111 5231
5112 5232
5113 5233
5114 5234
5115 5235
5116 5236
5117 5237
5118 5238
5119 5239
5120 5240
5121 5241
5122 5242
5123 5243
5124 5244
5125 5245
5126 5246
5127 5247
5128 5248
5129 5249
5130 5250
5131 5251
5132 5252
5133 5253
5134 5254
5135 5255
5136 5256
5137 5257
5138 5258
5139 5259
5140 5260
5141 5261
5142 5262
5143 5263
5144 5264
5145 5265
5146 5266
5147 5267
5148 5268
5149 5269
5150 5270
5151 5271
5152 5272
5153 5273
5154 5274
5155 5275
5156 5276
5157 5277
5158 5278
5159 5279
5160 5280
5161 5281
5162 5282
5163 5283
5164 5284
5165 5285
5166 5286
5167 5287
5168 5288
5169 5289
5170 5290
5171 5291
5172 5292
5173 5293
5174 5294
5175 5295
5176 5296
5177 5297
5178 5298
5179 5299
5180 5300
5181 5301
5182 5302
5183 5303
5184 5304
5185 5305
5186 5306
5187 5307
5188 5308
5189 5309
5190 5310
5191 5311
5192 5312
5193 5313
5194 5314
5195 5315
5196 5316
5197 5317
5198 5318
5199 5319
5200 5320
5201 5321
5202 5322
5203 5323
5204 5324
5205 5325
5206 5326
5207 5327
5208 5328
5209 5329
5210 5330
5211 5331
5212 5332
5213 5333
5214 5334
5215 5335
5216 5336
5217 5337
5218 5338
5219 5339
5220 5340
5221 5341
5222 5342
5223 5343
5224 5344
5225 5345
5226 5346
5227 5347
5228 5348
5229 5349
5230 5350
5231 5351
5232 5352
5233 5353
5234 5354
5235 5355
5236 5356
5237 5357
5238 5358
5239 5359
5240 5360
5241 5361
5242 5362
5243 5363
5244 5364
5245 5365
5246 5366
5247 5367
5248 5368
5249 5369
5250 5370
5251 5371
5252 5372
5253 5373
5254 5374
5255 5375
5256 5376
5257 5377
5258 5378
5259 5379
5260 5380
5261 5381
5262 5382
5263 5383
5264 5384
5265 5385
5266 5386
5267 5387
5268 5388
5269 5389
5270 5390
5271 5391
5272 5392
5273 5393
5274 5394
5275 5395
5276 5396
5277 5397
5278 5398
5279 5399
5280 5400
5281 5401
5282 5402
5283 5403
5284 5404
5285 5405
5286 5406
5287 5407
5288 5408
5289 5409
5290 5410
5291 5411
5292 5412
5293 5413
5294 5414
5295 5415
5296 5416
5297 5417
5298 5418
5299 5419
5300 5420
5301 5421
5302 5422
5303 5423
5304 5424
5305 5425
5306 5426
5307 5427
5308 5428
5309 5429
5310 5430
5311 5431
5312 5432
5313 5433
5314 5434
5315 5435
5316 5436
5317 5437
5318 5438
5319 5439
5320 5440
5321 5441
5322 5442
5323 5443
5324 5444
5325 5445
5326 5446
5327 5447
5328 5448
5329 5449
5330 5450
5331 5451
5332 5452
5333 5453
5334 5454
5335 5455
5336 5456
5337 5457
5338 5458
5339 5459
5340 5460
5341 5461
5342 5462
5343 5463
5344 5464
5345 5465
5346 5466
5347 5467
5348 5468
5349 5469
5350 5470
5351 5471
5352 5472
5353 5473
5354 5474
5355 5475
5356 5476
5357 5477
5358 5478
5359 5479
5360 5480
5361 5481
5362 5482
5363 5483
5364 5484
5365 5485
5366 5486
5367 5487
5368 5488
5369 5489
5370 5490
5371 5491
5372 5492
5373 5493
5374 5494
5375 5495
5376 5496
5377 5497
5378 5498
5379 5499
5380 5500
5381 5501
5382 5502
5383 5503
5384 5504
5385 5505
5386 5506
5387 5507
5388 5508
5389 5509
5390 5510
5391 5511
5392 5512
5393 5513
5394 5514
5395 5515
5396 5516
5397 5517
5398 5518
5399 5519
5400 5520
5401 5521
5402 5522
5403 5523
5404 5524
5405 5525
5406 5526
5407 5527
5408 5528
5409 5529
5410 5530
5411 5531
5412 5532
5413 5533
5414 5534
5415 5535
5416 5536
5417 5537
5418 5538
5419 5539
5420 5540
5421 5541
5422 5542
5423 5543
5424 5544
5425 5545
5426 5546
5427 5547
5428 5548
5429 5549
5430 5550
5431 5551
5432 5552
5433 5553
5434 5554
5435 5555
5436 5556
5437 5557
5438 5558
5439 5559
5440 5560
5441 5561
5442 5562
5443 5563
5444 5564
5445 5565
5446 5566
5447 5567
5448 5568
5449 5569
5450 5570
5451 5571
5452 5572
5453 5573
5454 5574
5455 5575
5456 5576
5457 5577
5458 5578
5459 5579
5460 5580
5461 5581
5462 5582
5463 5583
5464 5584
5465 5585
5466 5586
5467 5587
5468 5588
5469 5589
5470 5590
5471 5591
5472 5592
5473 5593
5474 5594
5475 5595
5476 5596
5477 5597
5478 5598
5479 5599
5480 5600
5481 5601
5482 5602
5483 5603
5484 5604
5485 5605
5486 5606
5487 5607
5488 5608
5489 5609
5490 5610
5491 5611
5492 5612
5493 5613
5494 5614
5495 5615
5496 5616
5497 5617
5498 5618
5499 5619
5500 5620
5501 5621
5502 5622
5503 5623
5504 5624
5505 5625
5506 5626
5507 5627
5508 5628
5509 5629
5510 5630
5511 5631
5512 5632
5513 5633
5514 5634
5515 5635
5516 5636
5517 5637
5518 5638
5519 5639
5520 5640
5521 5641
5522 5642
5523 5643
5524 5644
5525 5645
5526 5646
5527 5647
5528 5648
5529 5649
5530 5650
5531 5651
5532 5652
5533 5653
5534 5654
5535 5655
5536 5656
5537 5657
5538 5658
5539 5659
5540 5660
5541 5661
5542 5662
5543 5663
5544 5664
5545 5665
5546 5666
5547 5667
5548 5668
5549 5669
5550 5670
5551 5671
5552 5672
5553 5673
5554 5674
5555 5675
5556 5676
5557 5677
5558 5678
5559 5679
5560 5680
5561 5681
5562 5682
5563 5683
5564 5684
5565 5685
5566 5686
5567 5687
5568 5688
5569 5689
5570 5690
5571 5691
5572 5692
5573 5693
5574 5694
5575 5695
5576 5696
5577 5697
5578 5698
5579 5699
5580 5700
5581 5701
5582 5702
5583 5703
5584 5704
5585 5705
5586 5706
5587 5707
5588 5708
5589 5709
5590 5710
5591 5711
5592 5712
5593 5713
5594 5714
5595 5715
5596 5716
5597 5717
5598 5718
5599 5719
5600 5720
5601 5721
5602 5722
5603 5723
5604 5724
5605 5725
5606 5726
5607 5727
5608 5728
5609 5729
5610 5730
5611 5731
5612 5732
5613 5733
5614 5734
5615 5735
5616 5736
5617 5737
5618 5738
5619 5739
5620 5740
5621 5741
5622 5742
5623 5743
5624 5744
5625 5745
5626 5746
5627 5747
5628 5748
5629 5749
5630 5750
5631 5751
5632 5752
5633 5753
5634 5754
5635 5755
5636 5756
5637 5757
5638 5758
5639 5759
5640 5760
5641 5761
5642 5762
5643 5763
5644 5764
5645 5765
5646 5766
5647 5767
5648 5768
5649 5769
5650 5770
5651 5771
5652 5772
5653 5773
5654 5774
5655 5775
5656 5776
5657 5777
5658 5778
5659 5779
5660 5780
5661 5781
5662 5782
5663 5783
5664 5784
5665 5785
5666 5786
5667 5787
5668 5788
5669 5789
5670 5790
5671 5791
5672 5792
5673 5793
5674 5794
5675 5795
5676 5796
5677 5797
5678 5798
5679 5799
5680 5800
5681 5801
5682 5802
5683 5803
5684 5804
5685 5805
5686 5806
5687 5807
5688 5808
5689 5809
5690 5810
5691 5811
5692 5812
5693 5813
5694 5814
5695 5815
5696 5816
5697 5817
5698 5818
5699 5819
5700 5820
5701 5821
5702 5822
5703 5823
5704 5824
5705 5825
5706 5826
5707 5827
5708 5828
5709 5829
5710 5830
5711 5831
5712 5832
5713 5833
5714 5834
5715 5835
5716 5836
5717 5837
5718 5838
5719 5839
5720 5840
5721 5841
5722 5842
5723 5843
5724 5844
5725 5845
5726 5846
5727 5847
5728 5848
5729 5849
5730 5850
5731 5851
5732 5852
5733 5853
5734 5854
5735 5855
5736 5856
5737 5857
5738 5858
5739 5859
5740 5860
5741 5861
5742 5862
5743 5863
5744 5864
5745 5865
5746 5866
5747 5867
5748 5868
5749 5869
5750 5870
5751 5871
5752 5872
5753 5873
5754 5874
5755 5875
5756 5876
5757 5877
5758 5878
5759 5879
5760 5880
5761 5881
5762 5882
5763 5883
5764 5884
5765 5885
5766 5886
5767 5887
5768 5888
5769 5889
5770 5890
5771 5891
5772 5892
5773 5893
5774 5894
5775 5895
5776 5896
5777 5897
5778 5898
5779 5899
5780 5900
5781 5901
5782 5902
5783 5903
5784 5904
5785 5905
5786 5906
5787 5907
5788 5908
5789 5909
5790 5910
5791 5911
5792 5912
5793 5913
5794 5914
5795 5915
5796 5916
5797 5917
5798 5918
5799 5919
5800 5920
5801 5921
5802 5922
5803 5923
5804 5924
5805 5925
5806 5926
5807 5927
5808 5928
5809 5929
5810 5930
5811 5931
5812 5932
5813 5933
5814 5934
5815 5935
5816 5936
5817 5937
5818 5938
5819 5939
5820 5940
5821 5941
5822 5942
5823 5943
5824 5944
5825 5945
5826 5946
5827 5947
5828 5948
5829 5949
5830 5950
5831 5951
5832 5952
5833 5953
5834 5954
5835 5955
5836 5956
5837 5957
5838 5958
5839 5959
5840 5960
5841 5961
5842 5962
5843 5963
5844 5964
5845 5965
5846 5966
5847 5967
5848 5968
5849 5969
5850 5970
5851 5971
5852 5972
5853 5973
5854 5974
5855 5975
5856 5976
5857 5977
5858 5978
5859 5979
5860 5980
5861 5981
5862 5982
5863 5983
5864 5984
5865 5985
5866 5986
5867 5987
5868 5988
5869 5989
5870 5990
5871 5991
5872 5992
5873 5993
5874 5994
5875 5995
5876 5996
5877 5997
5878 5998
5879 5999
